ID,group,Age,Sex,ethnicity,occupation,income,education,envAttitude_pre,envSelfEfficacy_pre,envMotivation_pre,envAttitude_post,envSelfEfficacy_post,envMotivation_post,nudge_acceptance_post,nudge_reactance_post,nudge_fatigue_post,eco_choices_day1,eco_choices_day2,eco_choices_day3,eco_choices_day4,eco_choices_day5,eco_choices_day6,eco_choices_day7,eco_choices_day8,eco_choices_day9,eco_choices_day10,eco_choices_day11,eco_choices_day12,eco_choices_day13,eco_choices_day14,daily_donation_cents_day1,daily_donation_cents_day2,daily_donation_cents_day3,daily_donation_cents_day4,daily_donation_cents_day5,daily_donation_cents_day6,daily_donation_cents_day7,daily_donation_cents_day8,daily_donation_cents_day9,daily_donation_cents_day10,daily_donation_cents_day11,daily_donation_cents_day12,daily_donation_cents_day13,daily_donation_cents_day14,n_trials_day1,n_trials_day2,n_trials_day3,n_trials_day4,n_trials_day5,n_trials_day6,n_trials_day7,n_trials_day8,n_trials_day9,n_trials_day10,n_trials_day11,n_trials_day12,n_trials_day13,n_trials_day14,eco_share_day1,eco_share_day2,eco_share_day3,eco_share_day4,eco_share_day5,eco_share_day6,eco_share_day7,eco_share_day8,eco_share_day9,eco_share_day10,eco_share_day11,eco_share_day12,eco_share_day13,eco_share_day14,information_nudge_rt_ms_day1,information_nudge_rt_ms_day2,information_nudge_rt_ms_day3,information_nudge_rt_ms_day4,information_nudge_rt_ms_day5,information_nudge_rt_ms_day6,information_nudge_rt_ms_day7,information_nudge_rt_ms_day8,information_nudge_rt_ms_day9,information_nudge_rt_ms_day10,information_nudge_rt_ms_day11,information_nudge_rt_ms_day12,information_nudge_rt_ms_day13,information_nudge_rt_ms_day14,assistant_commitment_rt_ms_day1,assistant_commitment_rt_ms_day2,assistant_commitment_rt_ms_day3,assistant_commitment_rt_ms_day4,assistant_commitment_rt_ms_day5,assistant_commitment_rt_ms_day6,assistant_commitment_rt_ms_day7,assistant_commitment_rt_ms_day8,assistant_commitment_rt_ms_day9,assistant_commitment_rt_ms_day10,assistant_commitment_rt_ms_day11,assistant_commitment_rt_ms_day12,assistant_commitment_rt_ms_day13,assistant_commitment_rt_ms_day14
KXHpsZEe,information_medium,31,Female,Asian,Government/Public sector,"20,001-30,000",Bachelor,4,4,4,NA,NA,NA,NA,NA,NA,2,1,1,2,NA,2,2,3,2,3,2,NA,2,3,3,3,1,5,NA,4,4,9,5,14,4,NA,3,8,3,3,3,3,NA,3,3,3,3,3,3,NA,3,3,0.666666666666667,0.333333333333333,0.333333333333333,0.666666666666667,NA,0.666666666666667,0.666666666666667,1,0.666666666666667,1,0.666666666666667,NA,0.666666666666667,1,45665,NA,NA,20188,NA,NA,2300,NA,NA,2862,NA,NA,5106,NA,NA,NA,NA,NA,NA,NA,NA,NA,NA,NA,NA,NA,NA,NA
XIcebWOg,information_low,51,Male,Other,Private sector,"30,001-40,000",Bachelor,3.933,3,-2,3.73333333333333,4,-0.5,4,2,1,3,2,3,3,3,3,3,3,3,3,3,2,2,2,9,3,10,7,7,7,10,6,11,8,11,9,11,8,3,3,3,3,3,3,3,3,3,3,3,3,3,3,1,0.666666666666667,1,1,1,1,1,1,1,1,1,0.666666666666667,0.666666666666667,0.666666666666667,10193,NA,NA,NA,NA,NA,NA,NA,NA,NA,NA,NA,NA,NA,NA,NA,NA,NA,NA,NA,NA,NA,NA,NA,NA,NA,NA,NA
nanNBAxO,information_high,37,Female,Mixed,Private sector,"40,001-60,000",Bachelor,4,4,12.5,NA,NA,NA,NA,NA,NA,3,2,2,NA,2,2,2,2,2,2,2,2,2,2,2,2,4,NA,8,4,5,5,5,5,5,4,6,5,3,3,3,NA,3,3,3,3,3,3,3,3,3,3,1,0.666666666666667,0.666666666666667,NA,0.666666666666667,0.666666666666667,0.666666666666667,0.666666666666667,0.666666666666667,0.666666666666667,0.666666666666667,0.666666666666667,0.666666666666667,0.666666666666667,16762,17671,16286,NA,12561,44039,54355,2445,10205,2070,2556,25045,10721,14562,NA,NA,NA,NA,NA,NA,NA,NA,NA,NA,NA,NA,NA,NA
SGrfBMtb,assistant_medium,37,Male,Asian,Private sector,">60,000",Bachelor,3.4,4,2,4,4,3,3,3,3,1,3,1,0,0,0,0,0,0,0,0,1,0,1,2,8,0,0,0,0,0,0,0,0,0,0,0,0,3,3,3,3,3,3,3,3,3,3,3,3,3,3,0.333333333333333,1,0.333333333333333,0,0,0,0,0,0,0,0,0.333333333333333,0,0.333333333333333,NA,NA,NA,NA,NA,NA,NA,NA,NA,NA,NA,NA,NA,NA,6027,NA,NA,9929,NA,NA,6839,NA,NA,7785,NA,NA,5711,NA
UkUBPBnt,information_high,31,Male,White,Private sector,"10,001-20,000",Bachelor,3.2,4,-3,3.4,4,-2,5,6,5,2,0,0,0,0,0,0,0,0,0,0,0,0,0,4,0,0,0,0,0,0,0,0,0,0,0,0,0,3,3,3,3,3,3,3,3,3,3,3,3,3,3,0.666666666666667,0,0,0,0,0,0,0,0,0,0,0,0,0,49441,6989,3553,13204,3241,2689,2277,2363,2608,2913,2346,2428,2535,2584,NA,NA,NA,NA,NA,NA,NA,NA,NA,NA,NA,NA,NA,NA
IpRZrKzd,assistant_high,39,Male,White,Other,"<10,000",Senior high,3.733,5,10.5,4.33333333333333,5,14,4,3,3,0,2,0,2,0,1,0,3,0,2,0,2,0,2,0,6,0,8,0,4,0,9,0,9,0,9,0,9,3,3,3,3,3,3,3,3,3,3,3,3,3,3,0,0.666666666666667,0,0.666666666666667,0,0.333333333333333,0,1,0,0.666666666666667,0,0.666666666666667,0,0.666666666666667,NA,NA,NA,NA,NA,NA,NA,NA,NA,NA,NA,NA,NA,NA,15702,5336,3688,4172,3372,2967,3867,3308,2292,3433,3644,4696,4091,2896
bHxSWFgN,control,42,Female,White,Private sector,"10,001-20,000",Senior high,4.6,5,7.5,NA,NA,NA,NA,NA,NA,3,3,3,2,3,2,2,3,2,2,2,2,NA,2,7,5,9,6,11,7,10,7,10,6,10,7,NA,8,3,3,3,3,3,3,3,3,3,3,3,3,NA,3,1,1,1,0.666666666666667,1,0.666666666666667,0.666666666666667,1,0.666666666666667,0.666666666666667,0.666666666666667,0.666666666666667,NA,0.666666666666667,NA,NA,NA,NA,NA,NA,NA,NA,NA,NA,NA,NA,NA,NA,NA,NA,NA,NA,NA,NA,NA,NA,NA,NA,NA,NA,NA,NA
lksRktNC,structure_medium,56,Male,White,Private sector,"40,001-60,000",College diploma,4.6,4,8,NA,NA,NA,NA,NA,NA,1,1,1,3,1,NA,3,1,0,3,0,0,3,3,2,2,1,6,2,NA,13,3,0,9,0,0,8,8,3,3,3,3,3,NA,3,3,3,3,3,3,3,3,0.333333333333333,0.333333333333333,0.333333333333333,1,0.333333333333333,NA,1,0.333333333333333,0,1,0,0,1,1,NA,NA,NA,NA,NA,NA,NA,NA,NA,NA,NA,NA,NA,NA,NA,NA,NA,NA,NA,NA,NA,NA,NA,NA,NA,NA,NA,NA
rnPfrsQI,assistant_medium,65,Female,White,Private sector,"20,001-30,000",Senior high,3.667,4,5.5,NA,NA,NA,NA,NA,NA,1,0,0,NA,3,NA,1,2,NA,2,0,NA,NA,NA,1,0,0,NA,3,NA,0,6,NA,6,0,NA,NA,NA,3,3,3,NA,3,NA,3,3,NA,3,3,NA,NA,NA,0.333333333333333,0,0,NA,1,NA,0.333333333333333,0.666666666666667,NA,0.666666666666667,0,NA,NA,NA,NA,NA,NA,NA,NA,NA,NA,NA,NA,NA,NA,NA,NA,NA,14464,NA,NA,NA,NA,NA,2862,NA,NA,2783,NA,NA,NA,NA
FkSYVCSa,assistant_low,57,Female,White,Government/Public sector,"10,001-20,000",College diploma,3.933,4,3,4,4,2.5,6,3,1,0,0,0,0,0,0,0,1,0,0,0,0,0,0,0,0,0,0,0,0,0,4,0,0,0,0,0,0,3,3,3,3,3,3,3,3,3,3,3,3,3,3,0,0,0,0,0,0,0,0.333333333333333,0,0,0,0,0,0,NA,NA,NA,NA,NA,NA,NA,NA,NA,NA,NA,NA,NA,NA,7242,NA,NA,NA,NA,NA,NA,NA,NA,NA,NA,NA,NA,NA
LGDEqLqz,assistant_low,34,Male,White,Government/Public sector,">60,000",Bachelor,4.267,5,12,NA,NA,NA,NA,NA,NA,3,NA,3,3,3,3,3,3,3,3,2,2,2,3,6,NA,7,3,7,2,9,6,6,8,7,9,8,7,3,NA,3,3,3,3,3,3,3,3,3,3,3,3,1,NA,1,1,1,1,1,1,1,1,0.666666666666667,0.666666666666667,0.666666666666667,1,NA,NA,NA,NA,NA,NA,NA,NA,NA,NA,NA,NA,NA,NA,13146,NA,NA,NA,NA,NA,NA,NA,NA,NA,NA,NA,NA,NA
rSKVcIfD,assistant_low,59,Female,White,Government/Public sector,"30,001-40,000",Senior high,3.267,5,12,NA,NA,NA,NA,NA,NA,2,0,0,0,NA,0,0,0,0,NA,0,NA,1,0,2,0,0,0,NA,0,0,0,0,NA,0,NA,3,0,3,3,3,3,NA,3,3,3,3,NA,3,NA,3,3,0.666666666666667,0,0,0,NA,0,0,0,0,NA,0,NA,0.333333333333333,0,NA,NA,NA,NA,NA,NA,NA,NA,NA,NA,NA,NA,NA,NA,3184,NA,NA,NA,NA,NA,NA,NA,NA,NA,NA,NA,NA,NA
SvEoREqm,assistant_medium,55,Male,White,Private sector,"30,001-40,000",Senior high,4.8,5,8,4.26666666666667,5,5.5,7,1,6,3,1,3,2,3,1,3,2,3,1,3,1,3,1,3,2,3,5,3,2,4,0,3,0,4,0,3,0,3,3,3,3,3,3,3,3,3,3,3,3,3,3,1,0.333333333333333,1,0.666666666666667,1,0.333333333333333,1,0.666666666666667,1,0.333333333333333,1,0.333333333333333,1,0.333333333333333,NA,NA,NA,NA,NA,NA,NA,NA,NA,NA,NA,NA,NA,NA,4782,NA,NA,15068,NA,NA,4731,NA,NA,5151,NA,NA,1246,NA
JdBtbrHE,control,44,Female,Asian,Self-employed/Freelancer,"10,001-20,000",Master,4.133,4,5,NA,NA,NA,NA,NA,NA,1,NA,2,2,2,2,2,2,2,2,2,2,2,2,4,NA,8,2,6,4,8,4,10,5,10,3,9,4,3,NA,3,3,3,3,3,3,3,3,3,3,3,3,0.333333333333333,NA,0.666666666666667,0.666666666666667,0.666666666666667,0.666666666666667,0.666666666666667,0.666666666666667,0.666666666666667,0.666666666666667,0.666666666666667,0.666666666666667,0.666666666666667,0.666666666666667,NA,NA,NA,NA,NA,NA,NA,NA,NA,NA,NA,NA,NA,NA,NA,NA,NA,NA,NA,NA,NA,NA,NA,NA,NA,NA,NA,NA
TUjzmVef,structure_high,39,Male,Mixed,Private sector,"40,001-60,000",Bachelor,2.933,4,5.5,NA,NA,NA,NA,NA,NA,0,2,0,NA,0,NA,0,NA,NA,0,0,NA,1,NA,0,5,0,NA,0,NA,0,NA,NA,0,0,NA,0,NA,3,3,3,NA,3,NA,3,NA,NA,3,3,NA,3,NA,0,0.666666666666667,0,NA,0,NA,0,NA,NA,0,0,NA,0.333333333333333,NA,NA,NA,NA,NA,NA,NA,NA,NA,NA,NA,NA,NA,NA,NA,NA,NA,NA,NA,NA,NA,NA,NA,NA,NA,NA,NA,NA,NA
mpZNqRbe,structure_medium,36,Male,White,Government/Public sector,"40,001-60,000",Bachelor,3.267,4,4,NA,NA,NA,NA,NA,NA,2,0,NA,0,NA,1,2,3,3,3,NA,3,NA,NA,4,0,NA,0,NA,2,6,10,11,9,NA,11,NA,NA,3,3,NA,3,NA,3,3,3,3,3,NA,3,NA,NA,0.666666666666667,0,NA,0,NA,0.333333333333333,0.666666666666667,1,1,1,NA,1,NA,NA,NA,NA,NA,NA,NA,NA,NA,NA,NA,NA,NA,NA,NA,NA,NA,NA,NA,NA,NA,NA,NA,NA,NA,NA,NA,NA,NA,NA
CqIJaxGl,information_low,23,Female,White,Private sector,"20,001-30,000",Master,3.867,4,0,NA,NA,NA,NA,NA,NA,1,0,0,0,0,0,0,0,NA,0,0,0,NA,0,2,0,0,0,0,0,0,0,NA,0,0,0,NA,0,3,3,3,3,3,3,3,3,NA,3,3,3,NA,3,0.333333333333333,0,0,0,0,0,0,0,NA,0,0,0,NA,0,7407,NA,NA,NA,NA,NA,NA,NA,NA,NA,NA,NA,NA,NA,NA,NA,NA,NA,NA,NA,NA,NA,NA,NA,NA,NA,NA,NA
SoCJudlw,structure_medium,40,Male,White,Self-employed/Freelancer,"10,001-20,000",Bachelor,3.667,5,3,3.6,4,5,5,4,2,1,1,1,3,0,2,2,2,0,3,2,2,1,2,0,2,2,6,0,4,6,4,0,6,4,4,1,4,3,3,3,3,3,3,3,3,3,3,3,3,3,3,0.333333333333333,0.333333333333333,0.333333333333333,1,0,0.666666666666667,0.666666666666667,0.666666666666667,0,1,0.666666666666667,0.666666666666667,0.333333333333333,0.666666666666667,NA,NA,NA,NA,NA,NA,NA,NA,NA,NA,NA,NA,NA,NA,NA,NA,NA,NA,NA,NA,NA,NA,NA,NA,NA,NA,NA,NA
DjxCNOGM,assistant_high,52,Male,White,Self-employed/Freelancer,">60,000",Master,4.267,4,2,4.46666666666667,4,5,2,4,4,0,0,0,0,0,0,0,0,0,0,1,0,0,0,0,0,0,0,0,0,0,0,0,0,0,0,0,0,3,3,3,3,3,3,3,3,3,3,3,3,3,3,0,0,0,0,0,0,0,0,0,0,0.333333333333333,0,0,0,NA,NA,NA,NA,NA,NA,NA,NA,NA,NA,NA,NA,NA,NA,20273,8145,3896,3544,3598,8284,5103,3756,3611,5379,1614,4033,3703,3961
xBIsmDnn,control,59,Female,White,Private sector,"40,001-60,000",College diploma,3.4,4,4,NA,NA,NA,NA,NA,NA,0,0,NA,0,1,0,0,0,0,0,0,0,0,0,0,0,NA,0,2,0,0,0,0,0,0,0,0,0,3,3,NA,3,3,3,3,3,3,3,3,3,3,3,0,0,NA,0,0.333333333333333,0,0,0,0,0,0,0,0,0,NA,NA,NA,NA,NA,NA,NA,NA,NA,NA,NA,NA,NA,NA,NA,NA,NA,NA,NA,NA,NA,NA,NA,NA,NA,NA,NA,NA
kOhJeUta,structure_high,41,Male,White,Private sector,"40,001-60,000",Master,4.067,5,4.5,NA,NA,NA,NA,NA,NA,3,2,2,2,2,2,2,2,1,3,NA,2,1,3,8,2,3,5,2,4,3,5,4,4,NA,4,0,5,3,3,3,3,3,3,3,3,3,3,NA,3,3,3,1,0.666666666666667,0.666666666666667,0.666666666666667,0.666666666666667,0.666666666666667,0.666666666666667,0.666666666666667,0.333333333333333,1,NA,0.666666666666667,0.333333333333333,1,NA,NA,NA,NA,NA,NA,NA,NA,NA,NA,NA,NA,NA,NA,NA,NA,NA,NA,NA,NA,NA,NA,NA,NA,NA,NA,NA,NA
PvDFVJll,information_high,26,Male,White,Student,"40,001-60,000",Master,3.067,4,4,3.46666666666667,4,6.5,4,3,3,0,0,0,0,0,0,0,0,0,0,0,1,0,1,0,0,0,0,0,0,0,0,0,0,0,1,0,4,3,3,3,3,3,3,3,3,3,3,3,3,3,3,0,0,0,0,0,0,0,0,0,0,0,0.333333333333333,0,0.333333333333333,29372,9281,8256,3362,2869,2458,3990,2824,3944,5031,2678,2498,2879,9431,NA,NA,NA,NA,NA,NA,NA,NA,NA,NA,NA,NA,NA,NA
ARLNkmmK,assistant_high,38,Male,White,Private sector,"40,001-60,000",Bachelor,4.267,4,6.5,4.6,4,3,4,7,6,2,0,0,0,2,0,0,0,2,0,3,0,0,0,2,0,0,0,9,0,0,0,8,0,9,0,0,0,3,3,3,3,3,3,3,3,3,3,3,3,3,3,0.666666666666667,0,0,0,0.666666666666667,0,0,0,0.666666666666667,0,1,0,0,0,NA,NA,NA,NA,NA,NA,NA,NA,NA,NA,NA,NA,NA,NA,12620,5349,4269,3339,4192,3060,3115,3087,3604,2886,2604,2788,5150,3156
kxVlYgvQ,information_high,46,Male,White,Other,"10,001-20,000",Master,3.733,4,6.5,4.4,4,9,5,4,3,3,3,3,3,3,3,3,3,3,3,3,3,3,3,8,5,10,6,12,6,13,7,11,7,14,6,12,6,3,3,3,3,3,3,3,3,3,3,3,3,3,3,1,1,1,1,1,1,1,1,1,1,1,1,1,1,36127,12332,9763,7179,4048,3287,5498,5416,6247,4824,5395,5277,4664,5785,NA,NA,NA,NA,NA,NA,NA,NA,NA,NA,NA,NA,NA,NA
ikSgGWTx,assistant_low,40,Female,White,Private sector,"40,001-60,000",Doctoral,4.067,5,4.5,4.13333333333333,5,11.5,4,1,3,3,0,2,0,1,0,1,0,1,0,1,1,0,0,4,0,5,0,5,0,5,0,5,0,4,5,0,0,3,3,3,3,3,3,3,3,3,3,3,3,3,3,1,0,0.666666666666667,0,0.333333333333333,0,0.333333333333333,0,0.333333333333333,0,0.333333333333333,0.333333333333333,0,0,NA,NA,NA,NA,NA,NA,NA,NA,NA,NA,NA,NA,NA,NA,2678,NA,NA,NA,NA,NA,NA,NA,NA,NA,NA,NA,NA,NA
WMWEOJjU,structure_medium,67,Male,White,Other,"20,001-30,000",College diploma,4.533,4,8.5,4.53333333333333,4,9,3,4,3,3,1,3,1,3,2,3,2,3,2,3,1,3,2,6,1,10,1,11,4,13,4,13,5,12,1,12,4,3,3,3,3,3,3,3,3,3,3,3,3,3,3,1,0.333333333333333,1,0.333333333333333,1,0.666666666666667,1,0.666666666666667,1,0.666666666666667,1,0.333333333333333,1,0.666666666666667,NA,NA,NA,NA,NA,NA,NA,NA,NA,NA,NA,NA,NA,NA,NA,NA,NA,NA,NA,NA,NA,NA,NA,NA,NA,NA,NA,NA
rVETXvxU,information_low,67,Male,White,Private sector,">60,000",Bachelor,4.333,4,8,4.4,4,9,4,4,3,0,3,0,2,0,3,0,3,0,3,0,2,0,3,0,2,0,2,0,3,0,3,0,3,0,2,0,3,3,3,3,3,3,3,3,3,3,3,3,3,3,3,0,1,0,0.666666666666667,0,1,0,1,0,1,0,0.666666666666667,0,1,31829,NA,NA,NA,NA,NA,NA,NA,NA,NA,NA,NA,NA,NA,NA,NA,NA,NA,NA,NA,NA,NA,NA,NA,NA,NA,NA,NA
uRwGJbZq,assistant_medium,27,Male,White,Private sector,"20,001-30,000",Master,3.667,3,2,3.53333333333333,3,6,5,3,4,3,3,1,2,3,3,2,3,2,3,3,1,3,2,5,6,2,7,7,9,4,11,6,11,12,5,11,11,3,3,3,3,3,3,3,3,3,3,3,3,3,3,1,1,0.333333333333333,0.666666666666667,1,1,0.666666666666667,1,0.666666666666667,1,1,0.333333333333333,1,0.666666666666667,NA,NA,NA,NA,NA,NA,NA,NA,NA,NA,NA,NA,NA,NA,17157,NA,NA,8781,NA,NA,11016,NA,NA,6839,NA,NA,12428,NA
tKDnYPsN,assistant_medium,45,Male,White,Private sector,"40,001-60,000",Master,3.933,4,6.5,4.06666666666667,4,5.5,4,2,1,3,1,3,3,2,0,2,0,2,0,2,2,0,2,8,0,8,6,6,0,9,0,9,0,8,6,0,10,3,3,3,3,3,3,3,3,3,3,3,3,3,3,1,0.333333333333333,1,1,0.666666666666667,0,0.666666666666667,0,0.666666666666667,0,0.666666666666667,0.666666666666667,0,0.666666666666667,NA,NA,NA,NA,NA,NA,NA,NA,NA,NA,NA,NA,NA,NA,18542,NA,NA,21517,NA,NA,13832,NA,NA,12026,NA,NA,5278,NA
qmkOgIfT,assistant_high,48,Male,Other,Private sector,"20,001-30,000",Bachelor,3.8,5,8.5,3.66666666666667,5,7.5,7,2,2,2,1,3,1,3,0,3,0,3,0,3,0,3,0,2,1,3,1,3,0,3,0,2,0,3,0,3,0,3,3,3,3,3,3,3,3,3,3,3,3,3,3,0.666666666666667,0.333333333333333,1,0.333333333333333,1,0,1,0,1,0,1,0,1,0,NA,NA,NA,NA,NA,NA,NA,NA,NA,NA,NA,NA,NA,NA,221,8525,19135,2029,2819,3103,2239,2412,1953,2728,1979,2707,2492,1993
pXSXMTmN,structure_high,36,Male,White,Private sector,"10,001-20,000",Bachelor,3.2,2,1,3.26666666666667,2,-0.5,3,6,6,1,3,3,3,3,3,3,3,3,3,3,3,3,3,0,3,6,6,10,6,8,5,7,6,10,9,11,9,3,3,3,3,3,3,3,3,3,3,3,3,3,3,0.333333333333333,1,1,1,1,1,1,1,1,1,1,1,1,1,NA,NA,NA,NA,NA,NA,NA,NA,NA,NA,NA,NA,NA,NA,NA,NA,NA,NA,NA,NA,NA,NA,NA,NA,NA,NA,NA,NA
XxSjQpwF,control,54,Female,White,Government/Public sector,"30,001-40,000",College diploma,3.933,5,3,4.06666666666667,4,7,NA,NA,NA,0,1,0,0,1,0,1,0,0,1,1,1,1,0,0,2,0,0,2,0,4,0,0,0,4,2,5,0,3,3,3,3,3,3,3,3,3,3,3,3,3,3,0,0.333333333333333,0,0,0.333333333333333,0,0.333333333333333,0,0,0.333333333333333,0.333333333333333,0.333333333333333,0.333333333333333,0,NA,NA,NA,NA,NA,NA,NA,NA,NA,NA,NA,NA,NA,NA,NA,NA,NA,NA,NA,NA,NA,NA,NA,NA,NA,NA,NA,NA
BpZDJREx,control,59,Female,White,Government/Public sector,">60,000",Master,3.933,5,3.5,3.66666666666667,5,6,NA,NA,NA,3,2,2,2,2,2,2,2,2,2,2,2,2,2,6,1,2,3,3,3,5,3,6,3,4,3,5,3,3,3,3,3,3,3,3,3,3,3,3,3,3,3,1,0.666666666666667,0.666666666666667,0.666666666666667,0.666666666666667,0.666666666666667,0.666666666666667,0.666666666666667,0.666666666666667,0.666666666666667,0.666666666666667,0.666666666666667,0.666666666666667,0.666666666666667,NA,NA,NA,NA,NA,NA,NA,NA,NA,NA,NA,NA,NA,NA,NA,NA,NA,NA,NA,NA,NA,NA,NA,NA,NA,NA,NA,NA
TDevMzXJ,structure_medium,64,Female,White,Private sector,"40,001-60,000",Bachelor,3.067,2,-2,2.73333333333333,2,-4.5,2,5,5,1,0,0,0,0,0,3,0,0,3,0,0,3,0,0,0,0,0,0,0,4,0,0,3,0,0,6,0,3,3,3,3,3,3,3,3,3,3,3,3,3,3,0.333333333333333,0,0,0,0,0,1,0,0,1,0,0,1,0,NA,NA,NA,NA,NA,NA,NA,NA,NA,NA,NA,NA,NA,NA,NA,NA,NA,NA,NA,NA,NA,NA,NA,NA,NA,NA,NA,NA
yuaWqjkq,information_medium,36,Female,White,Government/Public sector,"10,001-20,000",Bachelor,2.867,4,-2,3.13333333333333,3,4,4,2,2,0,0,0,0,0,0,0,0,0,1,0,0,0,1,0,0,0,0,0,0,0,0,0,3,0,0,0,3,3,3,3,3,3,3,3,3,3,3,3,3,3,3,0,0,0,0,0,0,0,0,0,0.333333333333333,0,0,0,0.333333333333333,42989,NA,NA,16112,NA,NA,18214,NA,NA,9639,NA,NA,8958,NA,NA,NA,NA,NA,NA,NA,NA,NA,NA,NA,NA,NA,NA,NA
EgAPIVJX,structure_high,54,Male,White,Private sector,"20,001-30,000",Bachelor,4.2,3,2,3.86666666666667,3,3,5,5,5,1,1,3,1,3,1,3,1,3,1,3,1,3,0,0,0,1,0,5,0,7,0,9,0,6,0,7,0,3,3,3,3,3,3,3,3,3,3,3,3,3,3,0.333333333333333,0.333333333333333,1,0.333333333333333,1,0.333333333333333,1,0.333333333333333,1,0.333333333333333,1,0.333333333333333,1,0,NA,NA,NA,NA,NA,NA,NA,NA,NA,NA,NA,NA,NA,NA,NA,NA,NA,NA,NA,NA,NA,NA,NA,NA,NA,NA,NA,NA
lcOFMPJS,assistant_high,34,Male,Mixed,Private sector,"20,001-30,000",Master,4.133,4,0.5,NA,NA,NA,NA,NA,NA,3,0,3,3,0,3,0,0,NA,2,0,0,3,NA,4,0,2,2,0,4,0,0,NA,3,0,0,3,NA,3,3,3,3,3,3,3,3,NA,3,3,3,3,NA,1,0,1,1,0,1,0,0,NA,0.666666666666667,0,0,1,NA,NA,NA,NA,NA,NA,NA,NA,NA,NA,NA,NA,NA,NA,NA,17647,109308,13399,2107,2250,2598,2465,1321,NA,4906,1680,4063,5796,NA
SrkfAOBW,information_medium,25,Female,Asian,Other,NA,Bachelor,3.867,3,4.5,4.26666666666667,4,4,5,4,4,1,0,0,0,0,0,0,0,0,0,0,0,0,0,0,0,0,0,0,0,0,0,0,0,0,0,0,0,3,3,3,3,3,3,3,3,3,3,3,3,3,3,0.333333333333333,0,0,0,0,0,0,0,0,0,0,0,0,0,12260,NA,NA,7041,NA,NA,2114,NA,NA,1587,NA,NA,1508,NA,NA,NA,NA,NA,NA,NA,NA,NA,NA,NA,NA,NA,NA,NA
LwTBOeJB,assistant_medium,31,Female,White,Private sector,"30,001-40,000",Master,3.333,4,5,NA,NA,NA,NA,NA,NA,1,1,0,0,0,0,0,0,0,0,0,NA,NA,0,0,0,0,0,0,0,0,0,0,0,0,NA,NA,0,3,3,3,3,3,3,3,3,3,3,3,NA,NA,3,0.333333333333333,0.333333333333333,0,0,0,0,0,0,0,0,0,NA,NA,0,NA,NA,NA,NA,NA,NA,NA,NA,NA,NA,NA,NA,NA,NA,1999,NA,NA,8733,NA,NA,14229,NA,NA,7608,NA,NA,NA,NA
lmmbOLvL,control,46,Female,White,Self-employed/Freelancer,"30,001-40,000",Master,3.933,4,0,NA,NA,NA,NA,NA,NA,0,NA,0,0,NA,0,0,0,0,1,1,2,0,1,0,NA,0,0,NA,0,0,0,0,4,4,9,0,4,3,NA,3,3,NA,3,3,3,3,3,3,3,3,3,0,NA,0,0,NA,0,0,0,0,0.333333333333333,0.333333333333333,0.666666666666667,0,0.333333333333333,NA,NA,NA,NA,NA,NA,NA,NA,NA,NA,NA,NA,NA,NA,NA,NA,NA,NA,NA,NA,NA,NA,NA,NA,NA,NA,NA,NA
sQTkiDNA,structure_high,23,Female,White,Other,"<10,000",Senior high,3.867,5,-2,NA,NA,NA,NA,NA,NA,3,3,3,3,3,3,3,3,3,3,3,3,NA,3,5,6,8,8,11,10,11,6,10,10,10,11,NA,13,3,3,3,3,3,3,3,3,3,3,3,3,NA,3,1,1,1,1,1,1,1,1,1,1,1,1,NA,1,NA,NA,NA,NA,NA,NA,NA,NA,NA,NA,NA,NA,NA,NA,NA,NA,NA,NA,NA,NA,NA,NA,NA,NA,NA,NA,NA,NA
WqdRrYex,structure_low,25,Female,White,Private sector,"20,001-30,000",College diploma,3.8,4,1,3,3,0,6,7,4,1,0,1,1,2,0,0,0,0,0,0,0,0,0,1,0,1,0,2,0,0,0,0,0,0,0,0,0,3,3,3,3,3,3,3,3,3,3,3,3,3,3,0.333333333333333,0,0.333333333333333,0.333333333333333,0.666666666666667,0,0,0,0,0,0,0,0,0,NA,NA,NA,NA,NA,NA,NA,NA,NA,NA,NA,NA,NA,NA,NA,NA,NA,NA,NA,NA,NA,NA,NA,NA,NA,NA,NA,NA
rQxXFThc,structure_low,35,Male,White,Private sector,"<10,000",Senior high,4.467,4,9,4.6,5,10.5,3,1,1,0,0,0,0,0,0,0,0,0,0,0,0,0,0,0,0,0,0,0,0,0,0,0,0,0,0,0,0,3,3,3,3,3,3,3,3,3,3,3,3,3,3,0,0,0,0,0,0,0,0,0,0,0,0,0,0,NA,NA,NA,NA,NA,NA,NA,NA,NA,NA,NA,NA,NA,NA,NA,NA,NA,NA,NA,NA,NA,NA,NA,NA,NA,NA,NA,NA
PRaSXbAA,assistant_high,33,Male,White,Private sector,"40,001-60,000",Doctoral,3.8,4,3,NA,NA,NA,NA,NA,NA,3,3,3,1,3,NA,2,0,3,0,3,0,3,0,10,5,7,1,12,NA,6,0,12,0,11,0,15,0,3,3,3,3,3,NA,3,3,3,3,3,3,3,3,1,1,1,0.333333333333333,1,NA,0.666666666666667,0,1,0,1,0,1,0,NA,NA,NA,NA,NA,NA,NA,NA,NA,NA,NA,NA,NA,NA,17700,3624,5104,7612,1695,NA,6264,2690,1599,1851,1524,1742,2962,2217
nvUUhkCh,assistant_high,29,Female,White,Private sector,"20,001-30,000",Master,3.8,4,5,4,4,3,6,3,1,2,0,3,3,3,3,3,3,3,3,3,3,3,3,3,0,3,0,5,5,3,2,6,7,5,9,4,6,3,3,3,3,3,3,3,3,3,3,3,3,3,3,0.666666666666667,0,1,1,1,1,1,1,1,1,1,1,1,1,NA,NA,NA,NA,NA,NA,NA,NA,NA,NA,NA,NA,NA,NA,20596,8630,10308,8479,5037,7801,8576,4923,4210,4381,3952,5610,4513,4786
MqTXIUEa,assistant_high,38,Male,White,Private sector,"40,001-60,000",Bachelor,3.8,4,-1.5,NA,NA,NA,NA,NA,NA,1,0,0,0,0,NA,0,0,0,NA,0,0,0,0,2,0,0,0,0,NA,0,0,0,NA,0,0,0,0,3,3,3,3,3,NA,3,3,3,NA,3,3,3,3,0.333333333333333,0,0,0,0,NA,0,0,0,NA,0,0,0,0,NA,NA,NA,NA,NA,NA,NA,NA,NA,NA,NA,NA,NA,NA,21271,4887,41128,21520,13742,NA,3160,5417,7670,NA,7397,3781,23558,96086
ZTPcdMKb,information_high,32,Female,White,Self-employed/Freelancer,"10,001-20,000",Bachelor,3.8,4,4,NA,NA,NA,NA,NA,NA,1,0,1,1,0,0,0,0,0,NA,0,0,0,0,1,0,2,1,0,0,0,0,0,NA,0,0,0,0,3,3,3,3,3,3,3,3,3,NA,3,3,3,3,0.333333333333333,0,0.333333333333333,0.333333333333333,0,0,0,0,0,NA,0,0,0,0,13741,6903,3745,113527,1053,778,855,1193,1302,NA,1128,945,948,826,NA,NA,NA,NA,NA,NA,NA,NA,NA,NA,NA,NA,NA,NA
EjnPGCYr,structure_medium,49,Male,White,Self-employed/Freelancer,"10,001-20,000",Senior high,3.333,4,8.5,3.06666666666667,5,9.5,5,1,1,3,2,2,2,3,2,3,3,3,3,2,2,3,2,7,5,7,6,10,8,11,6,10,8,11,8,9,7,3,3,3,3,3,3,3,3,3,3,3,3,3,3,1,0.666666666666667,0.666666666666667,0.666666666666667,1,0.666666666666667,1,1,1,1,0.666666666666667,0.666666666666667,1,0.666666666666667,NA,NA,NA,NA,NA,NA,NA,NA,NA,NA,NA,NA,NA,NA,NA,NA,NA,NA,NA,NA,NA,NA,NA,NA,NA,NA,NA,NA
tSxnBwpQ,assistant_high,45,Male,White,Self-employed/Freelancer,"10,001-20,000",Master,2.467,4,-2,NA,NA,NA,NA,NA,NA,3,3,3,3,NA,NA,3,3,3,3,3,3,3,0,2,5,7,9,NA,NA,7,8,9,1,7,5,7,0,3,3,3,3,NA,NA,3,3,3,3,3,3,3,3,1,1,1,1,NA,NA,1,1,1,1,1,1,1,0,NA,NA,NA,NA,NA,NA,NA,NA,NA,NA,NA,NA,NA,NA,21691,7952,3339,2313,NA,NA,12666,2003,1919,3643,6402,2245,10709,7362
DklIVFVl,structure_medium,38,Male,White,Private sector,"20,001-30,000",College diploma,2.333,3,0,2.06666666666667,4,0,5,7,5,2,1,3,0,1,0,2,2,2,0,2,0,3,0,1,2,3,0,2,0,2,7,4,0,3,0,5,0,3,3,3,3,3,3,3,3,3,3,3,3,3,3,0.666666666666667,0.333333333333333,1,0,0.333333333333333,0,0.666666666666667,0.666666666666667,0.666666666666667,0,0.666666666666667,0,1,0,NA,NA,NA,NA,NA,NA,NA,NA,NA,NA,NA,NA,NA,NA,NA,NA,NA,NA,NA,NA,NA,NA,NA,NA,NA,NA,NA,NA
wkioXnlQ,information_high,38,Male,White,Government/Public sector,"40,001-60,000",Master,3.867,2,-3.5,4.33333333333333,2,-6.5,3,4,6,0,0,0,0,0,0,0,0,0,0,0,0,0,0,0,0,0,0,0,0,0,0,0,0,0,0,0,0,3,3,3,3,3,3,3,3,3,3,3,3,3,3,0,0,0,0,0,0,0,0,0,0,0,0,0,0,10045,10151,2163,3039,1443,1335,1341,2179,1632,1584,1374,1677,1673,1594,NA,NA,NA,NA,NA,NA,NA,NA,NA,NA,NA,NA,NA,NA
CpKOIJlo,assistant_low,37,Male,White,Self-employed/Freelancer,"<10,000",Senior high,2.933,4,6.5,2.86666666666667,4,11.5,1,6,5,2,1,3,2,1,2,2,1,1,2,1,0,0,1,2,3,8,9,4,11,9,5,5,9,5,0,0,5,3,3,3,3,3,3,3,3,3,3,3,3,3,3,0.666666666666667,0.333333333333333,1,0.666666666666667,0.333333333333333,0.666666666666667,0.666666666666667,0.333333333333333,0.333333333333333,0.666666666666667,0.333333333333333,0,0,0.333333333333333,NA,NA,NA,NA,NA,NA,NA,NA,NA,NA,NA,NA,NA,NA,2460,NA,NA,NA,NA,NA,NA,NA,NA,NA,NA,NA,NA,NA
YZPEhyPR,structure_low,26,Male,White,Private sector,"30,001-40,000",College diploma,4.067,5,6.5,NA,NA,NA,NA,NA,NA,0,0,0,0,NA,0,0,0,0,0,0,NA,0,0,0,0,0,0,NA,0,0,0,0,0,0,NA,0,0,3,3,3,3,NA,3,3,3,3,3,3,NA,3,3,0,0,0,0,NA,0,0,0,0,0,0,NA,0,0,NA,NA,NA,NA,NA,NA,NA,NA,NA,NA,NA,NA,NA,NA,NA,NA,NA,NA,NA,NA,NA,NA,NA,NA,NA,NA,NA,NA
pzUdHEaE,structure_low,26,Female,White,Private sector,">60,000",Bachelor,3.067,3,-1.5,NA,NA,NA,NA,NA,NA,0,1,0,NA,NA,NA,0,0,0,0,0,0,0,0,0,0,0,NA,NA,NA,0,0,0,0,0,0,0,0,3,3,3,NA,NA,NA,3,3,3,3,3,3,3,3,0,0.333333333333333,0,NA,NA,NA,0,0,0,0,0,0,0,0,NA,NA,NA,NA,NA,NA,NA,NA,NA,NA,NA,NA,NA,NA,NA,NA,NA,NA,NA,NA,NA,NA,NA,NA,NA,NA,NA,NA
wRyuFdvm,structure_low,56,Male,White,Private sector,">60,000",College diploma,4.733,4,7,NA,NA,NA,NA,NA,NA,1,NA,0,NA,0,1,0,0,1,0,0,0,0,0,4,NA,0,NA,0,1,0,0,5,0,0,0,0,0,3,NA,3,NA,3,3,3,3,3,3,3,3,3,3,0.333333333333333,NA,0,NA,0,0.333333333333333,0,0,0.333333333333333,0,0,0,0,0,NA,NA,NA,NA,NA,NA,NA,NA,NA,NA,NA,NA,NA,NA,NA,NA,NA,NA,NA,NA,NA,NA,NA,NA,NA,NA,NA,NA
viteQbDf,assistant_medium,27,Male,White,Private sector,"40,001-60,000",Bachelor,2.8,4,9,NA,NA,NA,NA,NA,NA,3,3,3,2,NA,3,3,2,2,2,NA,NA,NA,NA,10,8,9,9,NA,10,13,10,10,8,NA,NA,NA,NA,3,3,3,3,NA,3,3,3,3,3,NA,NA,NA,NA,1,1,1,0.666666666666667,NA,1,1,0.666666666666667,0.666666666666667,0.666666666666667,NA,NA,NA,NA,NA,NA,NA,NA,NA,NA,NA,NA,NA,NA,NA,NA,NA,NA,15144,NA,NA,12806,NA,NA,2536,NA,NA,6232,NA,NA,NA,NA
cBiGzELb,assistant_low,37,Female,White,Private sector,"20,001-30,000",Bachelor,4.533,4,5,4.53333333333333,5,9.5,7,1,1,3,3,3,3,1,1,1,1,0,1,2,0,0,0,6,3,7,3,5,3,5,3,0,3,6,0,0,0,3,3,3,3,3,3,3,3,3,3,3,3,3,3,1,1,1,1,0.333333333333333,0.333333333333333,0.333333333333333,0.333333333333333,0,0.333333333333333,0.666666666666667,0,0,0,NA,NA,NA,NA,NA,NA,NA,NA,NA,NA,NA,NA,NA,NA,12997,NA,NA,NA,NA,NA,NA,NA,NA,NA,NA,NA,NA,NA
RYPIvjiP,structure_low,26,Female,White,Government/Public sector,"30,001-40,000",Bachelor,3.733,4,5,NA,NA,NA,NA,NA,NA,2,1,1,0,NA,0,0,0,0,0,NA,NA,NA,0,3,1,2,0,NA,0,0,0,0,0,NA,NA,NA,0,3,3,3,3,NA,3,3,3,3,3,NA,NA,NA,3,0.666666666666667,0.333333333333333,0.333333333333333,0,NA,0,0,0,0,0,NA,NA,NA,0,NA,NA,NA,NA,NA,NA,NA,NA,NA,NA,NA,NA,NA,NA,NA,NA,NA,NA,NA,NA,NA,NA,NA,NA,NA,NA,NA,NA
bhGBSmRq,structure_low,74,Female,White,Other,"20,001-30,000",Junior high,3.067,4,4,2.86666666666667,4,5,6,3,3,1,1,1,0,1,0,0,0,0,1,0,0,0,0,1,3,1,0,1,0,0,0,0,2,0,0,0,0,3,3,3,3,3,3,3,3,3,3,3,3,3,3,0.333333333333333,0.333333333333333,0.333333333333333,0,0.333333333333333,0,0,0,0,0.333333333333333,0,0,0,0,NA,NA,NA,NA,NA,NA,NA,NA,NA,NA,NA,NA,NA,NA,NA,NA,NA,NA,NA,NA,NA,NA,NA,NA,NA,NA,NA,NA
ZhzEGqqB,assistant_medium,53,Male,White,Government/Public sector,"30,001-40,000",Master,4.2,4,6,5,4,7,7,3,3,3,1,3,2,3,2,3,3,3,3,2,3,3,3,2,2,8,3,8,5,9,6,11,6,11,7,12,7,3,3,3,3,3,3,3,3,3,3,3,3,3,3,1,0.333333333333333,1,0.666666666666667,1,0.666666666666667,1,1,1,1,0.666666666666667,1,1,1,NA,NA,NA,NA,NA,NA,NA,NA,NA,NA,NA,NA,NA,NA,13982,NA,NA,5690,NA,NA,8222,NA,NA,25586,NA,NA,7497,NA
rKKKZcnI,assistant_high,24,Female,White,Government/Public sector,"20,001-30,000",Bachelor,4.2,5,6.5,4.93333333333333,4,9,7,4,4,3,3,3,3,3,3,3,3,3,3,3,3,3,3,6,3,5,3,7,3,9,4,8,3,9,5,7,5,3,3,3,3,3,3,3,3,3,3,3,3,3,3,1,1,1,1,1,1,1,1,1,1,1,1,1,1,NA,NA,NA,NA,NA,NA,NA,NA,NA,NA,NA,NA,NA,NA,26960,9625,3962,3356,4401,3684,3654,4567,3670,3517,3229,3723,3269,3785
uYDAUYvb,structure_medium,62,Male,White,Private sector,"40,001-60,000",Bachelor,4.867,5,8,4.6,5,12,7,1,1,2,0,2,0,2,0,3,0,3,2,2,1,3,3,0,0,1,0,2,0,3,0,3,0,2,0,4,0,3,3,3,3,3,3,3,3,3,3,3,3,3,3,0.666666666666667,0,0.666666666666667,0,0.666666666666667,0,1,0,1,0.666666666666667,0.666666666666667,0.333333333333333,1,1,NA,NA,NA,NA,NA,NA,NA,NA,NA,NA,NA,NA,NA,NA,NA,NA,NA,NA,NA,NA,NA,NA,NA,NA,NA,NA,NA,NA
xFYiydgC,structure_medium,38,Female,White,Self-employed/Freelancer,"10,001-20,000",College diploma,3.8,4,5,3.8,3,1,3,1,1,3,3,3,3,3,3,3,3,3,3,3,3,3,3,15,8,12,9,14,12,14,11,11,13,11,12,16,12,3,3,3,3,3,3,3,3,3,3,3,3,3,3,1,1,1,1,1,1,1,1,1,1,1,1,1,1,NA,NA,NA,NA,NA,NA,NA,NA,NA,NA,NA,NA,NA,NA,NA,NA,NA,NA,NA,NA,NA,NA,NA,NA,NA,NA,NA,NA
YTwTknmw,control,35,Female,White,Private sector,">60,000",Bachelor,3.533,4,1.5,NA,NA,NA,NA,NA,NA,0,0,0,0,NA,0,0,NA,0,0,0,0,0,0,0,0,0,0,NA,0,0,NA,0,0,0,0,0,0,3,3,3,3,NA,3,3,NA,3,3,3,3,3,3,0,0,0,0,NA,0,0,NA,0,0,0,0,0,0,NA,NA,NA,NA,NA,NA,NA,NA,NA,NA,NA,NA,NA,NA,NA,NA,NA,NA,NA,NA,NA,NA,NA,NA,NA,NA,NA,NA
LhrYZDPS,structure_medium,24,Female,White,Student,"<10,000",Senior high,4.067,4,2.5,NA,NA,NA,NA,NA,NA,2,2,3,3,3,3,2,3,3,3,3,NA,3,3,6,4,9,9,9,7,8,9,9,5,7,NA,7,10,3,3,3,3,3,3,3,3,3,3,3,NA,3,3,0.666666666666667,0.666666666666667,1,1,1,1,0.666666666666667,1,1,1,1,NA,1,1,NA,NA,NA,NA,NA,NA,NA,NA,NA,NA,NA,NA,NA,NA,NA,NA,NA,NA,NA,NA,NA,NA,NA,NA,NA,NA,NA,NA
zaklBETz,information_high,52,Female,Asian,Private sector,">60,000",Bachelor,4.333,4,8.5,5,2,8,6,3,3,3,3,0,3,1,2,3,3,2,3,1,2,3,3,3,4,0,2,0,3,3,8,6,8,0,10,6,8,3,3,3,3,3,3,3,3,3,3,3,3,3,3,1,1,0,1,0.333333333333333,0.666666666666667,1,1,0.666666666666667,1,0.333333333333333,0.666666666666667,1,1,51786,6495,4352,12984,1814,1779,1472,2019,4282,1692,19967,2379,2830,3739,NA,NA,NA,NA,NA,NA,NA,NA,NA,NA,NA,NA,NA,NA
TIzADFgv,information_low,30,Male,White,Private sector,NA,Bachelor,3.733,4,4.5,NA,NA,NA,NA,NA,NA,1,1,2,NA,1,0,1,0,1,0,1,0,1,0,1,1,6,NA,4,0,3,0,2,0,3,0,2,0,3,3,3,NA,3,3,3,3,3,3,3,3,3,3,0.333333333333333,0.333333333333333,0.666666666666667,NA,0.333333333333333,0,0.333333333333333,0,0.333333333333333,0,0.333333333333333,0,0.333333333333333,0,40334,NA,NA,NA,NA,NA,NA,NA,NA,NA,NA,NA,NA,NA,NA,NA,NA,NA,NA,NA,NA,NA,NA,NA,NA,NA,NA,NA
oqgEOhhA,information_high,55,Female,Asian,Private sector,"30,001-40,000",Master,2.933,4,6,NA,NA,NA,NA,NA,NA,1,0,1,1,0,0,0,0,0,0,0,NA,0,1,1,0,1,2,0,0,0,0,0,0,0,NA,0,1,3,3,3,3,3,3,3,3,3,3,3,NA,3,3,0.333333333333333,0,0.333333333333333,0.333333333333333,0,0,0,0,0,0,0,NA,0,0.333333333333333,23624,26070,10738,17725,5009,4219,4247,19485,4183,3256,2914,NA,6800,5867,NA,NA,NA,NA,NA,NA,NA,NA,NA,NA,NA,NA,NA,NA
NEapzzRt,assistant_high,25,Male,White,Private sector,"20,001-30,000",Master,2.4,4,3.5,3,4,10,4,4,3,2,2,0,3,0,3,0,3,0,3,0,3,0,3,5,6,0,12,0,15,0,13,0,14,0,13,0,10,3,3,3,3,3,3,3,3,3,3,3,3,3,3,0.666666666666667,0.666666666666667,0,1,0,1,0,1,0,1,0,1,0,1,NA,NA,NA,NA,NA,NA,NA,NA,NA,NA,NA,NA,NA,NA,16818,6893,4877,5008,4832,5011,6045,9130,5237,4594,8975,4926,4897,5509
NeLbwSSX,structure_medium,55,Male,White,Private sector,"40,001-60,000",College diploma,2.733,4,0,2.86666666666667,4,0,4,6,6,2,0,1,3,0,3,1,3,0,2,0,3,1,2,1,0,1,9,0,11,2,12,0,11,0,13,4,8,3,3,3,3,3,3,3,3,3,3,3,3,3,3,0.666666666666667,0,0.333333333333333,1,0,1,0.333333333333333,1,0,0.666666666666667,0,1,0.333333333333333,0.666666666666667,NA,NA,NA,NA,NA,NA,NA,NA,NA,NA,NA,NA,NA,NA,NA,NA,NA,NA,NA,NA,NA,NA,NA,NA,NA,NA,NA,NA
ExEoDzsF,structure_high,29,Male,Mixed,Student,"<10,000",College diploma,4.667,4,14,NA,NA,NA,NA,NA,NA,2,2,0,3,1,3,1,3,1,3,NA,3,1,2,0,8,0,8,0,8,0,7,0,6,NA,8,0,6,3,3,3,3,3,3,3,3,3,3,NA,3,3,3,0.666666666666667,0.666666666666667,0,1,0.333333333333333,1,0.333333333333333,1,0.333333333333333,1,NA,1,0.333333333333333,0.666666666666667,NA,NA,NA,NA,NA,NA,NA,NA,NA,NA,NA,NA,NA,NA,NA,NA,NA,NA,NA,NA,NA,NA,NA,NA,NA,NA,NA,NA
XdZNxRMH,assistant_low,33,Female,White,Self-employed/Freelancer,"10,001-20,000",Junior high,3.733,5,8,4,5,12,7,1,1,2,3,3,2,3,1,3,2,3,1,2,3,2,0,3,4,9,5,6,5,9,5,8,5,2,5,5,0,3,3,3,3,3,3,3,3,3,3,3,3,3,3,0.666666666666667,1,1,0.666666666666667,1,0.333333333333333,1,0.666666666666667,1,0.333333333333333,0.666666666666667,1,0.666666666666667,0,NA,NA,NA,NA,NA,NA,NA,NA,NA,NA,NA,NA,NA,NA,31209,NA,NA,NA,NA,NA,NA,NA,NA,NA,NA,NA,NA,NA
avInaPwe,information_high,49,Female,White,Private sector,"10,001-20,000",Bachelor,4.467,5,11,5,5,13,6,3,3,3,3,3,3,3,3,3,3,3,2,2,3,3,3,3,5,3,4,4,7,3,5,5,7,4,7,3,10,3,3,3,3,3,3,3,3,3,3,3,3,3,3,1,1,1,1,1,1,1,1,1,0.666666666666667,0.666666666666667,1,1,1,33851,19090,6229,2960,2991,2467,3809,2562,2521,3124,2814,3116,2770,14710,NA,NA,NA,NA,NA,NA,NA,NA,NA,NA,NA,NA,NA,NA
AqoqZREO,structure_high,47,Male,Mixed,Private sector,"<10,000",Senior high,3.067,4,3.5,3.06666666666667,4,0,2,6,1,2,3,3,2,2,2,2,2,2,2,3,2,2,3,5,3,8,3,5,5,4,4,6,5,6,4,11,5,3,3,3,3,3,3,3,3,3,3,3,3,3,3,0.666666666666667,1,1,0.666666666666667,0.666666666666667,0.666666666666667,0.666666666666667,0.666666666666667,0.666666666666667,0.666666666666667,1,0.666666666666667,0.666666666666667,1,NA,NA,NA,NA,NA,NA,NA,NA,NA,NA,NA,NA,NA,NA,NA,NA,NA,NA,NA,NA,NA,NA,NA,NA,NA,NA,NA,NA
BBcHVoCg,structure_low,47,Female,White,Government/Public sector,"30,001-40,000",Bachelor,4.667,5,12,4.8,5,12,1,1,1,3,2,2,3,2,3,3,3,3,3,3,3,3,3,4,6,5,4,2,9,4,10,5,10,3,10,5,8,3,3,3,3,3,3,3,3,3,3,3,3,3,3,1,0.666666666666667,0.666666666666667,1,0.666666666666667,1,1,1,1,1,1,1,1,1,NA,NA,NA,NA,NA,NA,NA,NA,NA,NA,NA,NA,NA,NA,NA,NA,NA,NA,NA,NA,NA,NA,NA,NA,NA,NA,NA,NA
cXbxOJyD,information_high,41,Female,Mixed,Private sector,">60,000",Bachelor,3.267,4,5.5,NA,NA,NA,NA,NA,NA,0,2,0,3,0,3,0,3,0,3,0,NA,0,3,0,2,0,4,0,8,0,10,0,12,0,NA,0,6,3,3,3,3,3,3,3,3,3,3,3,NA,3,3,0,0.666666666666667,0,1,0,1,0,1,0,1,0,NA,0,1,16330,11136,2495,3074,3442,2319,4237,3870,1237,7919,11180,NA,3073,3864,NA,NA,NA,NA,NA,NA,NA,NA,NA,NA,NA,NA,NA,NA
xLGlYUEk,structure_low,58,Male,White,Self-employed/Freelancer,"20,001-30,000",Bachelor,2.267,4,0,2.6,4,0,4,4,4,1,3,0,2,0,0,0,3,0,1,0,3,0,3,0,7,0,8,0,0,0,11,0,5,0,12,0,14,3,3,3,3,3,3,3,3,3,3,3,3,3,3,0.333333333333333,1,0,0.666666666666667,0,0,0,1,0,0.333333333333333,0,1,0,1,NA,NA,NA,NA,NA,NA,NA,NA,NA,NA,NA,NA,NA,NA,NA,NA,NA,NA,NA,NA,NA,NA,NA,NA,NA,NA,NA,NA
vrumaOLj,assistant_high,63,Male,White,Private sector,"20,001-30,000",Bachelor,3.133,4,7.5,NA,NA,NA,NA,NA,NA,3,1,3,NA,3,1,3,1,3,0,3,1,3,1,5,1,9,NA,11,1,10,1,11,0,12,1,10,1,3,3,3,NA,3,3,3,3,3,3,3,3,3,3,1,0.333333333333333,1,NA,1,0.333333333333333,1,0.333333333333333,1,0,1,0.333333333333333,1,0.333333333333333,NA,NA,NA,NA,NA,NA,NA,NA,NA,NA,NA,NA,NA,NA,14071,1422,3910,NA,1759,1539,7586,1719,3031,1712,1619,1760,1753,6030
ZbWnHSex,structure_medium,48,Male,White,Private sector,"40,001-60,000",Bachelor,2.4,2,3,NA,NA,NA,NA,NA,NA,1,0,0,0,0,0,3,0,0,NA,0,0,2,0,0,0,0,0,0,0,3,0,0,NA,0,0,1,0,3,3,3,3,3,3,3,3,3,NA,3,3,3,3,0.333333333333333,0,0,0,0,0,1,0,0,NA,0,0,0.666666666666667,0,NA,NA,NA,NA,NA,NA,NA,NA,NA,NA,NA,NA,NA,NA,NA,NA,NA,NA,NA,NA,NA,NA,NA,NA,NA,NA,NA,NA
ALHcbmQT,information_medium,39,Male,Black,Private sector,"40,001-60,000",Bachelor,3.067,4,5,3.4,4,0,7,7,3,3,2,0,2,2,1,1,1,2,0,2,2,2,0,4,1,0,2,3,0,2,1,4,0,5,2,5,0,3,3,3,3,3,3,3,3,3,3,3,3,3,3,1,0.666666666666667,0,0.666666666666667,0.666666666666667,0.333333333333333,0.333333333333333,0.333333333333333,0.666666666666667,0,0.666666666666667,0.666666666666667,0.666666666666667,0,10863,NA,NA,3241,NA,NA,3292,NA,NA,4500,NA,NA,6005,NA,NA,NA,NA,NA,NA,NA,NA,NA,NA,NA,NA,NA,NA,NA
DFJNVmMX,assistant_low,28,Male,White,Private sector,"20,001-30,000",Senior high,4.267,2,-4,NA,NA,NA,NA,NA,NA,2,1,0,0,0,0,NA,NA,NA,NA,NA,NA,NA,NA,4,3,0,0,0,0,NA,NA,NA,NA,NA,NA,NA,NA,3,3,3,3,3,3,NA,NA,NA,NA,NA,NA,NA,NA,0.666666666666667,0.333333333333333,0,0,0,0,NA,NA,NA,NA,NA,NA,NA,NA,NA,NA,NA,NA,NA,NA,NA,NA,NA,NA,NA,NA,NA,NA,4667,NA,NA,NA,NA,NA,NA,NA,NA,NA,NA,NA,NA,NA
sHhZHUmU,information_low,55,Female,White,Private sector,"20,001-30,000",Senior high,3.333,5,9,3.26666666666667,5,2,6,2,1,3,0,3,0,2,1,2,1,1,2,1,0,1,2,2,0,1,0,3,1,5,2,2,2,4,0,4,3,3,3,3,3,3,3,3,3,3,3,3,3,3,3,1,0,1,0,0.666666666666667,0.333333333333333,0.666666666666667,0.333333333333333,0.333333333333333,0.666666666666667,0.333333333333333,0,0.333333333333333,0.666666666666667,37616,NA,NA,NA,NA,NA,NA,NA,NA,NA,NA,NA,NA,NA,NA,NA,NA,NA,NA,NA,NA,NA,NA,NA,NA,NA,NA,NA
yQWkqvXe,assistant_high,56,Male,White,Private sector,"30,001-40,000",Senior high,2.533,5,8,NA,NA,NA,NA,NA,NA,3,NA,1,NA,NA,NA,NA,NA,NA,1,0,3,0,2,0,NA,0,NA,NA,NA,NA,NA,NA,1,0,3,0,4,3,NA,3,NA,NA,NA,NA,NA,NA,3,3,3,3,3,1,NA,0.333333333333333,NA,NA,NA,NA,NA,NA,0.333333333333333,0,1,0,0.666666666666667,NA,NA,NA,NA,NA,NA,NA,NA,NA,NA,NA,NA,NA,NA,17303,NA,13203,NA,NA,NA,NA,NA,NA,7753,6822,2590,3265,4063
IHaOXPxN,control,45,Female,Black,Self-employed/Freelancer,"<10,000",Bachelor,2.8,4,0.5,NA,NA,NA,NA,NA,NA,0,NA,0,NA,0,NA,0,NA,0,0,NA,0,NA,NA,0,NA,0,NA,0,NA,0,NA,0,0,NA,0,NA,NA,3,NA,3,NA,3,NA,3,NA,3,3,NA,3,NA,NA,0,NA,0,NA,0,NA,0,NA,0,0,NA,0,NA,NA,NA,NA,NA,NA,NA,NA,NA,NA,NA,NA,NA,NA,NA,NA,NA,NA,NA,NA,NA,NA,NA,NA,NA,NA,NA,NA,NA,NA
AFOqMCbZ,information_low,50,Male,White,Government/Public sector,"10,001-20,000",Bachelor,3.6,4,3,NA,NA,NA,NA,NA,NA,3,NA,0,0,0,NA,0,1,0,2,0,NA,NA,0,8,NA,0,0,0,NA,0,5,0,8,0,NA,NA,0,3,NA,3,3,3,NA,3,3,3,3,3,NA,NA,3,1,NA,0,0,0,NA,0,0.333333333333333,0,0.666666666666667,0,NA,NA,0,18624,NA,NA,NA,NA,NA,NA,NA,NA,NA,NA,NA,NA,NA,NA,NA,NA,NA,NA,NA,NA,NA,NA,NA,NA,NA,NA,NA
XZhcpmqf,assistant_medium,21,Male,White,Self-employed/Freelancer,NA,Senior high,2.533,3,0,2.6,2,-4,1,1,1,1,1,0,0,0,0,0,0,0,0,0,0,0,0,2,0,0,0,0,0,0,0,0,0,0,0,0,0,3,3,3,3,3,3,3,3,3,3,3,3,3,3,0.333333333333333,0.333333333333333,0,0,0,0,0,0,0,0,0,0,0,0,NA,NA,NA,NA,NA,NA,NA,NA,NA,NA,NA,NA,NA,NA,18119,NA,NA,11934,NA,NA,3180,NA,NA,3556,NA,NA,2522,NA
owszyynO,assistant_medium,42,Male,NA,Self-employed/Freelancer,"10,001-20,000",Bachelor,3.733,5,12,NA,NA,NA,NA,NA,NA,0,3,1,NA,1,NA,NA,NA,NA,3,NA,NA,0,2,0,8,1,NA,2,NA,NA,NA,NA,6,NA,NA,0,8,3,3,3,NA,3,NA,NA,NA,NA,3,NA,NA,3,3,0,1,0.333333333333333,NA,0.333333333333333,NA,NA,NA,NA,1,NA,NA,0,0.666666666666667,NA,NA,NA,NA,NA,NA,NA,NA,NA,NA,NA,NA,NA,NA,21640,NA,NA,NA,NA,NA,NA,NA,NA,2082,NA,NA,1545,NA
mSPdfPQU,assistant_low,30,Male,White,Private sector,"20,001-30,000",Bachelor,3.533,4,0.5,3.33333333333333,4,0,2,3,1,3,1,3,1,3,2,3,3,3,3,3,2,2,2,5,2,9,1,12,6,13,10,13,10,13,11,10,11,3,3,3,3,3,3,3,3,3,3,3,3,3,3,1,0.333333333333333,1,0.333333333333333,1,0.666666666666667,1,1,1,1,1,0.666666666666667,0.666666666666667,0.666666666666667,NA,NA,NA,NA,NA,NA,NA,NA,NA,NA,NA,NA,NA,NA,25949,NA,NA,NA,NA,NA,NA,NA,NA,NA,NA,NA,NA,NA
oxYtSWbh,structure_high,39,Male,Other,Government/Public sector,">60,000",Master,2.467,4,5,2.86666666666667,4,1,4,3,5,3,3,2,3,3,3,3,3,2,3,3,3,3,2,5,2,9,3,4,3,12,3,5,3,9,3,9,3,3,3,3,3,3,3,3,3,3,3,3,3,3,3,1,1,0.666666666666667,1,1,1,1,1,0.666666666666667,1,1,1,1,0.666666666666667,NA,NA,NA,NA,NA,NA,NA,NA,NA,NA,NA,NA,NA,NA,NA,NA,NA,NA,NA,NA,NA,NA,NA,NA,NA,NA,NA,NA
yaWyFMKx,structure_high,32,Female,Black,Self-employed/Freelancer,"<10,000",Senior high,4.4,4,8.5,NA,NA,NA,NA,NA,NA,2,3,1,3,1,3,3,3,2,3,0,3,NA,3,1,4,0,4,2,4,4,5,3,3,0,5,NA,6,3,3,3,3,3,3,3,3,3,3,3,3,NA,3,0.666666666666667,1,0.333333333333333,1,0.333333333333333,1,1,1,0.666666666666667,1,0,1,NA,1,NA,NA,NA,NA,NA,NA,NA,NA,NA,NA,NA,NA,NA,NA,NA,NA,NA,NA,NA,NA,NA,NA,NA,NA,NA,NA,NA,NA
BMLQgMJi,structure_medium,37,Female,Black,Private sector,"10,001-20,000",Bachelor,3.733,5,11.5,4.2,5,9,5,1,1,0,0,0,2,0,1,1,0,0,3,0,1,2,1,0,0,0,2,0,0,0,0,0,2,0,0,3,0,3,3,3,3,3,3,3,3,3,3,3,3,3,3,0,0,0,0.666666666666667,0,0.333333333333333,0.333333333333333,0,0,1,0,0.333333333333333,0.666666666666667,0.333333333333333,NA,NA,NA,NA,NA,NA,NA,NA,NA,NA,NA,NA,NA,NA,NA,NA,NA,NA,NA,NA,NA,NA,NA,NA,NA,NA,NA,NA
RkNpQJus,structure_medium,64,Female,Mixed,Self-employed/Freelancer,"40,001-60,000",Senior high,4.467,4,4.5,4.2,5,2.5,6,2,1,0,0,0,1,2,1,1,1,1,1,2,2,1,1,0,0,0,0,1,0,1,4,1,0,0,1,1,4,3,3,3,3,3,3,3,3,3,3,3,3,3,3,0,0,0,0.333333333333333,0.666666666666667,0.333333333333333,0.333333333333333,0.333333333333333,0.333333333333333,0.333333333333333,0.666666666666667,0.666666666666667,0.333333333333333,0.333333333333333,NA,NA,NA,NA,NA,NA,NA,NA,NA,NA,NA,NA,NA,NA,NA,NA,NA,NA,NA,NA,NA,NA,NA,NA,NA,NA,NA,NA
wRyzrJEx,information_low,26,Male,White,Self-employed/Freelancer,"10,001-20,000",Master,3.467,4,5,3,4,6.5,6,2,2,3,2,3,3,2,2,2,3,2,2,2,2,2,2,9,5,10,7,10,6,11,7,9,9,11,6,10,3,3,3,3,3,3,3,3,3,3,3,3,3,3,3,1,0.666666666666667,1,1,0.666666666666667,0.666666666666667,0.666666666666667,1,0.666666666666667,0.666666666666667,0.666666666666667,0.666666666666667,0.666666666666667,0.666666666666667,10065,NA,NA,NA,NA,NA,NA,NA,NA,NA,NA,NA,NA,NA,NA,NA,NA,NA,NA,NA,NA,NA,NA,NA,NA,NA,NA,NA
dATBdRmF,information_high,33,Male,Black,Private sector,">60,000",Bachelor,2.867,4,10.5,3.13333333333333,3,5.5,4,2,3,2,0,3,0,3,0,3,0,3,3,3,1,3,0,5,0,7,0,12,0,1,0,12,3,11,0,2,0,3,3,3,3,3,3,3,3,3,3,3,3,3,3,0.666666666666667,0,1,0,1,0,1,0,1,1,1,0.333333333333333,1,0,9756,16707,1681,3207,10058,2643,4291,2698,4852,1495,11335,3037,13841,13368,NA,NA,NA,NA,NA,NA,NA,NA,NA,NA,NA,NA,NA,NA
JxFMQVTF,structure_high,54,Male,White,Private sector,"40,001-60,000",Bachelor,4.067,4,6,4,4,6,6,4,3,1,2,2,0,3,1,2,1,3,1,3,1,3,1,1,5,2,0,4,0,5,0,6,0,9,0,8,0,3,3,3,3,3,3,3,3,3,3,3,3,3,3,0.333333333333333,0.666666666666667,0.666666666666667,0,1,0.333333333333333,0.666666666666667,0.333333333333333,1,0.333333333333333,1,0.333333333333333,1,0.333333333333333,NA,NA,NA,NA,NA,NA,NA,NA,NA,NA,NA,NA,NA,NA,NA,NA,NA,NA,NA,NA,NA,NA,NA,NA,NA,NA,NA,NA
NBBViIxf,control,51,Male,White,Self-employed/Freelancer,"30,001-40,000",College diploma,3.733,5,11,NA,NA,NA,NA,NA,NA,0,2,0,3,0,2,0,2,0,NA,0,NA,NA,1,0,5,0,9,0,10,0,9,0,NA,0,NA,NA,4,3,3,3,3,3,3,3,3,3,NA,3,NA,NA,3,0,0.666666666666667,0,1,0,0.666666666666667,0,0.666666666666667,0,NA,0,NA,NA,0.333333333333333,NA,NA,NA,NA,NA,NA,NA,NA,NA,NA,NA,NA,NA,NA,NA,NA,NA,NA,NA,NA,NA,NA,NA,NA,NA,NA,NA,NA
jHfqtqGo,information_high,27,Male,Black,Self-employed/Freelancer,"<10,000",Senior high,3.267,4,6.5,3.06666666666667,3,7,3,5,7,1,0,0,0,0,0,0,0,0,0,0,0,0,1,1,0,0,0,0,0,0,0,0,0,0,0,0,3,3,3,3,3,3,3,3,3,3,3,3,3,3,3,0.333333333333333,0,0,0,0,0,0,0,0,0,0,0,0,0.333333333333333,59469,71757,17595,8335,8893,13470,24629,12568,11999,10944,32005,7048,9537,31249,NA,NA,NA,NA,NA,NA,NA,NA,NA,NA,NA,NA,NA,NA
WhPGmCmw,structure_high,40,Male,Black,Private sector,"10,001-20,000",Senior high,3.133,5,12.5,3,4,7.5,6,1,1,3,1,1,1,0,1,1,1,0,0,1,1,2,1,4,0,0,0,0,0,0,0,0,0,0,0,1,0,3,3,3,3,3,3,3,3,3,3,3,3,3,3,1,0.333333333333333,0.333333333333333,0.333333333333333,0,0.333333333333333,0.333333333333333,0.333333333333333,0,0,0.333333333333333,0.333333333333333,0.666666666666667,0.333333333333333,NA,NA,NA,NA,NA,NA,NA,NA,NA,NA,NA,NA,NA,NA,NA,NA,NA,NA,NA,NA,NA,NA,NA,NA,NA,NA,NA,NA
atnJLMgB,information_medium,55,Female,White,Self-employed/Freelancer,"40,001-60,000",Bachelor,3.267,4,7.5,4.13333333333333,5,9,6,5,4,2,0,1,2,2,0,1,0,1,1,0,0,0,0,1,0,2,3,5,0,3,0,4,1,0,0,0,0,3,3,3,3,3,3,3,3,3,3,3,3,3,3,0.666666666666667,0,0.333333333333333,0.666666666666667,0.666666666666667,0,0.333333333333333,0,0.333333333333333,0.333333333333333,0,0,0,0,28414,NA,NA,12331,NA,NA,26324,NA,NA,4611,NA,NA,3663,NA,NA,NA,NA,NA,NA,NA,NA,NA,NA,NA,NA,NA,NA,NA
AEcUjMOG,information_medium,30,Female,Black,Student,"<10,000",College diploma,4.2,5,9.5,4.33333333333333,4,12,7,1,1,1,3,0,3,0,3,0,3,0,3,0,3,0,3,0,3,0,3,0,3,0,3,0,3,0,3,0,3,3,3,3,3,3,3,3,3,3,3,3,3,3,3,0.333333333333333,1,0,1,0,1,0,1,0,1,0,1,0,1,18855,NA,NA,13458,NA,NA,11501,NA,NA,6365,NA,NA,2616,NA,NA,NA,NA,NA,NA,NA,NA,NA,NA,NA,NA,NA,NA,NA
SvLjfSXC,information_medium,39,Male,White,Private sector,"40,001-60,000",Master,3.6,4,5,3.46666666666667,4,5.5,5,3,2,2,0,2,0,2,0,3,0,3,0,3,0,3,0,3,0,5,0,8,0,9,0,7,0,9,0,9,0,3,3,3,3,3,3,3,3,3,3,3,3,3,3,0.666666666666667,0,0.666666666666667,0,0.666666666666667,0,1,0,1,0,1,0,1,0,11244,NA,NA,2807,NA,NA,962,NA,NA,919,NA,NA,1114,NA,NA,NA,NA,NA,NA,NA,NA,NA,NA,NA,NA,NA,NA,NA
TTDLYsgb,information_high,34,Female,White,Other,"<10,000",Master,3.933,4,-1,NA,NA,NA,NA,NA,NA,0,0,0,0,0,0,0,NA,0,0,NA,0,0,0,0,0,0,0,0,0,0,NA,0,0,NA,0,0,0,3,3,3,3,3,3,3,NA,3,3,NA,3,3,3,0,0,0,0,0,0,0,NA,0,0,NA,0,0,0,11405,3955,2231,4871,4164,2254,4356,NA,2155,4340,NA,2352,1972,1606,NA,NA,NA,NA,NA,NA,NA,NA,NA,NA,NA,NA,NA,NA
gmfdDdIc,assistant_medium,38,Male,White,Other,"<10,000",Senior high,3.667,4,-3,NA,NA,NA,NA,NA,NA,1,NA,1,0,0,0,0,1,0,1,0,0,0,0,0,NA,0,0,0,0,0,0,0,0,0,0,0,0,3,NA,3,3,3,3,3,3,3,3,3,3,3,3,0.333333333333333,NA,0.333333333333333,0,0,0,0,0.333333333333333,0,0.333333333333333,0,0,0,0,NA,NA,NA,NA,NA,NA,NA,NA,NA,NA,NA,NA,NA,NA,22174,NA,NA,18155,NA,NA,13846,NA,NA,2738,NA,NA,5448,NA
CdsFKHCj,information_medium,44,Female,White,Self-employed/Freelancer,"40,001-60,000",Bachelor,3.933,4,8.5,4.73333333333333,4,6.5,6,2,1,1,0,0,3,3,3,3,3,2,2,2,2,2,3,0,0,0,3,8,3,7,3,7,2,6,3,5,3,3,3,3,3,3,3,3,3,3,3,3,3,3,3,0.333333333333333,0,0,1,1,1,1,1,0.666666666666667,0.666666666666667,0.666666666666667,0.666666666666667,0.666666666666667,1,29343,NA,NA,13239,NA,NA,11079,NA,NA,6517,NA,NA,5521,NA,NA,NA,NA,NA,NA,NA,NA,NA,NA,NA,NA,NA,NA,NA
rNNNqKcq,structure_high,26,Male,White,Self-employed/Freelancer,"10,001-20,000",Bachelor,3.867,4,3,NA,NA,NA,NA,NA,NA,2,3,3,NA,3,3,3,3,NA,3,3,3,3,3,6,5,9,NA,8,9,8,9,NA,9,9,11,12,8,3,3,3,NA,3,3,3,3,NA,3,3,3,3,3,0.666666666666667,1,1,NA,1,1,1,1,NA,1,1,1,1,1,NA,NA,NA,NA,NA,NA,NA,NA,NA,NA,NA,NA,NA,NA,NA,NA,NA,NA,NA,NA,NA,NA,NA,NA,NA,NA,NA,NA
qydRZAYd,structure_high,68,Female,White,Other,"20,001-30,000",Senior high,3.8,5,7.5,NA,NA,NA,NA,NA,NA,3,NA,3,2,3,3,3,2,3,2,3,1,3,0,5,NA,5,1,4,0,6,2,5,1,9,1,4,0,3,NA,3,3,3,3,3,3,3,3,3,3,3,3,1,NA,1,0.666666666666667,1,1,1,0.666666666666667,1,0.666666666666667,1,0.333333333333333,1,0,NA,NA,NA,NA,NA,NA,NA,NA,NA,NA,NA,NA,NA,NA,NA,NA,NA,NA,NA,NA,NA,NA,NA,NA,NA,NA,NA,NA
XCtAEQSJ,control,27,Male,White,Government/Public sector,">60,000",Master,3.8,4,0,NA,NA,NA,NA,NA,NA,0,2,NA,NA,0,3,0,1,0,0,0,0,0,2,0,6,NA,NA,0,5,0,2,0,0,0,0,0,1,3,3,NA,NA,3,3,3,3,3,3,3,3,3,3,0,0.666666666666667,NA,NA,0,1,0,0.333333333333333,0,0,0,0,0,0.666666666666667,NA,NA,NA,NA,NA,NA,NA,NA,NA,NA,NA,NA,NA,NA,NA,NA,NA,NA,NA,NA,NA,NA,NA,NA,NA,NA,NA,NA
HBJfXKuL,information_medium,25,Female,White,Other,"<10,000",Master,4.4,5,11,NA,NA,NA,NA,NA,NA,3,3,3,3,3,3,3,3,3,3,NA,NA,NA,3,10,5,10,8,7,9,10,9,7,8,NA,NA,NA,7,3,3,3,3,3,3,3,3,3,3,NA,NA,NA,3,1,1,1,1,1,1,1,1,1,1,NA,NA,NA,1,18999,NA,NA,2881,NA,NA,22735,NA,NA,2694,NA,NA,NA,NA,NA,NA,NA,NA,NA,NA,NA,NA,NA,NA,NA,NA,NA,NA
yCeCCgXu,information_medium,38,Female,Black,Private sector,"<10,000",Bachelor,2.067,4,4.5,NA,NA,NA,NA,NA,NA,2,3,3,NA,3,3,3,3,3,3,3,3,3,3,3,1,3,NA,3,3,3,4,3,2,3,7,4,3,3,3,3,NA,3,3,3,3,3,3,3,3,3,3,0.666666666666667,1,1,NA,1,1,1,1,1,1,1,1,1,1,24783,NA,NA,NA,NA,NA,2697,NA,NA,1750,NA,NA,3535,NA,NA,NA,NA,NA,NA,NA,NA,NA,NA,NA,NA,NA,NA,NA
CkHmfSrf,information_low,24,Male,Black,Student,"<10,000",Senior high,2.933,4,0.5,NA,NA,NA,NA,NA,NA,1,NA,1,0,0,2,0,2,1,2,1,1,1,1,1,NA,1,0,0,5,0,6,1,7,1,4,1,5,3,NA,3,3,3,3,3,3,3,3,3,3,3,3,0.333333333333333,NA,0.333333333333333,0,0,0.666666666666667,0,0.666666666666667,0.333333333333333,0.666666666666667,0.333333333333333,0.333333333333333,0.333333333333333,0.333333333333333,17154,NA,NA,NA,NA,NA,NA,NA,NA,NA,NA,NA,NA,NA,NA,NA,NA,NA,NA,NA,NA,NA,NA,NA,NA,NA,NA,NA
qwehpcbt,assistant_medium,58,Female,White,Government/Public sector,"10,001-20,000",College diploma,4.267,5,12,4.86666666666667,5,14,1,4,3,3,0,3,0,3,1,3,1,3,0,3,0,3,3,4,0,4,0,6,0,6,0,6,0,6,0,6,8,3,3,3,3,3,3,3,3,3,3,3,3,3,3,1,0,1,0,1,0.333333333333333,1,0.333333333333333,1,0,1,0,1,1,NA,NA,NA,NA,NA,NA,NA,NA,NA,NA,NA,NA,NA,NA,7596,NA,NA,5823,NA,NA,17163,NA,NA,14880,NA,NA,14534,NA
jsqvEeKY,structure_low,43,Male,White,Private sector,">60,000",Bachelor,4.2,5,6,NA,NA,NA,NA,NA,NA,1,2,NA,0,0,NA,1,0,0,0,1,0,1,0,1,3,NA,0,0,NA,3,0,0,0,3,0,4,0,3,3,NA,3,3,NA,3,3,3,3,3,3,3,3,0.333333333333333,0.666666666666667,NA,0,0,NA,0.333333333333333,0,0,0,0.333333333333333,0,0.333333333333333,0,NA,NA,NA,NA,NA,NA,NA,NA,NA,NA,NA,NA,NA,NA,NA,NA,NA,NA,NA,NA,NA,NA,NA,NA,NA,NA,NA,NA
yfzmJdtT,structure_high,29,Female,White,Private sector,"10,001-20,000",Bachelor,3.467,4,-4,3.73333333333333,4,-4,4,3,5,3,3,3,3,3,3,3,3,3,2,3,2,3,3,5,10,5,9,6,10,6,14,10,7,11,5,10,9,3,3,3,3,3,3,3,3,3,3,3,3,3,3,1,1,1,1,1,1,1,1,1,0.666666666666667,1,0.666666666666667,1,1,NA,NA,NA,NA,NA,NA,NA,NA,NA,NA,NA,NA,NA,NA,NA,NA,NA,NA,NA,NA,NA,NA,NA,NA,NA,NA,NA,NA
ynHnWIOT,assistant_low,38,Female,Black,Government/Public sector,"10,001-20,000",Master,2.933,3,0,2.6,3,0,2,4,4,1,2,0,3,0,2,0,3,0,3,0,3,0,3,0,2,0,3,0,3,0,3,0,2,0,3,0,3,3,3,3,3,3,3,3,3,3,3,3,3,3,3,0.333333333333333,0.666666666666667,0,1,0,0.666666666666667,0,1,0,1,0,1,0,1,NA,NA,NA,NA,NA,NA,NA,NA,NA,NA,NA,NA,NA,NA,12551,NA,NA,NA,NA,NA,NA,NA,NA,NA,NA,NA,NA,NA
WgcPMLFm,information_low,27,Male,White,Private sector,">60,000",Bachelor,3.533,4,5,NA,NA,NA,NA,NA,NA,2,NA,2,NA,NA,NA,NA,1,NA,1,0,NA,NA,1,6,NA,7,NA,NA,NA,NA,3,NA,5,0,NA,NA,4,3,NA,3,NA,NA,NA,NA,3,NA,3,3,NA,NA,3,0.666666666666667,NA,0.666666666666667,NA,NA,NA,NA,0.333333333333333,NA,0.333333333333333,0,NA,NA,0.333333333333333,14868,NA,NA,NA,NA,NA,NA,NA,NA,NA,NA,NA,NA,NA,NA,NA,NA,NA,NA,NA,NA,NA,NA,NA,NA,NA,NA,NA
emfIReaQ,assistant_medium,32,Female,Black,Private sector,"10,001-20,000",Senior high,4.333,5,11,NA,NA,NA,NA,NA,NA,1,2,2,1,3,NA,3,1,2,0,3,NA,3,NA,2,3,6,1,4,NA,5,2,6,0,6,NA,6,NA,3,3,3,3,3,NA,3,3,3,3,3,NA,3,NA,0.333333333333333,0.666666666666667,0.666666666666667,0.333333333333333,1,NA,1,0.333333333333333,0.666666666666667,0,1,NA,1,NA,NA,NA,NA,NA,NA,NA,NA,NA,NA,NA,NA,NA,NA,NA,11299,NA,NA,9802,NA,NA,4960,NA,NA,4164,NA,NA,2793,NA
vrzsLQnI,assistant_high,47,Male,White,Private sector,"20,001-30,000",College diploma,4.067,4,8.5,4.4,4,8.5,6,2,1,1,2,1,2,1,2,2,2,1,2,1,2,2,2,2,3,2,4,3,3,5,3,3,2,2,4,6,4,3,3,3,3,3,3,3,3,3,3,3,3,3,3,0.333333333333333,0.666666666666667,0.333333333333333,0.666666666666667,0.333333333333333,0.666666666666667,0.666666666666667,0.666666666666667,0.333333333333333,0.666666666666667,0.333333333333333,0.666666666666667,0.666666666666667,0.666666666666667,NA,NA,NA,NA,NA,NA,NA,NA,NA,NA,NA,NA,NA,NA,14932,6218,6176,4636,4291,4069,3876,3985,3591,3961,4134,3628,3784,3492
QSMZdBGE,control,28,Female,White,Student,NA,Bachelor,3.267,4,1.5,2.6,4,3,NA,NA,NA,3,0,1,0,2,0,2,1,3,0,2,0,2,0,3,0,5,0,8,0,9,2,9,0,9,0,7,0,3,3,3,3,3,3,3,3,3,3,3,3,3,3,1,0,0.333333333333333,0,0.666666666666667,0,0.666666666666667,0.333333333333333,1,0,0.666666666666667,0,0.666666666666667,0,NA,NA,NA,NA,NA,NA,NA,NA,NA,NA,NA,NA,NA,NA,NA,NA,NA,NA,NA,NA,NA,NA,NA,NA,NA,NA,NA,NA
QkKRVuTp,assistant_high,30,Male,White,Self-employed/Freelancer,"<10,000",Senior high,4.333,3,2.5,4.53333333333333,4,7,7,3,2,1,2,2,0,2,2,2,2,2,1,3,2,3,2,1,2,5,0,4,5,4,4,7,3,6,6,8,5,3,3,3,3,3,3,3,3,3,3,3,3,3,3,0.333333333333333,0.666666666666667,0.666666666666667,0,0.666666666666667,0.666666666666667,0.666666666666667,0.666666666666667,0.666666666666667,0.333333333333333,1,0.666666666666667,1,0.666666666666667,NA,NA,NA,NA,NA,NA,NA,NA,NA,NA,NA,NA,NA,NA,29674,13166,15106,6293,5147,4766,6777,5119,4744,7557,4309,5158,2623,7776
nLeohurt,assistant_low,30,Male,White,Other,"<10,000",College diploma,3.267,5,3.5,3.4,5,7,6,4,2,2,3,3,3,3,3,3,3,3,3,2,2,3,3,6,7,9,9,4,8,10,9,7,7,6,9,10,9,3,3,3,3,3,3,3,3,3,3,3,3,3,3,0.666666666666667,1,1,1,1,1,1,1,1,1,0.666666666666667,0.666666666666667,1,1,NA,NA,NA,NA,NA,NA,NA,NA,NA,NA,NA,NA,NA,NA,9749,NA,NA,NA,NA,NA,NA,NA,NA,NA,NA,NA,NA,NA
GZENBMBR,assistant_low,30,Male,White,Private sector,"20,001-30,000",Bachelor,3.867,4,4,3.53333333333333,4,2.5,4,2,2,3,3,0,0,0,0,0,0,0,0,0,0,0,0,4,7,0,0,0,0,0,0,0,0,0,0,0,0,3,3,3,3,3,3,3,3,3,3,3,3,3,3,1,1,0,0,0,0,0,0,0,0,0,0,0,0,NA,NA,NA,NA,NA,NA,NA,NA,NA,NA,NA,NA,NA,NA,6844,NA,NA,NA,NA,NA,NA,NA,NA,NA,NA,NA,NA,NA
hDeBxlgn,assistant_high,25,Male,White,Private sector,"20,001-30,000",Bachelor,4.533,4,9,4.26666666666667,4,14,4,1,2,1,1,1,1,2,1,1,2,2,2,0,0,0,3,2,2,3,1,2,4,3,8,6,8,0,0,0,12,3,3,3,3,3,3,3,3,3,3,3,3,3,3,0.333333333333333,0.333333333333333,0.333333333333333,0.333333333333333,0.666666666666667,0.333333333333333,0.333333333333333,0.666666666666667,0.666666666666667,0.666666666666667,0,0,0,1,NA,NA,NA,NA,NA,NA,NA,NA,NA,NA,NA,NA,NA,NA,25840,10726,8314,3022,2615,4796,2273,2773,1959,1726,1724,1818,2138,2587
SWplvDSc,information_high,34,Female,White,Private sector,"30,001-40,000",Master,4.467,4,7,4,4,4.5,5,3,1,2,0,3,0,3,0,3,0,3,0,3,0,3,0,9,0,12,0,11,0,11,0,9,0,12,0,8,0,3,3,3,3,3,3,3,3,3,3,3,3,3,3,0.666666666666667,0,1,0,1,0,1,0,1,0,1,0,1,0,5098,9954,1001,416,333,374,709,602,576,407,387,477,1546,485,NA,NA,NA,NA,NA,NA,NA,NA,NA,NA,NA,NA,NA,NA
qRORKhiO,assistant_medium,30,Female,Black,Private sector,"20,001-30,000",Bachelor,3.533,4,13,3.13333333333333,5,9,6,2,1,3,1,2,2,2,2,2,1,2,0,3,1,3,1,3,1,2,2,2,0,3,4,4,0,6,0,7,0,3,3,3,3,3,3,3,3,3,3,3,3,3,3,1,0.333333333333333,0.666666666666667,0.666666666666667,0.666666666666667,0.666666666666667,0.666666666666667,0.333333333333333,0.666666666666667,0,1,0.333333333333333,1,0.333333333333333,NA,NA,NA,NA,NA,NA,NA,NA,NA,NA,NA,NA,NA,NA,8281,NA,NA,9339,NA,NA,7481,NA,NA,4953,NA,NA,5632,NA
WFjpoBuQ,information_low,48,Female,Black,Government/Public sector,"10,001-20,000",Bachelor,2.867,4,4.5,3.33333333333333,4,6.5,5,2,2,1,1,2,2,1,1,1,0,1,1,1,1,0,0,2,1,2,2,1,1,2,0,2,2,5,1,0,0,3,3,3,3,3,3,3,3,3,3,3,3,3,3,0.333333333333333,0.333333333333333,0.666666666666667,0.666666666666667,0.333333333333333,0.333333333333333,0.333333333333333,0,0.333333333333333,0.333333333333333,0.333333333333333,0.333333333333333,0,0,20727,NA,NA,NA,NA,NA,NA,NA,NA,NA,NA,NA,NA,NA,NA,NA,NA,NA,NA,NA,NA,NA,NA,NA,NA,NA,NA,NA
dAcdLbSo,structure_medium,50,Male,White,Private sector,"20,001-30,000",Senior high,3,4,0,3.33333333333333,3,0,3,4,2,3,0,3,0,3,0,1,1,1,2,0,1,3,1,4,0,6,0,8,0,2,0,2,5,0,3,7,0,3,3,3,3,3,3,3,3,3,3,3,3,3,3,1,0,1,0,1,0,0.333333333333333,0.333333333333333,0.333333333333333,0.666666666666667,0,0.333333333333333,1,0.333333333333333,NA,NA,NA,NA,NA,NA,NA,NA,NA,NA,NA,NA,NA,NA,NA,NA,NA,NA,NA,NA,NA,NA,NA,NA,NA,NA,NA,NA
ZAHhLfLV,information_low,73,Female,White,Other,NA,Master,4.333,5,11,4.6,5,14,6,2,1,0,1,2,3,3,3,3,2,3,1,3,2,3,3,0,2,2,5,3,5,3,6,3,3,3,8,3,8,3,3,3,3,3,3,3,3,3,3,3,3,3,3,0,0.333333333333333,0.666666666666667,1,1,1,1,0.666666666666667,1,0.333333333333333,1,0.666666666666667,1,1,13833,NA,NA,NA,NA,NA,NA,NA,NA,NA,NA,NA,NA,NA,NA,NA,NA,NA,NA,NA,NA,NA,NA,NA,NA,NA,NA,NA
JiENpGYu,structure_low,27,Female,Black,Private sector,"30,001-40,000",Bachelor,3.133,5,0,3.26666666666667,5,0,7,7,3,0,1,0,0,0,0,0,0,0,0,0,0,0,0,0,0,0,0,0,0,0,0,0,0,0,0,0,0,3,3,3,3,3,3,3,3,3,3,3,3,3,3,0,0.333333333333333,0,0,0,0,0,0,0,0,0,0,0,0,NA,NA,NA,NA,NA,NA,NA,NA,NA,NA,NA,NA,NA,NA,NA,NA,NA,NA,NA,NA,NA,NA,NA,NA,NA,NA,NA,NA
dKKGCgfO,structure_low,47,Female,Black,Private sector,">60,000",Doctoral,3.467,5,6,3.13333333333333,5,4,7,6,5,0,3,0,3,0,1,0,1,0,1,0,2,0,1,0,3,0,1,0,3,0,3,0,3,0,1,0,3,3,3,3,3,3,3,3,3,3,3,3,3,3,3,0,1,0,1,0,0.333333333333333,0,0.333333333333333,0,0.333333333333333,0,0.666666666666667,0,0.333333333333333,NA,NA,NA,NA,NA,NA,NA,NA,NA,NA,NA,NA,NA,NA,NA,NA,NA,NA,NA,NA,NA,NA,NA,NA,NA,NA,NA,NA
gVHZaJPo,assistant_low,68,Male,White,Other,"30,001-40,000",Bachelor,4,3,0,3.66666666666667,3,-1.5,2,5,3,3,3,1,0,0,0,0,0,0,0,0,0,0,0,1,5,1,0,0,0,0,0,0,0,0,0,0,0,3,3,3,3,3,3,3,3,3,3,3,3,3,3,1,1,0.333333333333333,0,0,0,0,0,0,0,0,0,0,0,NA,NA,NA,NA,NA,NA,NA,NA,NA,NA,NA,NA,NA,NA,44800,NA,NA,NA,NA,NA,NA,NA,NA,NA,NA,NA,NA,NA
vDgDUQzG,structure_medium,28,Female,White,Private sector,"30,001-40,000",Bachelor,3.933,5,11.5,3.86666666666667,5,13,6,1,2,3,3,1,3,0,2,1,2,0,3,1,3,3,2,9,0,5,3,0,9,3,10,0,6,3,2,8,1,3,3,3,3,3,3,3,3,3,3,3,3,3,3,1,1,0.333333333333333,1,0,0.666666666666667,0.333333333333333,0.666666666666667,0,1,0.333333333333333,1,1,0.666666666666667,NA,NA,NA,NA,NA,NA,NA,NA,NA,NA,NA,NA,NA,NA,NA,NA,NA,NA,NA,NA,NA,NA,NA,NA,NA,NA,NA,NA
tXEcwnbZ,control,33,Male,White,Private sector,"20,001-30,000",Bachelor,2.933,4,5.5,NA,NA,NA,NA,NA,NA,0,0,0,NA,NA,NA,NA,0,0,0,0,0,NA,0,0,0,0,NA,NA,NA,NA,0,0,0,0,0,NA,0,3,3,3,NA,NA,NA,NA,3,3,3,3,3,NA,3,0,0,0,NA,NA,NA,NA,0,0,0,0,0,NA,0,NA,NA,NA,NA,NA,NA,NA,NA,NA,NA,NA,NA,NA,NA,NA,NA,NA,NA,NA,NA,NA,NA,NA,NA,NA,NA,NA,NA
autNaZvO,assistant_medium,28,Male,White,Self-employed/Freelancer,"20,001-30,000",College diploma,3.733,4,8,NA,NA,NA,NA,NA,NA,1,0,1,1,0,1,NA,NA,NA,1,1,1,1,1,3,0,4,3,0,4,NA,NA,NA,4,4,4,4,5,3,3,3,3,3,3,NA,NA,NA,3,3,3,3,3,0.333333333333333,0,0.333333333333333,0.333333333333333,0,0.333333333333333,NA,NA,NA,0.333333333333333,0.333333333333333,0.333333333333333,0.333333333333333,0.333333333333333,NA,NA,NA,NA,NA,NA,NA,NA,NA,NA,NA,NA,NA,NA,9763,NA,NA,1757,NA,NA,NA,NA,NA,19375,NA,NA,17782,NA
DiUIqFQn,assistant_high,34,Female,Black,Private sector,">60,000",Master,2.8,5,2.5,3.66666666666667,5,12.5,6,5,4,2,3,1,2,2,3,3,3,3,3,3,3,3,3,3,2,1,2,2,0,5,3,4,2,6,3,4,3,3,3,3,3,3,3,3,3,3,3,3,3,3,3,0.666666666666667,1,0.333333333333333,0.666666666666667,0.666666666666667,1,1,1,1,1,1,1,1,1,NA,NA,NA,NA,NA,NA,NA,NA,NA,NA,NA,NA,NA,NA,14704,6606,13454,18476,4442,10601,5815,6671,12188,12171,4781,7437,4821,6018
KGiBABtl,structure_low,46,Male,White,Private sector,"<10,000",College diploma,4.067,5,14,3.93333333333333,5,12,6,1,1,3,3,0,2,0,2,0,3,0,3,0,1,0,2,1,6,0,4,0,4,0,5,0,7,0,4,0,6,3,3,3,3,3,3,3,3,3,3,3,3,3,3,1,1,0,0.666666666666667,0,0.666666666666667,0,1,0,1,0,0.333333333333333,0,0.666666666666667,NA,NA,NA,NA,NA,NA,NA,NA,NA,NA,NA,NA,NA,NA,NA,NA,NA,NA,NA,NA,NA,NA,NA,NA,NA,NA,NA,NA
BNmEoePB,information_low,26,Male,Black,Self-employed/Freelancer,"<10,000",College diploma,3.267,5,5.5,2.93333333333333,5,4.5,5,1,1,2,2,2,2,3,2,2,0,0,3,0,3,0,1,1,4,3,2,3,3,0,0,0,3,0,3,0,2,3,3,3,3,3,3,3,3,3,3,3,3,3,3,0.666666666666667,0.666666666666667,0.666666666666667,0.666666666666667,1,0.666666666666667,0.666666666666667,0,0,1,0,1,0,0.333333333333333,22982,NA,NA,NA,NA,NA,NA,NA,NA,NA,NA,NA,NA,NA,NA,NA,NA,NA,NA,NA,NA,NA,NA,NA,NA,NA,NA,NA
PToLqFlo,structure_high,34,Male,Black,Self-employed/Freelancer,"<10,000",College diploma,2.867,5,4.5,NA,NA,NA,NA,NA,NA,2,2,1,2,1,0,1,1,3,1,3,NA,NA,1,2,2,1,2,2,0,2,0,4,0,3,NA,NA,3,3,3,3,3,3,3,3,3,3,3,3,NA,NA,3,0.666666666666667,0.666666666666667,0.333333333333333,0.666666666666667,0.333333333333333,0,0.333333333333333,0.333333333333333,1,0.333333333333333,1,NA,NA,0.333333333333333,NA,NA,NA,NA,NA,NA,NA,NA,NA,NA,NA,NA,NA,NA,NA,NA,NA,NA,NA,NA,NA,NA,NA,NA,NA,NA,NA,NA
IerOIAvw,assistant_low,27,Female,Black,Private sector,"20,001-30,000",Bachelor,4.133,5,4.5,NA,NA,NA,NA,NA,NA,1,1,2,2,2,0,0,0,0,0,0,0,0,0,2,2,3,3,4,0,0,0,0,0,0,0,0,0,3,3,3,3,3,3,3,3,3,3,3,3,3,3,0.333333333333333,0.333333333333333,0.666666666666667,0.666666666666667,0.666666666666667,0,0,0,0,0,0,0,0,0,NA,NA,NA,NA,NA,NA,NA,NA,NA,NA,NA,NA,NA,NA,15422,NA,NA,NA,NA,NA,NA,NA,NA,NA,NA,NA,NA,NA
YVcXheDS,information_medium,28,Female,White,Private sector,"20,001-30,000",Master,2.933,4,0,2.93333333333333,4,-2,3,3,4,3,1,3,0,0,0,0,1,0,0,1,1,0,2,3,2,4,0,0,0,0,1,0,0,1,1,0,5,3,3,3,3,3,3,3,3,3,3,3,3,3,3,1,0.333333333333333,1,0,0,0,0,0.333333333333333,0,0,0.333333333333333,0.333333333333333,0,0.666666666666667,10887,NA,NA,1132,NA,NA,801,NA,NA,1141,NA,NA,766,NA,NA,NA,NA,NA,NA,NA,NA,NA,NA,NA,NA,NA,NA,NA
KpEgxjbD,assistant_high,30,Female,Mixed,Private sector,"10,001-20,000",College diploma,3.8,5,12,NA,NA,NA,NA,NA,NA,0,1,1,0,NA,0,0,0,1,0,NA,0,NA,NA,0,2,1,0,NA,0,0,0,0,0,NA,0,NA,NA,3,3,3,3,NA,3,3,3,3,3,NA,3,NA,NA,0,0.333333333333333,0.333333333333333,0,NA,0,0,0,0.333333333333333,0,NA,0,NA,NA,NA,NA,NA,NA,NA,NA,NA,NA,NA,NA,NA,NA,NA,NA,12019,5781,2435,2599,NA,3720,6175,2160,8642,1257,NA,3164,NA,NA
FjinbAMv,structure_high,25,Female,Mixed,Student,"<10,000",Bachelor,4.2,5,10,NA,NA,NA,NA,NA,NA,3,3,3,NA,NA,3,3,3,3,3,3,NA,NA,NA,3,9,9,NA,NA,11,7,11,9,15,9,NA,NA,NA,3,3,3,NA,NA,3,3,3,3,3,3,NA,NA,NA,1,1,1,NA,NA,1,1,1,1,1,1,NA,NA,NA,NA,NA,NA,NA,NA,NA,NA,NA,NA,NA,NA,NA,NA,NA,NA,NA,NA,NA,NA,NA,NA,NA,NA,NA,NA,NA,NA,NA
lphjCZJp,information_low,44,Male,Black,Government/Public sector,"40,001-60,000",Doctoral,3.933,5,9,NA,NA,NA,NA,NA,NA,2,2,1,1,1,NA,1,0,2,0,1,0,1,0,2,2,0,3,2,NA,2,0,4,0,3,0,2,0,3,3,3,3,3,NA,3,3,3,3,3,3,3,3,0.666666666666667,0.666666666666667,0.333333333333333,0.333333333333333,0.333333333333333,NA,0.333333333333333,0,0.666666666666667,0,0.333333333333333,0,0.333333333333333,0,27877,NA,NA,NA,NA,NA,NA,NA,NA,NA,NA,NA,NA,NA,NA,NA,NA,NA,NA,NA,NA,NA,NA,NA,NA,NA,NA,NA
AqkGjnYb,assistant_high,48,Male,White,Private sector,"20,001-30,000",Bachelor,4.467,4,5.5,4.73333333333333,4,4.5,5,2,6,2,3,1,3,2,2,3,2,3,3,3,3,3,3,1,7,2,7,4,6,9,5,7,7,6,7,9,6,3,3,3,3,3,3,3,3,3,3,3,3,3,3,0.666666666666667,1,0.333333333333333,1,0.666666666666667,0.666666666666667,1,0.666666666666667,1,1,1,1,1,1,NA,NA,NA,NA,NA,NA,NA,NA,NA,NA,NA,NA,NA,NA,11973,15530,4082,3670,6134,11245,4331,7404,4289,3126,15705,2941,3649,3118
vefNNwJa,assistant_high,79,Female,White,Other,"20,001-30,000",College diploma,3.6,4,6.5,4.13333333333333,4,7,6,5,4,3,3,3,0,3,1,3,2,3,3,1,2,3,3,0,0,0,0,0,0,1,1,0,3,0,5,2,5,3,3,3,3,3,3,3,3,3,3,3,3,3,3,1,1,1,0,1,0.333333333333333,1,0.666666666666667,1,1,0.333333333333333,0.666666666666667,1,1,NA,NA,NA,NA,NA,NA,NA,NA,NA,NA,NA,NA,NA,NA,12128,8397,24229,21990,23031,37986,19496,13459,21639,21916,6111,5659,4722,23373
ogUqbgfz,assistant_high,28,Female,White,Self-employed/Freelancer,"20,001-30,000",Bachelor,4.733,4,4,NA,NA,NA,NA,NA,NA,0,NA,3,2,2,3,1,3,2,NA,2,2,1,NA,0,NA,6,6,7,9,4,6,4,NA,9,3,4,NA,3,NA,3,3,3,3,3,3,3,NA,3,3,3,NA,0,NA,1,0.666666666666667,0.666666666666667,1,0.333333333333333,1,0.666666666666667,NA,0.666666666666667,0.666666666666667,0.333333333333333,NA,NA,NA,NA,NA,NA,NA,NA,NA,NA,NA,NA,NA,NA,NA,7495,NA,3276,2544,4077,26552,4194,1762,112021,NA,5489,10920,2900,NA
utxuhPYO,information_low,23,Female,Black,Private sector,"40,001-60,000",Bachelor,3.667,5,2.5,3.46666666666667,5,7,6,3,1,0,2,1,1,0,0,1,0,0,0,1,0,0,1,0,4,1,3,0,0,2,0,0,0,2,0,0,5,3,3,3,3,3,3,3,3,3,3,3,3,3,3,0,0.666666666666667,0.333333333333333,0.333333333333333,0,0,0.333333333333333,0,0,0,0.333333333333333,0,0,0.333333333333333,16706,NA,NA,NA,NA,NA,NA,NA,NA,NA,NA,NA,NA,NA,NA,NA,NA,NA,NA,NA,NA,NA,NA,NA,NA,NA,NA,NA
kYgghgub,structure_high,26,Female,Asian,Other,NA,Bachelor,3.333,4,-2.5,NA,NA,NA,NA,NA,NA,1,1,NA,1,1,2,1,1,1,2,1,2,2,2,2,2,NA,2,2,2,1,2,3,4,1,3,3,4,3,3,NA,3,3,3,3,3,3,3,3,3,3,3,0.333333333333333,0.333333333333333,NA,0.333333333333333,0.333333333333333,0.666666666666667,0.333333333333333,0.333333333333333,0.333333333333333,0.666666666666667,0.333333333333333,0.666666666666667,0.666666666666667,0.666666666666667,NA,NA,NA,NA,NA,NA,NA,NA,NA,NA,NA,NA,NA,NA,NA,NA,NA,NA,NA,NA,NA,NA,NA,NA,NA,NA,NA,NA
GCBMgcUt,information_high,56,Male,Black,Government/Public sector,"<10,000",Bachelor,3.533,4,0,3.53333333333333,5,4,5,4,6,3,2,3,0,3,3,3,3,3,0,1,1,0,1,2,0,3,0,3,2,6,1,5,0,2,2,0,2,3,3,3,3,3,3,3,3,3,3,3,3,3,3,1,0.666666666666667,1,0,1,1,1,1,1,0,0.333333333333333,0.333333333333333,0,0.333333333333333,31425,8588,4163,3007,23045,8634,2965,50237,8700,13240,2528,4030,9007,4582,NA,NA,NA,NA,NA,NA,NA,NA,NA,NA,NA,NA,NA,NA
UeWYhfeY,structure_medium,24,Female,Black,Self-employed/Freelancer,"<10,000",Bachelor,4,4,6,NA,NA,NA,NA,NA,NA,2,3,NA,3,NA,NA,NA,NA,NA,NA,NA,NA,NA,2,2,2,NA,2,NA,NA,NA,NA,NA,NA,NA,NA,NA,3,3,3,NA,3,NA,NA,NA,NA,NA,NA,NA,NA,NA,3,0.666666666666667,1,NA,1,NA,NA,NA,NA,NA,NA,NA,NA,NA,0.666666666666667,NA,NA,NA,NA,NA,NA,NA,NA,NA,NA,NA,NA,NA,NA,NA,NA,NA,NA,NA,NA,NA,NA,NA,NA,NA,NA,NA,NA
BFzHidCn,information_low,31,Female,Black,Private sector,"30,001-40,000",Bachelor,3.333,5,2.5,3,5,3,6,5,6,2,0,0,0,3,0,0,0,1,0,1,0,0,0,2,0,0,0,1,0,0,0,3,0,1,0,0,0,3,3,3,3,3,3,3,3,3,3,3,3,3,3,0.666666666666667,0,0,0,1,0,0,0,0.333333333333333,0,0.333333333333333,0,0,0,6265,NA,NA,NA,NA,NA,NA,NA,NA,NA,NA,NA,NA,NA,NA,NA,NA,NA,NA,NA,NA,NA,NA,NA,NA,NA,NA,NA
BbIfTHfQ,structure_medium,32,Male,Black,Self-employed/Freelancer,"<10,000",College diploma,3.2,5,5,3,4,-1.5,4,3,5,0,0,2,0,1,0,2,0,2,0,1,0,3,0,0,0,5,0,1,0,1,0,4,0,4,0,4,0,3,3,3,3,3,3,3,3,3,3,3,3,3,3,0,0,0.666666666666667,0,0.333333333333333,0,0.666666666666667,0,0.666666666666667,0,0.333333333333333,0,1,0,NA,NA,NA,NA,NA,NA,NA,NA,NA,NA,NA,NA,NA,NA,NA,NA,NA,NA,NA,NA,NA,NA,NA,NA,NA,NA,NA,NA
sqRnpehl,assistant_high,30,Female,Black,Student,NA,Master,3.2,5,4,NA,NA,NA,NA,NA,NA,1,2,1,3,NA,0,NA,NA,0,0,1,NA,NA,NA,0,1,0,1,NA,0,NA,NA,0,0,0,NA,NA,NA,3,3,3,3,NA,3,NA,NA,3,3,3,NA,NA,NA,0.333333333333333,0.666666666666667,0.333333333333333,1,NA,0,NA,NA,0,0,0.333333333333333,NA,NA,NA,NA,NA,NA,NA,NA,NA,NA,NA,NA,NA,NA,NA,NA,NA,19052,23403,1476,1698,NA,1598,NA,NA,1886,1270,1675,NA,NA,NA
AMNDixni,information_medium,41,Female,White,Government/Public sector,">60,000",Bachelor,1.8,1,0,NA,NA,NA,NA,NA,NA,2,0,0,NA,0,0,0,0,0,0,0,NA,0,NA,1,0,0,NA,0,0,0,0,0,0,0,NA,0,NA,3,3,3,NA,3,3,3,3,3,3,3,NA,3,NA,0.666666666666667,0,0,NA,0,0,0,0,0,0,0,NA,0,NA,1360,NA,NA,NA,NA,NA,3409,NA,NA,1406,NA,NA,1498,NA,NA,NA,NA,NA,NA,NA,NA,NA,NA,NA,NA,NA,NA,NA
DeMkscFm,assistant_medium,48,Male,Black,Private sector,"10,001-20,000",College diploma,3.6,4,1.5,4.06666666666667,4,7.5,7,3,3,0,2,0,3,0,3,0,2,0,3,1,3,1,2,0,2,0,8,0,5,0,6,0,5,0,5,1,6,3,3,3,3,3,3,3,3,3,3,3,3,3,3,0,0.666666666666667,0,1,0,1,0,0.666666666666667,0,1,0.333333333333333,1,0.333333333333333,0.666666666666667,NA,NA,NA,NA,NA,NA,NA,NA,NA,NA,NA,NA,NA,NA,17390,NA,NA,5330,NA,NA,15082,NA,NA,12315,NA,NA,9208,NA
NDCdBqhx,assistant_medium,31,Female,Black,Private sector,"<10,000",Bachelor,3.933,5,5.5,4.4,5,8.5,4,4,4,2,1,0,0,2,1,1,1,2,0,0,1,0,2,0,0,0,0,1,0,4,0,6,0,0,2,0,4,3,3,3,3,3,3,3,3,3,3,3,3,3,3,0.666666666666667,0.333333333333333,0,0,0.666666666666667,0.333333333333333,0.333333333333333,0.333333333333333,0.666666666666667,0,0,0.333333333333333,0,0.666666666666667,NA,NA,NA,NA,NA,NA,NA,NA,NA,NA,NA,NA,NA,NA,13566,NA,NA,6875,NA,NA,6017,NA,NA,3671,NA,NA,1782,NA
fPaJDsme,assistant_low,49,Male,White,Private sector,"10,001-20,000",College diploma,4.333,4,2.5,4.53333333333333,4,0,2,2,1,2,3,2,2,2,0,3,0,1,1,1,1,1,1,7,3,9,3,10,0,8,0,5,3,4,3,4,3,3,3,3,3,3,3,3,3,3,3,3,3,3,3,0.666666666666667,1,0.666666666666667,0.666666666666667,0.666666666666667,0,1,0,0.333333333333333,0.333333333333333,0.333333333333333,0.333333333333333,0.333333333333333,0.333333333333333,NA,NA,NA,NA,NA,NA,NA,NA,NA,NA,NA,NA,NA,NA,22490,NA,NA,NA,NA,NA,NA,NA,NA,NA,NA,NA,NA,NA
XWZGwFtu,information_low,29,Male,White,Private sector,"40,001-60,000",Senior high,3.733,3,1,3.66666666666667,4,0.5,2,4,4,1,0,0,0,0,0,0,0,0,0,0,0,0,0,0,0,0,0,0,0,0,0,0,0,0,0,0,0,3,3,3,3,3,3,3,3,3,3,3,3,3,3,0.333333333333333,0,0,0,0,0,0,0,0,0,0,0,0,0,14055,NA,NA,NA,NA,NA,NA,NA,NA,NA,NA,NA,NA,NA,NA,NA,NA,NA,NA,NA,NA,NA,NA,NA,NA,NA,NA,NA
NLvkByFk,structure_high,41,Female,Black,Private sector,"20,001-30,000",Bachelor,3.733,5,7,NA,NA,NA,NA,NA,NA,3,0,2,0,NA,0,1,3,3,NA,3,3,3,2,2,0,1,0,NA,0,1,3,3,NA,3,3,1,1,3,3,3,3,NA,3,3,3,3,NA,3,3,3,3,1,0,0.666666666666667,0,NA,0,0.333333333333333,1,1,NA,1,1,1,0.666666666666667,NA,NA,NA,NA,NA,NA,NA,NA,NA,NA,NA,NA,NA,NA,NA,NA,NA,NA,NA,NA,NA,NA,NA,NA,NA,NA,NA,NA
PJTDEmLZ,information_low,31,Female,Black,Government/Public sector,">60,000",Master,4.533,4,5,4.4,4,5,6,2,2,1,0,0,0,0,0,0,0,0,0,0,0,0,0,0,0,0,0,0,0,0,0,0,0,0,0,0,0,3,3,3,3,3,3,3,3,3,3,3,3,3,3,0.333333333333333,0,0,0,0,0,0,0,0,0,0,0,0,0,43296,NA,NA,NA,NA,NA,NA,NA,NA,NA,NA,NA,NA,NA,NA,NA,NA,NA,NA,NA,NA,NA,NA,NA,NA,NA,NA,NA
XwfLAzrt,control,35,Female,Black,Private sector,"40,001-60,000",Bachelor,3.267,5,12.5,3.06666666666667,5,12,NA,NA,NA,0,0,0,1,0,0,0,0,0,1,0,0,0,1,0,0,0,2,0,0,0,0,0,2,0,0,0,2,3,3,3,3,3,3,3,3,3,3,3,3,3,3,0,0,0,0.333333333333333,0,0,0,0,0,0.333333333333333,0,0,0,0.333333333333333,NA,NA,NA,NA,NA,NA,NA,NA,NA,NA,NA,NA,NA,NA,NA,NA,NA,NA,NA,NA,NA,NA,NA,NA,NA,NA,NA,NA
KBiRPqdg,assistant_medium,40,Female,Black,Private sector,"<10,000",College diploma,3.467,4,0,NA,NA,NA,NA,NA,NA,3,2,0,0,0,0,0,NA,0,0,0,0,0,0,2,1,0,0,0,0,0,NA,0,0,0,0,0,0,3,3,3,3,3,3,3,NA,3,3,3,3,3,3,1,0.666666666666667,0,0,0,0,0,NA,0,0,0,0,0,0,NA,NA,NA,NA,NA,NA,NA,NA,NA,NA,NA,NA,NA,NA,5730,NA,NA,11267,NA,NA,1856,NA,NA,6655,NA,NA,3239,NA
nDeTUkwP,information_low,34,Female,Black,Private sector,"<10,000",College diploma,3.2,4,-0.5,NA,NA,NA,NA,NA,NA,0,NA,NA,NA,NA,NA,NA,NA,NA,NA,NA,NA,NA,NA,0,NA,NA,NA,NA,NA,NA,NA,NA,NA,NA,NA,NA,NA,3,NA,NA,NA,NA,NA,NA,NA,NA,NA,NA,NA,NA,NA,0,NA,NA,NA,NA,NA,NA,NA,NA,NA,NA,NA,NA,NA,1324,NA,NA,NA,NA,NA,NA,NA,NA,NA,NA,NA,NA,NA,NA,NA,NA,NA,NA,NA,NA,NA,NA,NA,NA,NA,NA,NA
QOSVZJBf,structure_medium,46,Male,Black,Private sector,">60,000",Master,3.733,4,3.5,NA,NA,NA,NA,NA,NA,0,0,0,1,NA,NA,NA,NA,NA,NA,NA,NA,NA,NA,0,0,0,0,NA,NA,NA,NA,NA,NA,NA,NA,NA,NA,3,3,3,3,NA,NA,NA,NA,NA,NA,NA,NA,NA,NA,0,0,0,0.333333333333333,NA,NA,NA,NA,NA,NA,NA,NA,NA,NA,NA,NA,NA,NA,NA,NA,NA,NA,NA,NA,NA,NA,NA,NA,NA,NA,NA,NA,NA,NA,NA,NA,NA,NA,NA,NA,NA,NA
mLNESBCY,information_low,48,Female,Black,Private sector,"10,001-20,000",Bachelor,4.4,5,11,4.73333333333333,4,11.5,7,1,1,2,2,3,1,2,3,2,2,2,2,3,3,3,2,2,2,6,1,8,2,7,2,11,2,6,1,9,1,3,3,3,3,3,3,3,3,3,3,3,3,3,3,0.666666666666667,0.666666666666667,1,0.333333333333333,0.666666666666667,1,0.666666666666667,0.666666666666667,0.666666666666667,0.666666666666667,1,1,1,0.666666666666667,15424,NA,NA,NA,NA,NA,NA,NA,NA,NA,NA,NA,NA,NA,NA,NA,NA,NA,NA,NA,NA,NA,NA,NA,NA,NA,NA,NA
NmxivkrR,structure_medium,39,Male,Black,Private sector,"10,001-20,000",Master,3.2,5,8,NA,NA,NA,NA,NA,NA,3,0,3,3,NA,NA,3,2,3,3,3,2,NA,3,5,0,6,1,NA,NA,4,3,7,2,5,6,NA,7,3,3,3,3,NA,NA,3,3,3,3,3,3,NA,3,1,0,1,1,NA,NA,1,0.666666666666667,1,1,1,0.666666666666667,NA,1,NA,NA,NA,NA,NA,NA,NA,NA,NA,NA,NA,NA,NA,NA,NA,NA,NA,NA,NA,NA,NA,NA,NA,NA,NA,NA,NA,NA
cynlfynj,control,50,Male,Black,Private sector,"40,001-60,000",Bachelor,3,4,2.5,2.73333333333333,4,0.5,NA,NA,NA,1,0,0,0,0,0,0,0,0,0,0,0,0,0,0,0,0,0,0,0,0,0,0,0,0,0,0,0,3,3,3,3,3,3,3,3,3,3,3,3,3,3,0.333333333333333,0,0,0,0,0,0,0,0,0,0,0,0,0,NA,NA,NA,NA,NA,NA,NA,NA,NA,NA,NA,NA,NA,NA,NA,NA,NA,NA,NA,NA,NA,NA,NA,NA,NA,NA,NA,NA
GjnXBAsK,structure_medium,24,Female,Black,Student,"<10,000",Bachelor,3.933,5,12,4.2,5,6,7,1,2,3,0,1,0,1,2,3,3,0,3,0,2,3,3,2,0,1,0,1,4,3,7,0,8,0,11,2,6,3,3,3,3,3,3,3,3,3,3,3,3,3,3,1,0,0.333333333333333,0,0.333333333333333,0.666666666666667,1,1,0,1,0,0.666666666666667,1,1,NA,NA,NA,NA,NA,NA,NA,NA,NA,NA,NA,NA,NA,NA,NA,NA,NA,NA,NA,NA,NA,NA,NA,NA,NA,NA,NA,NA
XsPeiEYd,structure_medium,28,Female,Black,Private sector,"<10,000",Bachelor,3.467,4,6,NA,NA,NA,NA,NA,NA,2,NA,NA,NA,NA,NA,NA,NA,NA,NA,NA,NA,NA,NA,3,NA,NA,NA,NA,NA,NA,NA,NA,NA,NA,NA,NA,NA,3,NA,NA,NA,NA,NA,NA,NA,NA,NA,NA,NA,NA,NA,0.666666666666667,NA,NA,NA,NA,NA,NA,NA,NA,NA,NA,NA,NA,NA,NA,NA,NA,NA,NA,NA,NA,NA,NA,NA,NA,NA,NA,NA,NA,NA,NA,NA,NA,NA,NA,NA,NA,NA,NA,NA,NA,NA
ERlfOiNn,assistant_high,33,Female,Black,Private sector,"20,001-30,000",Bachelor,3.067,4,-1.5,NA,NA,NA,NA,NA,NA,0,1,1,1,NA,NA,1,1,0,1,NA,NA,NA,0,0,0,0,0,NA,NA,0,0,0,0,NA,NA,NA,0,3,3,3,3,NA,NA,3,3,3,3,NA,NA,NA,3,0,0.333333333333333,0.333333333333333,0.333333333333333,NA,NA,0.333333333333333,0.333333333333333,0,0.333333333333333,NA,NA,NA,0,NA,NA,NA,NA,NA,NA,NA,NA,NA,NA,NA,NA,NA,NA,11279,2192,31226,10686,NA,NA,108105,3531,2349,2385,NA,NA,NA,1698
WJyCctrX,assistant_medium,28,Female,Black,Private sector,">60,000",Bachelor,3.733,5,4.5,4.4,5,5,6,3,4,0,2,1,0,0,0,0,0,0,1,0,0,0,0,0,0,0,0,0,0,0,0,0,1,0,0,0,0,3,3,3,3,3,3,3,3,3,3,3,3,3,3,0,0.666666666666667,0.333333333333333,0,0,0,0,0,0,0.333333333333333,0,0,0,0,NA,NA,NA,NA,NA,NA,NA,NA,NA,NA,NA,NA,NA,NA,22137,NA,NA,17620,NA,NA,1653,NA,NA,3658,NA,NA,4236,NA
SOiVGzak,information_low,29,Female,Black,Government/Public sector,"10,001-20,000",Bachelor,3.4,5,6.5,3.46666666666667,5,9.5,5,2,2,1,0,0,1,1,0,1,0,0,0,0,0,0,0,0,0,0,2,1,0,1,0,0,0,0,0,0,0,3,3,3,3,3,3,3,3,3,3,3,3,3,3,0.333333333333333,0,0,0.333333333333333,0.333333333333333,0,0.333333333333333,0,0,0,0,0,0,0,52798,NA,NA,NA,NA,NA,NA,NA,NA,NA,NA,NA,NA,NA,NA,NA,NA,NA,NA,NA,NA,NA,NA,NA,NA,NA,NA,NA
RwwSgsQL,information_high,31,Female,Black,Student,"<10,000",Master,3.067,4,2.5,NA,NA,NA,NA,NA,NA,3,2,0,3,NA,3,1,3,0,3,NA,3,0,2,3,2,0,3,NA,3,3,3,0,3,NA,2,0,3,3,3,3,3,NA,3,3,3,3,3,NA,3,3,3,1,0.666666666666667,0,1,NA,1,0.333333333333333,1,0,1,NA,1,0,0.666666666666667,33246,149432,5007,10961,NA,2208,5143,1787,2306,2013,NA,2980,2407,1647,NA,NA,NA,NA,NA,NA,NA,NA,NA,NA,NA,NA,NA,NA
EopmfhiE,structure_medium,31,Female,Other,Self-employed/Freelancer,"<10,000",College diploma,3.933,4,3,3.66666666666667,4,1,5,2,3,3,3,3,3,2,2,3,3,2,2,1,3,2,3,6,2,8,9,8,11,7,6,8,8,4,12,6,12,3,3,3,3,3,3,3,3,3,3,3,3,3,3,1,1,1,1,0.666666666666667,0.666666666666667,1,1,0.666666666666667,0.666666666666667,0.333333333333333,1,0.666666666666667,1,NA,NA,NA,NA,NA,NA,NA,NA,NA,NA,NA,NA,NA,NA,NA,NA,NA,NA,NA,NA,NA,NA,NA,NA,NA,NA,NA,NA
IFqilqxg,assistant_low,26,Male,Black,Private sector,"20,001-30,000",Bachelor,4,4,4.5,NA,NA,NA,NA,NA,NA,1,1,1,0,NA,NA,NA,0,1,0,0,0,NA,NA,1,2,2,0,NA,NA,NA,0,3,0,0,0,NA,NA,3,3,3,3,NA,NA,NA,3,3,3,3,3,NA,NA,0.333333333333333,0.333333333333333,0.333333333333333,0,NA,NA,NA,0,0.333333333333333,0,0,0,NA,NA,NA,NA,NA,NA,NA,NA,NA,NA,NA,NA,NA,NA,NA,NA,14187,NA,NA,NA,NA,NA,NA,NA,NA,NA,NA,NA,NA,NA
JFridfQE,information_medium,31,Female,Black,Private sector,">60,000",Bachelor,3.533,4,6,3.73333333333333,4,8,7,1,2,0,3,0,1,0,0,0,0,0,0,0,0,0,0,0,3,0,1,0,0,0,0,0,0,0,0,0,0,3,3,3,3,3,3,3,3,3,3,3,3,3,3,0,1,0,0.333333333333333,0,0,0,0,0,0,0,0,0,0,12102,NA,NA,23553,NA,NA,3145,NA,NA,8597,NA,NA,11334,NA,NA,NA,NA,NA,NA,NA,NA,NA,NA,NA,NA,NA,NA,NA
BRAcukPQ,control,28,Male,Black,Private sector,"30,001-40,000",Bachelor,2.733,4,7,NA,NA,NA,NA,NA,NA,2,3,2,2,1,1,2,2,3,3,3,NA,2,2,4,3,3,3,2,2,5,4,8,4,6,NA,5,3,3,3,3,3,3,3,3,3,3,3,3,NA,3,3,0.666666666666667,1,0.666666666666667,0.666666666666667,0.333333333333333,0.333333333333333,0.666666666666667,0.666666666666667,1,1,1,NA,0.666666666666667,0.666666666666667,NA,NA,NA,NA,NA,NA,NA,NA,NA,NA,NA,NA,NA,NA,NA,NA,NA,NA,NA,NA,NA,NA,NA,NA,NA,NA,NA,NA
QXcHfIkr,information_low,27,Female,Black,Private sector,"30,001-40,000",Bachelor,3.267,5,2.5,3.13333333333333,5,4.5,3,4,3,1,2,0,0,0,0,0,0,0,0,0,0,0,0,0,2,0,0,0,0,0,0,0,0,0,0,0,0,3,3,3,3,3,3,3,3,3,3,3,3,3,3,0.333333333333333,0.666666666666667,0,0,0,0,0,0,0,0,0,0,0,0,13322,NA,NA,NA,NA,NA,NA,NA,NA,NA,NA,NA,NA,NA,NA,NA,NA,NA,NA,NA,NA,NA,NA,NA,NA,NA,NA,NA
eurTsYXK,assistant_low,23,Female,Black,Government/Public sector,"<10,000",Bachelor,3.6,4,6.5,NA,NA,NA,NA,NA,NA,2,NA,NA,NA,0,NA,NA,NA,0,1,NA,NA,NA,NA,4,NA,NA,NA,0,NA,NA,NA,0,3,NA,NA,NA,NA,3,NA,NA,NA,3,NA,NA,NA,3,3,NA,NA,NA,NA,0.666666666666667,NA,NA,NA,0,NA,NA,NA,0,0.333333333333333,NA,NA,NA,NA,NA,NA,NA,NA,NA,NA,NA,NA,NA,NA,NA,NA,NA,NA,14917,NA,NA,NA,NA,NA,NA,NA,NA,NA,NA,NA,NA,NA
vyyAzQfq,information_medium,23,Male,Black,Self-employed/Freelancer,"<10,000",Bachelor,2.733,3,5.5,3.06666666666667,4,9,4,3,3,3,2,3,3,0,3,3,2,0,2,3,3,0,2,4,5,7,2,0,6,7,3,0,4,8,7,0,7,3,3,3,3,3,3,3,3,3,3,3,3,3,3,1,0.666666666666667,1,1,0,1,1,0.666666666666667,0,0.666666666666667,1,1,0,0.666666666666667,36702,NA,NA,4017,NA,NA,14379,NA,NA,6745,NA,NA,3690,NA,NA,NA,NA,NA,NA,NA,NA,NA,NA,NA,NA,NA,NA,NA
IOEgWyWe,information_high,26,Male,Black,Government/Public sector,"10,001-20,000",Bachelor,3.667,5,6,NA,NA,NA,NA,NA,NA,0,0,2,1,3,0,1,0,3,1,NA,0,3,NA,0,0,1,0,2,0,2,0,7,0,NA,0,2,NA,3,3,3,3,3,3,3,3,3,3,NA,3,3,NA,0,0,0.666666666666667,0.333333333333333,1,0,0.333333333333333,0,1,0.333333333333333,NA,0,1,NA,1988,9402,2166,2785,9921,1890,106944,1510,3074,1337,NA,1441,1417,NA,NA,NA,NA,NA,NA,NA,NA,NA,NA,NA,NA,NA,NA,NA
nduTrBWi,control,24,Female,Black,Private sector,"10,001-20,000",Bachelor,3.4,4,9,NA,NA,NA,NA,NA,NA,0,1,0,0,0,0,NA,0,0,0,0,0,0,0,0,1,0,0,0,0,NA,0,0,0,0,0,0,0,3,3,3,3,3,3,NA,3,3,3,3,3,3,3,0,0.333333333333333,0,0,0,0,NA,0,0,0,0,0,0,0,NA,NA,NA,NA,NA,NA,NA,NA,NA,NA,NA,NA,NA,NA,NA,NA,NA,NA,NA,NA,NA,NA,NA,NA,NA,NA,NA,NA
KmavIYoc,information_low,24,Female,Black,Government/Public sector,">60,000",Bachelor,3.467,5,8.5,NA,NA,NA,NA,NA,NA,3,3,NA,0,0,NA,NA,NA,0,NA,NA,NA,NA,0,6,2,NA,0,0,NA,NA,NA,0,NA,NA,NA,NA,0,3,3,NA,3,3,NA,NA,NA,3,NA,NA,NA,NA,3,1,1,NA,0,0,NA,NA,NA,0,NA,NA,NA,NA,0,11904,NA,NA,NA,NA,NA,NA,NA,NA,NA,NA,NA,NA,NA,NA,NA,NA,NA,NA,NA,NA,NA,NA,NA,NA,NA,NA,NA
cmXGiJSb,assistant_low,33,Male,Black,Government/Public sector,"10,001-20,000",Bachelor,2.467,5,12,NA,NA,NA,NA,NA,NA,2,2,3,2,1,2,1,NA,2,NA,0,1,2,2,4,2,8,3,5,5,4,NA,8,NA,0,4,8,6,3,3,3,3,3,3,3,NA,3,NA,3,3,3,3,0.666666666666667,0.666666666666667,1,0.666666666666667,0.333333333333333,0.666666666666667,0.333333333333333,NA,0.666666666666667,NA,0,0.333333333333333,0.666666666666667,0.666666666666667,NA,NA,NA,NA,NA,NA,NA,NA,NA,NA,NA,NA,NA,NA,10011,NA,NA,NA,NA,NA,NA,NA,NA,NA,NA,NA,NA,NA
IuIbwXil,structure_high,27,Male,Black,Private sector,"40,001-60,000",Master,3.667,5,8,3.4,5,6,7,2,1,0,0,1,0,2,1,1,0,2,0,2,0,3,0,0,0,1,0,2,0,1,0,1,0,1,0,2,0,3,3,3,3,3,3,3,3,3,3,3,3,3,3,0,0,0.333333333333333,0,0.666666666666667,0.333333333333333,0.333333333333333,0,0.666666666666667,0,0.666666666666667,0,1,0,NA,NA,NA,NA,NA,NA,NA,NA,NA,NA,NA,NA,NA,NA,NA,NA,NA,NA,NA,NA,NA,NA,NA,NA,NA,NA,NA,NA
uNvhalmW,assistant_high,29,Female,Black,Other,"<10,000",Master,3.267,4,1.5,3.66666666666667,4,8.5,7,4,4,1,2,3,1,1,2,2,2,1,1,2,2,2,1,1,3,2,1,0,1,1,2,1,2,0,2,2,0,3,3,3,3,3,3,3,3,3,3,3,3,3,3,0.333333333333333,0.666666666666667,1,0.333333333333333,0.333333333333333,0.666666666666667,0.666666666666667,0.666666666666667,0.333333333333333,0.333333333333333,0.666666666666667,0.666666666666667,0.666666666666667,0.333333333333333,NA,NA,NA,NA,NA,NA,NA,NA,NA,NA,NA,NA,NA,NA,10835,12696,4056,4267,3382,3694,3481,5566,3801,6510,3890,5652,3913,2820
yPeyYRzW,assistant_high,27,Male,Black,Government/Public sector,"20,001-30,000",Bachelor,3.067,5,6,NA,NA,NA,NA,NA,NA,1,1,0,1,NA,NA,1,0,1,1,1,NA,NA,1,0,0,0,0,NA,NA,0,0,0,0,0,NA,NA,0,3,3,3,3,NA,NA,3,3,3,3,3,NA,NA,3,0.333333333333333,0.333333333333333,0,0.333333333333333,NA,NA,0.333333333333333,0,0.333333333333333,0.333333333333333,0.333333333333333,NA,NA,0.333333333333333,NA,NA,NA,NA,NA,NA,NA,NA,NA,NA,NA,NA,NA,NA,12531,2644,12582,6218,NA,NA,1515,1921,2076,2361,4402,NA,NA,2883
ZbQWYoVN,assistant_low,27,Female,Black,Private sector,">60,000",Master,4.533,4,8.5,4.66666666666667,4,4,7,2,2,1,1,0,0,0,0,0,0,0,0,0,0,0,0,2,2,0,0,0,0,0,0,0,0,0,0,0,0,3,3,3,3,3,3,3,3,3,3,3,3,3,3,0.333333333333333,0.333333333333333,0,0,0,0,0,0,0,0,0,0,0,0,NA,NA,NA,NA,NA,NA,NA,NA,NA,NA,NA,NA,NA,NA,3418,NA,NA,NA,NA,NA,NA,NA,NA,NA,NA,NA,NA,NA
kevpevZa,assistant_high,29,Female,Black,Private sector,"10,001-20,000",Bachelor,3.667,5,4.5,3.53333333333333,5,3.5,7,5,7,2,3,3,3,3,3,3,3,3,3,3,3,1,1,4,2,6,3,7,2,10,2,10,6,6,2,4,0,3,3,3,3,3,3,3,3,3,3,3,3,3,3,0.666666666666667,1,1,1,1,1,1,1,1,1,1,1,0.333333333333333,0.333333333333333,NA,NA,NA,NA,NA,NA,NA,NA,NA,NA,NA,NA,NA,NA,12965,8260,3889,2711,23527,5107,6073,6542,3677,2445,8355,3066,11039,3177
vClhKYOa,assistant_high,33,Male,Black,Private sector,"<10,000",College diploma,3.467,4,4,NA,NA,NA,NA,NA,NA,1,1,2,2,1,1,2,1,1,1,NA,NA,1,1,1,1,2,2,0,0,2,0,3,0,NA,NA,0,0,3,3,3,3,3,3,3,3,3,3,NA,NA,3,3,0.333333333333333,0.333333333333333,0.666666666666667,0.666666666666667,0.333333333333333,0.333333333333333,0.666666666666667,0.333333333333333,0.333333333333333,0.333333333333333,NA,NA,0.333333333333333,0.333333333333333,NA,NA,NA,NA,NA,NA,NA,NA,NA,NA,NA,NA,NA,NA,9713,6506,2610,3863,6593,10334,3397,1591,2046,3231,NA,NA,2796,2000
eaXwHZCr,structure_medium,24,Male,Black,Private sector,"20,001-30,000",Senior high,3.4,2,-1.5,NA,NA,NA,NA,NA,NA,0,NA,NA,NA,NA,NA,NA,NA,NA,NA,NA,NA,NA,NA,0,NA,NA,NA,NA,NA,NA,NA,NA,NA,NA,NA,NA,NA,3,NA,NA,NA,NA,NA,NA,NA,NA,NA,NA,NA,NA,NA,0,NA,NA,NA,NA,NA,NA,NA,NA,NA,NA,NA,NA,NA,NA,NA,NA,NA,NA,NA,NA,NA,NA,NA,NA,NA,NA,NA,NA,NA,NA,NA,NA,NA,NA,NA,NA,NA,NA,NA,NA,NA
mYvIRGms,information_low,33,Male,Black,Private sector,"<10,000",Bachelor,3.533,4,5.5,3.13333333333333,5,4.5,6,1,1,1,0,0,0,0,0,0,0,0,0,0,0,0,0,0,0,0,0,0,0,0,0,0,0,0,0,0,0,3,3,3,3,3,3,3,3,3,3,3,3,3,3,0.333333333333333,0,0,0,0,0,0,0,0,0,0,0,0,0,12597,NA,NA,NA,NA,NA,NA,NA,NA,NA,NA,NA,NA,NA,NA,NA,NA,NA,NA,NA,NA,NA,NA,NA,NA,NA,NA,NA
dnZONyJH,structure_low,23,Male,White,Self-employed/Freelancer,NA,Bachelor,4.4,5,9,NA,NA,NA,NA,NA,NA,3,1,1,2,0,2,0,2,0,2,0,NA,1,2,2,2,1,4,0,7,0,4,0,8,0,NA,3,6,3,3,3,3,3,3,3,3,3,3,3,NA,3,3,1,0.333333333333333,0.333333333333333,0.666666666666667,0,0.666666666666667,0,0.666666666666667,0,0.666666666666667,0,NA,0.333333333333333,0.666666666666667,NA,NA,NA,NA,NA,NA,NA,NA,NA,NA,NA,NA,NA,NA,NA,NA,NA,NA,NA,NA,NA,NA,NA,NA,NA,NA,NA,NA
GHeZhfOy,assistant_high,32,Male,Black,Self-employed/Freelancer,"40,001-60,000",Senior high,3.467,5,12,NA,NA,NA,NA,NA,NA,0,1,3,0,1,2,1,0,2,3,NA,3,NA,0,0,0,9,0,4,1,4,0,3,2,NA,3,NA,0,3,3,3,3,3,3,3,3,3,3,NA,3,NA,3,0,0.333333333333333,1,0,0.333333333333333,0.666666666666667,0.333333333333333,0,0.666666666666667,1,NA,1,NA,0,NA,NA,NA,NA,NA,NA,NA,NA,NA,NA,NA,NA,NA,NA,10572,3032,8249,2241,3509,2202,32190,2822,4904,1736,NA,2587,NA,3272
Kgazpyff,assistant_low,33,Female,Black,Other,"<10,000",Bachelor,3.133,3,5.5,NA,NA,NA,NA,NA,NA,3,3,3,NA,3,2,2,2,1,1,1,1,0,1,3,3,6,NA,2,3,5,3,5,4,4,4,0,5,3,3,3,NA,3,3,3,3,3,3,3,3,3,3,1,1,1,NA,1,0.666666666666667,0.666666666666667,0.666666666666667,0.333333333333333,0.333333333333333,0.333333333333333,0.333333333333333,0,0.333333333333333,NA,NA,NA,NA,NA,NA,NA,NA,NA,NA,NA,NA,NA,NA,20043,NA,NA,NA,NA,NA,NA,NA,NA,NA,NA,NA,NA,NA
MoLtLUKI,assistant_high,31,Female,Black,Private sector,"<10,000",Senior high,3.267,4,5,3.13333333333333,4,4,7,3,3,2,3,1,1,3,2,1,0,3,0,3,1,2,1,2,3,0,0,1,1,0,0,2,0,2,0,1,0,3,3,3,3,3,3,3,3,3,3,3,3,3,3,0.666666666666667,1,0.333333333333333,0.333333333333333,1,0.666666666666667,0.333333333333333,0,1,0,1,0.333333333333333,0.666666666666667,0.333333333333333,NA,NA,NA,NA,NA,NA,NA,NA,NA,NA,NA,NA,NA,NA,13683,10830,2038,1915,2440,6438,5229,1973,1752,1650,1513,6079,1881,2077
vCKOFGhu,structure_medium,28,Female,Black,Government/Public sector,"10,001-20,000",Bachelor,2.867,5,12,3.13333333333333,5,10,5,1,1,2,1,0,1,2,0,1,3,1,3,1,1,3,3,2,1,0,1,4,0,3,0,1,1,3,0,7,3,3,3,3,3,3,3,3,3,3,3,3,3,3,3,0.666666666666667,0.333333333333333,0,0.333333333333333,0.666666666666667,0,0.333333333333333,1,0.333333333333333,1,0.333333333333333,0.333333333333333,1,1,NA,NA,NA,NA,NA,NA,NA,NA,NA,NA,NA,NA,NA,NA,NA,NA,NA,NA,NA,NA,NA,NA,NA,NA,NA,NA,NA,NA
FbaZtWtP,information_high,24,Female,Black,Other,"20,001-30,000",Bachelor,2.933,4,0,3.06666666666667,4,-1,5,5,2,2,1,2,3,0,1,2,2,0,0,0,1,1,1,0,0,2,1,0,1,0,0,0,0,0,0,0,0,3,3,3,3,3,3,3,3,3,3,3,3,3,3,0.666666666666667,0.333333333333333,0.666666666666667,1,0,0.333333333333333,0.666666666666667,0.666666666666667,0,0,0,0.333333333333333,0.333333333333333,0.333333333333333,24009,4994,1891,2580,3103,1873,2834,2234,8346,4966,1945,2078,2070,1396,NA,NA,NA,NA,NA,NA,NA,NA,NA,NA,NA,NA,NA,NA
OIebETdG,information_low,29,Male,Black,Private sector,"<10,000",College diploma,2.867,4,6,NA,NA,NA,NA,NA,NA,0,2,0,0,NA,NA,0,0,0,0,0,0,0,0,0,3,0,0,NA,NA,0,0,0,0,0,0,0,0,3,3,3,3,NA,NA,3,3,3,3,3,3,3,3,0,0.666666666666667,0,0,NA,NA,0,0,0,0,0,0,0,0,10507,NA,NA,NA,NA,NA,NA,NA,NA,NA,NA,NA,NA,NA,NA,NA,NA,NA,NA,NA,NA,NA,NA,NA,NA,NA,NA,NA
wWdSnIld,structure_high,26,Female,Black,Government/Public sector,"<10,000",Bachelor,3,4,3,3.2,4,3,6,6,5,0,0,0,3,2,3,0,3,1,2,2,3,0,3,0,0,0,3,0,4,0,0,0,3,0,3,0,2,3,3,3,3,3,3,3,3,3,3,3,3,3,3,0,0,0,1,0.666666666666667,1,0,1,0.333333333333333,0.666666666666667,0.666666666666667,1,0,1,NA,NA,NA,NA,NA,NA,NA,NA,NA,NA,NA,NA,NA,NA,NA,NA,NA,NA,NA,NA,NA,NA,NA,NA,NA,NA,NA,NA
jCGZkMmX,assistant_high,50,Female,Black,Private sector,">60,000",Master,3.267,5,-3,3.66666666666667,5,1,3,5,5,0,0,0,1,2,0,0,0,0,3,1,3,3,0,0,0,0,1,1,0,0,0,0,2,0,1,6,0,3,3,3,3,3,3,3,3,3,3,3,3,3,3,0,0,0,0.333333333333333,0.666666666666667,0,0,0,0,1,0.333333333333333,1,1,0,NA,NA,NA,NA,NA,NA,NA,NA,NA,NA,NA,NA,NA,NA,24505,13938,3530,3688,3279,3211,3170,3529,3997,3399,3553,4221,3455,3636
eOdQpFeH,assistant_low,44,Female,Mixed,Self-employed/Freelancer,"<10,000",Senior high,3.267,4,3.5,NA,NA,NA,NA,NA,NA,1,2,NA,NA,0,NA,0,NA,0,2,NA,0,1,0,2,2,NA,NA,0,NA,0,NA,0,5,NA,0,5,0,3,3,NA,NA,3,NA,3,NA,3,3,NA,3,3,3,0.333333333333333,0.666666666666667,NA,NA,0,NA,0,NA,0,0.666666666666667,NA,0,0.333333333333333,0,NA,NA,NA,NA,NA,NA,NA,NA,NA,NA,NA,NA,NA,NA,15444,NA,NA,NA,NA,NA,NA,NA,NA,NA,NA,NA,NA,NA
PYagcyBG,information_high,31,Female,Black,Private sector,"10,001-20,000",Bachelor,2.333,4,3.5,NA,NA,NA,NA,NA,NA,3,1,2,0,2,NA,1,0,2,1,3,NA,1,0,4,2,7,0,6,NA,4,0,4,0,4,NA,3,0,3,3,3,3,3,NA,3,3,3,3,3,NA,3,3,1,0.333333333333333,0.666666666666667,0,0.666666666666667,NA,0.333333333333333,0,0.666666666666667,0.333333333333333,1,NA,0.333333333333333,0,13174,15749,8707,12422,1625,NA,1409,3517,2392,1380,15192,NA,2248,1392,NA,NA,NA,NA,NA,NA,NA,NA,NA,NA,NA,NA,NA,NA
OHsPeIWo,information_medium,25,Female,Black,Private sector,"20,001-30,000",Master,3.133,5,7,NA,NA,NA,NA,NA,NA,2,2,3,1,2,NA,2,0,3,1,NA,NA,NA,NA,2,6,6,5,2,NA,0,0,7,5,NA,NA,NA,NA,3,3,3,3,3,NA,3,3,3,3,NA,NA,NA,NA,0.666666666666667,0.666666666666667,1,0.333333333333333,0.666666666666667,NA,0.666666666666667,0,1,0.333333333333333,NA,NA,NA,NA,8805,NA,NA,6052,NA,NA,1188,NA,NA,12565,NA,NA,NA,NA,NA,NA,NA,NA,NA,NA,NA,NA,NA,NA,NA,NA,NA,NA
pAoRItzg,structure_medium,26,Male,Black,Private sector,"<10,000",Bachelor,3.667,5,4.5,NA,NA,NA,NA,NA,NA,1,0,NA,NA,NA,2,2,2,1,3,3,1,NA,0,1,0,NA,NA,NA,3,2,2,1,2,2,1,NA,0,3,3,NA,NA,NA,3,3,3,3,3,3,3,NA,3,0.333333333333333,0,NA,NA,NA,0.666666666666667,0.666666666666667,0.666666666666667,0.333333333333333,1,1,0.333333333333333,NA,0,NA,NA,NA,NA,NA,NA,NA,NA,NA,NA,NA,NA,NA,NA,NA,NA,NA,NA,NA,NA,NA,NA,NA,NA,NA,NA,NA,NA
WmAlRnMp,structure_high,27,Female,Black,Government/Public sector,"<10,000",College diploma,3.533,5,5,NA,NA,NA,NA,NA,NA,2,3,2,2,3,NA,3,1,1,2,3,2,2,2,1,2,2,2,3,NA,1,2,1,1,4,1,3,3,3,3,3,3,3,NA,3,3,3,3,3,3,3,3,0.666666666666667,1,0.666666666666667,0.666666666666667,1,NA,1,0.333333333333333,0.333333333333333,0.666666666666667,1,0.666666666666667,0.666666666666667,0.666666666666667,NA,NA,NA,NA,NA,NA,NA,NA,NA,NA,NA,NA,NA,NA,NA,NA,NA,NA,NA,NA,NA,NA,NA,NA,NA,NA,NA,NA
uXjXDXyA,assistant_medium,34,Female,Black,Private sector,"40,001-60,000",Bachelor,3.667,4,6,NA,NA,NA,NA,NA,NA,3,1,0,0,0,NA,0,0,0,0,3,0,0,0,1,0,0,0,0,NA,0,0,0,0,0,0,0,0,3,3,3,3,3,NA,3,3,3,3,3,3,3,3,1,0.333333333333333,0,0,0,NA,0,0,0,0,1,0,0,0,NA,NA,NA,NA,NA,NA,NA,NA,NA,NA,NA,NA,NA,NA,25090,NA,NA,21117,NA,NA,2070,NA,NA,3724,NA,NA,2309,NA
SQqnxeZN,information_low,28,Male,Black,Government/Public sector,"<10,000",Master,3.2,5,3,3,4,0,6,1,1,2,2,3,0,2,2,1,2,0,2,0,0,1,3,3,5,5,0,5,7,4,9,0,10,0,0,1,11,3,3,3,3,3,3,3,3,3,3,3,3,3,3,0.666666666666667,0.666666666666667,1,0,0.666666666666667,0.666666666666667,0.333333333333333,0.666666666666667,0,0.666666666666667,0,0,0.333333333333333,1,30873,NA,NA,NA,NA,NA,NA,NA,NA,NA,NA,NA,NA,NA,NA,NA,NA,NA,NA,NA,NA,NA,NA,NA,NA,NA,NA,NA
nFoJmYtZ,assistant_low,26,Female,White,Private sector,"10,001-20,000",Bachelor,3.267,5,8,NA,NA,NA,NA,NA,NA,3,NA,3,0,2,0,1,0,3,0,0,0,2,0,2,NA,5,0,2,0,3,0,5,0,0,0,6,0,3,NA,3,3,3,3,3,3,3,3,3,3,3,3,1,NA,1,0,0.666666666666667,0,0.333333333333333,0,1,0,0,0,0.666666666666667,0,NA,NA,NA,NA,NA,NA,NA,NA,NA,NA,NA,NA,NA,NA,11607,NA,NA,NA,NA,NA,NA,NA,NA,NA,NA,NA,NA,NA
PhWlSuNT,assistant_low,32,Male,Mixed,Self-employed/Freelancer,"10,001-20,000",Bachelor,3.467,4,2,3.86666666666667,4,1,5,4,4,3,3,3,3,2,0,2,1,3,1,0,1,2,1,6,3,6,4,9,0,9,4,10,4,0,3,9,5,3,3,3,3,3,3,3,3,3,3,3,3,3,3,1,1,1,1,0.666666666666667,0,0.666666666666667,0.333333333333333,1,0.333333333333333,0,0.333333333333333,0.666666666666667,0.333333333333333,NA,NA,NA,NA,NA,NA,NA,NA,NA,NA,NA,NA,NA,NA,18634,NA,NA,NA,NA,NA,NA,NA,NA,NA,NA,NA,NA,NA
gSEPdryx,structure_medium,33,Female,Black,Private sector,"<10,000",Bachelor,3.4,4,7.5,3.53333333333333,4,10.5,6,1,1,1,0,1,1,0,1,1,1,1,1,1,1,1,1,0,0,0,1,0,0,0,0,1,1,1,1,1,2,3,3,3,3,3,3,3,3,3,3,3,3,3,3,0.333333333333333,0,0.333333333333333,0.333333333333333,0,0.333333333333333,0.333333333333333,0.333333333333333,0.333333333333333,0.333333333333333,0.333333333333333,0.333333333333333,0.333333333333333,0.333333333333333,NA,NA,NA,NA,NA,NA,NA,NA,NA,NA,NA,NA,NA,NA,NA,NA,NA,NA,NA,NA,NA,NA,NA,NA,NA,NA,NA,NA
KTjIzjru,assistant_low,25,Female,Black,Government/Public sector,">60,000",Master,4,5,8,NA,NA,NA,NA,NA,NA,3,0,1,1,0,0,0,0,NA,0,1,0,0,1,3,0,1,3,0,0,0,0,NA,0,1,0,0,3,3,3,3,3,3,3,3,3,NA,3,3,3,3,3,1,0,0.333333333333333,0.333333333333333,0,0,0,0,NA,0,0.333333333333333,0,0,0.333333333333333,NA,NA,NA,NA,NA,NA,NA,NA,NA,NA,NA,NA,NA,NA,15498,NA,NA,NA,NA,NA,NA,NA,NA,NA,NA,NA,NA,NA
iLdEjTEl,information_low,27,Female,Black,Self-employed/Freelancer,"<10,000",Senior high,3.133,5,10,2.8,5,8.5,5,1,1,1,1,2,1,0,3,2,1,1,0,0,0,0,0,3,0,2,3,0,4,11,5,4,0,0,0,0,0,3,3,3,3,3,3,3,3,3,3,3,3,3,3,0.333333333333333,0.333333333333333,0.666666666666667,0.333333333333333,0,1,0.666666666666667,0.333333333333333,0.333333333333333,0,0,0,0,0,18914,NA,NA,NA,NA,NA,NA,NA,NA,NA,NA,NA,NA,NA,NA,NA,NA,NA,NA,NA,NA,NA,NA,NA,NA,NA,NA,NA
lltAsJVC,information_high,38,Female,Black,Other,"10,001-20,000",Bachelor,3.267,4,7,3.8,5,10,4,4,3,2,0,0,2,1,2,2,0,0,2,1,1,0,2,1,0,0,3,0,2,3,0,0,3,0,1,0,1,3,3,3,3,3,3,3,3,3,3,3,3,3,3,0.666666666666667,0,0,0.666666666666667,0.333333333333333,0.666666666666667,0.666666666666667,0,0,0.666666666666667,0.333333333333333,0.333333333333333,0,0.666666666666667,41482,14972,3052,2702,26964,3846,2648,4152,3146,3091,3534,3714,2910,3981,NA,NA,NA,NA,NA,NA,NA,NA,NA,NA,NA,NA,NA,NA
xsTpnAIv,assistant_low,24,Female,Asian,Private sector,"20,001-30,000",Bachelor,3.4,5,7,3.53333333333333,4,7,5,2,2,3,3,3,1,2,0,1,1,0,0,0,1,0,0,5,3,5,5,5,0,3,2,0,0,0,1,0,0,3,3,3,3,3,3,3,3,3,3,3,3,3,3,1,1,1,0.333333333333333,0.666666666666667,0,0.333333333333333,0.333333333333333,0,0,0,0.333333333333333,0,0,NA,NA,NA,NA,NA,NA,NA,NA,NA,NA,NA,NA,NA,NA,2583,NA,NA,NA,NA,NA,NA,NA,NA,NA,NA,NA,NA,NA
pSnLzcKx,information_high,46,Female,Mixed,Self-employed/Freelancer,"<10,000",College diploma,3.533,4,4,3.33333333333333,4,-1,5,1,1,3,0,3,0,2,0,3,0,3,0,2,0,3,0,3,0,2,0,5,0,3,0,5,0,5,0,2,0,3,3,3,3,3,3,3,3,3,3,3,3,3,3,1,0,1,0,0.666666666666667,0,1,0,1,0,0.666666666666667,0,1,0,17734,15417,16009,7937,1980,1885,1635,2795,2685,1182,1923,20219,1603,4960,NA,NA,NA,NA,NA,NA,NA,NA,NA,NA,NA,NA,NA,NA
YhmkDVJq,assistant_low,26,Female,Black,Private sector,"<10,000",Senior high,3.333,4,3,NA,NA,NA,NA,NA,NA,3,3,3,2,3,NA,3,2,2,2,2,NA,2,1,5,4,6,9,6,NA,6,8,6,9,6,NA,6,5,3,3,3,3,3,NA,3,3,3,3,3,NA,3,3,1,1,1,0.666666666666667,1,NA,1,0.666666666666667,0.666666666666667,0.666666666666667,0.666666666666667,NA,0.666666666666667,0.333333333333333,NA,NA,NA,NA,NA,NA,NA,NA,NA,NA,NA,NA,NA,NA,2828,NA,NA,NA,NA,NA,NA,NA,NA,NA,NA,NA,NA,NA
sytcSNau,control,34,Female,Black,Private sector,"20,001-30,000",Master,2.933,3,-1,3.13333333333333,3,0,NA,NA,NA,0,0,0,0,0,0,0,0,0,0,0,0,0,0,0,0,0,0,0,0,0,0,0,0,0,0,0,0,3,3,3,3,3,3,3,3,3,3,3,3,3,3,0,0,0,0,0,0,0,0,0,0,0,0,0,0,NA,NA,NA,NA,NA,NA,NA,NA,NA,NA,NA,NA,NA,NA,NA,NA,NA,NA,NA,NA,NA,NA,NA,NA,NA,NA,NA,NA
jrwHSgMz,assistant_low,31,Female,Black,Private sector,"20,001-30,000",Bachelor,3.6,4,1,NA,NA,NA,NA,NA,NA,3,2,3,1,NA,0,2,0,3,3,NA,NA,NA,NA,4,3,8,2,NA,0,5,0,8,7,NA,NA,NA,NA,3,3,3,3,NA,3,3,3,3,3,NA,NA,NA,NA,1,0.666666666666667,1,0.333333333333333,NA,0,0.666666666666667,0,1,1,NA,NA,NA,NA,NA,NA,NA,NA,NA,NA,NA,NA,NA,NA,NA,NA,NA,NA,14164,NA,NA,NA,NA,NA,NA,NA,NA,NA,NA,NA,NA,NA
HKPNMEHm,assistant_high,34,Female,Black,Private sector,"30,001-40,000",Bachelor,3.4,4,4,NA,NA,NA,NA,NA,NA,3,3,1,1,NA,1,1,2,1,1,NA,2,NA,1,0,3,1,1,NA,0,0,2,0,0,NA,2,NA,2,3,3,3,3,NA,3,3,3,3,3,NA,3,NA,3,1,1,0.333333333333333,0.333333333333333,NA,0.333333333333333,0.333333333333333,0.666666666666667,0.333333333333333,0.333333333333333,NA,0.666666666666667,NA,0.333333333333333,NA,NA,NA,NA,NA,NA,NA,NA,NA,NA,NA,NA,NA,NA,23293,3222,1580,2610,NA,1348,1207,1217,1665,2275,NA,3548,NA,1183
BgnxQpPp,structure_medium,32,Female,White,Private sector,"20,001-30,000",Senior high,4.2,4,12,4.6,4,9.5,4,3,3,3,3,3,3,3,3,3,3,3,3,3,3,3,3,6,5,6,6,6,7,7,7,7,7,5,8,7,9,3,3,3,3,3,3,3,3,3,3,3,3,3,3,1,1,1,1,1,1,1,1,1,1,1,1,1,1,NA,NA,NA,NA,NA,NA,NA,NA,NA,NA,NA,NA,NA,NA,NA,NA,NA,NA,NA,NA,NA,NA,NA,NA,NA,NA,NA,NA
chwGesbA,structure_low,30,Female,Black,Private sector,"10,001-20,000",Bachelor,3.133,4,6,2.86666666666667,4,10,6,1,1,2,2,1,1,1,0,0,0,0,0,0,1,0,0,3,8,2,4,1,0,0,0,0,0,0,1,0,0,3,3,3,3,3,3,3,3,3,3,3,3,3,3,0.666666666666667,0.666666666666667,0.333333333333333,0.333333333333333,0.333333333333333,0,0,0,0,0,0,0.333333333333333,0,0,NA,NA,NA,NA,NA,NA,NA,NA,NA,NA,NA,NA,NA,NA,NA,NA,NA,NA,NA,NA,NA,NA,NA,NA,NA,NA,NA,NA
vCzTyvBo,assistant_high,31,Female,Other,Private sector,">60,000",Master,3.133,4,-4.5,NA,NA,NA,NA,NA,NA,1,0,0,NA,1,0,0,1,0,NA,0,NA,NA,0,0,0,0,NA,1,0,0,0,0,NA,0,NA,NA,0,3,3,3,NA,3,3,3,3,3,NA,3,NA,NA,3,0.333333333333333,0,0,NA,0.333333333333333,0,0,0.333333333333333,0,NA,0,NA,NA,0,NA,NA,NA,NA,NA,NA,NA,NA,NA,NA,NA,NA,NA,NA,51485,22716,53889,NA,3129,6854,3474,4536,25890,NA,10192,NA,NA,6516
YWJsNheC,control,27,Female,Black,Private sector,"30,001-40,000",Bachelor,3.2,5,2.5,NA,NA,NA,NA,NA,NA,0,2,NA,2,NA,NA,0,0,0,0,0,NA,0,NA,0,3,NA,2,NA,NA,0,0,0,0,0,NA,0,NA,3,3,NA,3,NA,NA,3,3,3,3,3,NA,3,NA,0,0.666666666666667,NA,0.666666666666667,NA,NA,0,0,0,0,0,NA,0,NA,NA,NA,NA,NA,NA,NA,NA,NA,NA,NA,NA,NA,NA,NA,NA,NA,NA,NA,NA,NA,NA,NA,NA,NA,NA,NA,NA,NA
DrWQnOfj,structure_high,39,Male,White,Private sector,"20,001-30,000",Bachelor,3.4,2,-1.5,NA,NA,NA,NA,NA,NA,0,3,1,3,NA,3,1,3,0,3,0,NA,NA,NA,0,11,0,9,NA,12,0,10,0,12,0,NA,NA,NA,3,3,3,3,NA,3,3,3,3,3,3,NA,NA,NA,0,1,0.333333333333333,1,NA,1,0.333333333333333,1,0,1,0,NA,NA,NA,NA,NA,NA,NA,NA,NA,NA,NA,NA,NA,NA,NA,NA,NA,NA,NA,NA,NA,NA,NA,NA,NA,NA,NA,NA,NA,NA,NA
MeaIkQqo,structure_medium,35,Male,Black,Self-employed/Freelancer,"10,001-20,000",College diploma,2.467,5,7,3.73333333333333,5,9,7,1,1,0,0,2,0,3,0,2,0,3,0,3,0,2,0,0,0,3,0,5,0,3,0,6,0,4,0,4,0,3,3,3,3,3,3,3,3,3,3,3,3,3,3,0,0,0.666666666666667,0,1,0,0.666666666666667,0,1,0,1,0,0.666666666666667,0,NA,NA,NA,NA,NA,NA,NA,NA,NA,NA,NA,NA,NA,NA,NA,NA,NA,NA,NA,NA,NA,NA,NA,NA,NA,NA,NA,NA
odRGYrEB,information_low,45,Female,Black,Private sector,"30,001-40,000",Bachelor,4.4,4,8.5,4.4,5,2.5,7,1,1,3,2,1,1,0,2,0,1,2,2,2,3,0,0,5,3,1,2,0,3,0,4,5,2,8,2,0,0,3,3,3,3,3,3,3,3,3,3,3,3,3,3,1,0.666666666666667,0.333333333333333,0.333333333333333,0,0.666666666666667,0,0.333333333333333,0.666666666666667,0.666666666666667,0.666666666666667,1,0,0,26354,NA,NA,NA,NA,NA,NA,NA,NA,NA,NA,NA,NA,NA,NA,NA,NA,NA,NA,NA,NA,NA,NA,NA,NA,NA,NA,NA
aPbpnUJs,control,32,Male,Black,Private sector,"<10,000",Bachelor,3.533,5,8.5,3.26666666666667,4,0,NA,NA,NA,0,0,0,0,0,0,0,0,0,0,0,0,0,0,0,0,0,0,0,0,0,0,0,0,0,0,0,0,3,3,3,3,3,3,3,3,3,3,3,3,3,3,0,0,0,0,0,0,0,0,0,0,0,0,0,0,NA,NA,NA,NA,NA,NA,NA,NA,NA,NA,NA,NA,NA,NA,NA,NA,NA,NA,NA,NA,NA,NA,NA,NA,NA,NA,NA,NA
cimEpAzd,control,30,Male,White,Private sector,"20,001-30,000",Bachelor,3.6,4,5,3.4,4,11.5,NA,NA,NA,2,2,1,1,0,0,0,1,0,2,0,1,0,1,6,8,4,4,0,0,0,4,0,10,0,4,0,3,3,3,3,3,3,3,3,3,3,3,3,3,3,3,0.666666666666667,0.666666666666667,0.333333333333333,0.333333333333333,0,0,0,0.333333333333333,0,0.666666666666667,0,0.333333333333333,0,0.333333333333333,NA,NA,NA,NA,NA,NA,NA,NA,NA,NA,NA,NA,NA,NA,NA,NA,NA,NA,NA,NA,NA,NA,NA,NA,NA,NA,NA,NA
IHluNUYV,information_high,29,Male,Black,Private sector,"10,001-20,000",Bachelor,3.067,4,6,3.06666666666667,4,0,5,6,5,0,0,1,0,2,1,3,0,0,0,0,0,0,0,0,0,1,0,7,0,5,0,0,0,0,0,0,0,3,3,3,3,3,3,3,3,3,3,3,3,3,3,0,0,0.333333333333333,0,0.666666666666667,0.333333333333333,1,0,0,0,0,0,0,0,29976,59068,2010,11886,1862,4576,5002,3632,1699,1229,1429,112920,7060,1664,NA,NA,NA,NA,NA,NA,NA,NA,NA,NA,NA,NA,NA,NA
iBRaVQZZ,information_medium,25,Female,Black,Government/Public sector,NA,Bachelor,3.4,5,7,NA,NA,NA,NA,NA,NA,3,3,2,NA,3,2,2,3,2,0,2,3,3,0,6,0,7,NA,7,3,8,3,3,0,8,3,7,0,3,3,3,NA,3,3,3,3,3,3,3,3,3,3,1,1,0.666666666666667,NA,1,0.666666666666667,0.666666666666667,1,0.666666666666667,0,0.666666666666667,1,1,0,40658,NA,NA,NA,NA,NA,29477,NA,NA,1795,NA,NA,2642,NA,NA,NA,NA,NA,NA,NA,NA,NA,NA,NA,NA,NA,NA,NA
JhqJCsrM,control,42,Female,Black,Private sector,"30,001-40,000",Master,3.467,5,6,3.2,5,4.5,NA,NA,NA,1,0,0,1,1,0,0,0,0,0,0,0,0,0,1,0,0,1,3,0,0,0,0,0,0,0,0,0,3,3,3,3,3,3,3,3,3,3,3,3,3,3,0.333333333333333,0,0,0.333333333333333,0.333333333333333,0,0,0,0,0,0,0,0,0,NA,NA,NA,NA,NA,NA,NA,NA,NA,NA,NA,NA,NA,NA,NA,NA,NA,NA,NA,NA,NA,NA,NA,NA,NA,NA,NA,NA
AnXrHsNB,assistant_high,26,Female,Black,Private sector,"30,001-40,000",Bachelor,3.867,4,2.5,NA,NA,NA,NA,NA,NA,2,0,3,0,NA,0,0,0,NA,NA,3,0,NA,NA,0,0,0,0,NA,0,0,0,NA,NA,0,0,NA,NA,3,3,3,3,NA,3,3,3,NA,NA,3,3,NA,NA,0.666666666666667,0,1,0,NA,0,0,0,NA,NA,1,0,NA,NA,NA,NA,NA,NA,NA,NA,NA,NA,NA,NA,NA,NA,NA,NA,20648,5060,11995,8846,NA,30582,4813,30732,NA,NA,3439,5616,NA,NA
qzqongSq,assistant_high,55,Male,White,Private sector,">60,000",Bachelor,4.533,4,6,NA,NA,NA,NA,NA,NA,1,1,NA,NA,NA,1,2,NA,1,NA,1,NA,2,3,1,3,NA,NA,NA,3,3,NA,1,NA,1,NA,1,8,3,3,NA,NA,NA,3,3,NA,3,NA,3,NA,3,3,0.333333333333333,0.333333333333333,NA,NA,NA,0.333333333333333,0.666666666666667,NA,0.333333333333333,NA,0.333333333333333,NA,0.666666666666667,1,NA,NA,NA,NA,NA,NA,NA,NA,NA,NA,NA,NA,NA,NA,21151,3798,NA,NA,NA,5228,4345,NA,1852,NA,2456,NA,1648,1320
GYSKoXHL,structure_low,44,Female,Black,Private sector,"10,001-20,000",Bachelor,3.2,5,11,2.93333333333333,4,2,6,4,4,0,0,0,0,0,0,0,3,0,0,0,3,0,0,0,0,0,0,0,0,0,1,0,0,0,3,0,0,3,3,3,3,3,3,3,3,3,3,3,3,3,3,0,0,0,0,0,0,0,1,0,0,0,1,0,0,NA,NA,NA,NA,NA,NA,NA,NA,NA,NA,NA,NA,NA,NA,NA,NA,NA,NA,NA,NA,NA,NA,NA,NA,NA,NA,NA,NA
KQwnPIyS,assistant_low,29,Male,Black,Private sector,"<10,000",Bachelor,3.2,4,-0.5,2.93333333333333,4,0,6,1,1,3,2,3,3,3,3,2,2,2,2,1,1,2,3,6,2,11,3,10,3,10,3,11,3,4,3,5,3,3,3,3,3,3,3,3,3,3,3,3,3,3,3,1,0.666666666666667,1,1,1,1,0.666666666666667,0.666666666666667,0.666666666666667,0.666666666666667,0.333333333333333,0.333333333333333,0.666666666666667,1,NA,NA,NA,NA,NA,NA,NA,NA,NA,NA,NA,NA,NA,NA,22387,NA,NA,NA,NA,NA,NA,NA,NA,NA,NA,NA,NA,NA
lLSpwSoB,control,31,Female,Black,Self-employed/Freelancer,"10,001-20,000",Bachelor,3.467,5,2.5,3.4,5,-0.5,NA,NA,NA,0,0,3,0,2,0,2,0,2,0,2,0,3,0,0,0,7,0,7,0,7,0,9,0,10,0,10,0,3,3,3,3,3,3,3,3,3,3,3,3,3,3,0,0,1,0,0.666666666666667,0,0.666666666666667,0,0.666666666666667,0,0.666666666666667,0,1,0,NA,NA,NA,NA,NA,NA,NA,NA,NA,NA,NA,NA,NA,NA,NA,NA,NA,NA,NA,NA,NA,NA,NA,NA,NA,NA,NA,NA
rOstOqSP,information_high,25,Female,Black,Private sector,"<10,000",College diploma,3.867,5,7,4.13333333333333,5,7,7,6,2,2,1,2,2,2,0,2,2,0,1,1,3,1,1,1,0,0,1,1,0,1,1,0,0,3,2,1,0,3,3,3,3,3,3,3,3,3,3,3,3,3,3,0.666666666666667,0.333333333333333,0.666666666666667,0.666666666666667,0.666666666666667,0,0.666666666666667,0.666666666666667,0,0.333333333333333,0.333333333333333,1,0.333333333333333,0.333333333333333,32443,34478,18118,11271,3597,4035,21735,21561,2630,14481,3609,2541,13838,22490,NA,NA,NA,NA,NA,NA,NA,NA,NA,NA,NA,NA,NA,NA
qJgrdMUe,information_high,28,Female,Black,Government/Public sector,"40,001-60,000",Bachelor,3.533,4,4,3.46666666666667,5,7.5,6,1,1,0,0,0,0,0,0,0,0,0,0,0,0,0,0,0,0,0,0,0,0,0,0,0,0,0,0,0,0,3,3,3,3,3,3,3,3,3,3,3,3,3,3,0,0,0,0,0,0,0,0,0,0,0,0,0,0,26608,20812,14303,3602,2934,1880,2470,2619,1795,2581,9606,16243,2079,1999,NA,NA,NA,NA,NA,NA,NA,NA,NA,NA,NA,NA,NA,NA
xgGooVoX,assistant_high,36,Female,Black,Private sector,"20,001-30,000",Bachelor,3.267,5,4,NA,NA,NA,NA,NA,NA,1,1,2,1,2,NA,0,2,1,1,1,2,2,2,1,0,2,0,1,NA,0,1,3,0,3,1,2,1,3,3,3,3,3,NA,3,3,3,3,3,3,3,3,0.333333333333333,0.333333333333333,0.666666666666667,0.333333333333333,0.666666666666667,NA,0,0.666666666666667,0.333333333333333,0.333333333333333,0.333333333333333,0.666666666666667,0.666666666666667,0.666666666666667,NA,NA,NA,NA,NA,NA,NA,NA,NA,NA,NA,NA,NA,NA,24479,3304,5754,17487,4691,NA,2562,2166,1636,2119,3575,2090,4412,3337
OZOzNDTm,information_high,29,Male,Other,Private sector,NA,Bachelor,3.533,3,0,NA,NA,NA,NA,NA,NA,3,NA,NA,2,NA,NA,3,2,3,2,2,2,2,3,6,NA,NA,5,NA,NA,6,6,5,10,6,8,5,16,3,NA,NA,3,NA,NA,3,3,3,3,3,3,3,3,1,NA,NA,0.666666666666667,NA,NA,1,0.666666666666667,1,0.666666666666667,0.666666666666667,0.666666666666667,0.666666666666667,1,9210,NA,NA,2451,NA,NA,2042,1469,1785,1120,1478,1129,22726,932,NA,NA,NA,NA,NA,NA,NA,NA,NA,NA,NA,NA,NA,NA
EJfyLjaV,structure_low,38,Male,Black,Private sector,"30,001-40,000",Master,2.733,4,2.5,NA,NA,NA,NA,NA,NA,3,NA,3,2,1,1,1,1,2,2,NA,NA,1,1,3,NA,5,0,2,0,4,1,3,2,NA,NA,1,1,3,NA,3,3,3,3,3,3,3,3,NA,NA,3,3,1,NA,1,0.666666666666667,0.333333333333333,0.333333333333333,0.333333333333333,0.333333333333333,0.666666666666667,0.666666666666667,NA,NA,0.333333333333333,0.333333333333333,NA,NA,NA,NA,NA,NA,NA,NA,NA,NA,NA,NA,NA,NA,NA,NA,NA,NA,NA,NA,NA,NA,NA,NA,NA,NA,NA,NA
WWqUGFzc,control,30,Female,Black,Other,"10,001-20,000",Bachelor,2.8,4,1.5,3.66666666666667,5,0,NA,NA,NA,2,0,1,0,3,0,3,0,0,0,0,1,1,2,2,0,3,0,8,0,7,0,0,0,0,2,5,1,3,3,3,3,3,3,3,3,3,3,3,3,3,3,0.666666666666667,0,0.333333333333333,0,1,0,1,0,0,0,0,0.333333333333333,0.333333333333333,0.666666666666667,NA,NA,NA,NA,NA,NA,NA,NA,NA,NA,NA,NA,NA,NA,NA,NA,NA,NA,NA,NA,NA,NA,NA,NA,NA,NA,NA,NA
xpXLcCAP,assistant_low,31,Female,Black,Other,"<10,000",Senior high,3.333,4,1,3.66666666666667,4,1,3,2,1,2,1,2,3,2,1,1,2,0,2,0,2,1,1,4,1,4,3,3,1,2,3,0,3,0,3,3,2,3,3,3,3,3,3,3,3,3,3,3,3,3,3,0.666666666666667,0.333333333333333,0.666666666666667,1,0.666666666666667,0.333333333333333,0.333333333333333,0.666666666666667,0,0.666666666666667,0,0.666666666666667,0.333333333333333,0.333333333333333,NA,NA,NA,NA,NA,NA,NA,NA,NA,NA,NA,NA,NA,NA,19796,NA,NA,NA,NA,NA,NA,NA,NA,NA,NA,NA,NA,NA
dIaoSNDt,assistant_medium,30,Male,Other,Private sector,"<10,000",Bachelor,4.2,4,7,NA,NA,NA,NA,NA,NA,1,1,2,0,0,1,0,NA,0,0,0,0,0,0,2,1,3,0,0,1,0,NA,0,0,0,0,0,0,3,3,3,3,3,3,3,NA,3,3,3,3,3,3,0.333333333333333,0.333333333333333,0.666666666666667,0,0,0.333333333333333,0,NA,0,0,0,0,0,0,NA,NA,NA,NA,NA,NA,NA,NA,NA,NA,NA,NA,NA,NA,2928,NA,NA,2716,NA,NA,6507,NA,NA,4297,NA,NA,3685,NA
FhRYVFrX,assistant_medium,22,Female,Other,Student,"10,001-20,000",Senior high,4.067,4,-2,NA,NA,NA,NA,NA,NA,1,NA,NA,NA,NA,NA,NA,NA,NA,NA,NA,NA,NA,NA,1,NA,NA,NA,NA,NA,NA,NA,NA,NA,NA,NA,NA,NA,3,NA,NA,NA,NA,NA,NA,NA,NA,NA,NA,NA,NA,NA,0.333333333333333,NA,NA,NA,NA,NA,NA,NA,NA,NA,NA,NA,NA,NA,NA,NA,NA,NA,NA,NA,NA,NA,NA,NA,NA,NA,NA,NA,7210,NA,NA,NA,NA,NA,NA,NA,NA,NA,NA,NA,NA,NA
bcOVQrlK,structure_high,24,Female,Black,Government/Public sector,"<10,000",Bachelor,3.533,5,-1.5,NA,NA,NA,NA,NA,NA,0,0,1,0,NA,0,3,0,1,1,0,1,NA,NA,0,0,1,0,NA,0,4,0,2,3,0,4,NA,NA,3,3,3,3,NA,3,3,3,3,3,3,3,NA,NA,0,0,0.333333333333333,0,NA,0,1,0,0.333333333333333,0.333333333333333,0,0.333333333333333,NA,NA,NA,NA,NA,NA,NA,NA,NA,NA,NA,NA,NA,NA,NA,NA,NA,NA,NA,NA,NA,NA,NA,NA,NA,NA,NA,NA,NA,NA
ecVtYqKS,structure_low,31,Male,Black,Self-employed/Freelancer,NA,Bachelor,3.2,5,6.5,NA,NA,NA,NA,NA,NA,1,0,0,NA,0,0,0,0,0,0,0,0,0,0,0,0,0,NA,0,0,0,0,0,0,0,0,0,0,3,3,3,NA,3,3,3,3,3,3,3,3,3,3,0.333333333333333,0,0,NA,0,0,0,0,0,0,0,0,0,0,NA,NA,NA,NA,NA,NA,NA,NA,NA,NA,NA,NA,NA,NA,NA,NA,NA,NA,NA,NA,NA,NA,NA,NA,NA,NA,NA,NA
TlXfUahc,assistant_high,24,Male,Black,Student,"<10,000",Bachelor,2.8,4,-1.5,3.33333333333333,3,3,7,4,4,0,0,0,0,0,1,0,2,0,2,0,3,1,2,0,0,0,0,0,0,0,2,0,3,0,5,2,1,3,3,3,3,3,3,3,3,3,3,3,3,3,3,0,0,0,0,0,0.333333333333333,0,0.666666666666667,0,0.666666666666667,0,1,0.333333333333333,0.666666666666667,NA,NA,NA,NA,NA,NA,NA,NA,NA,NA,NA,NA,NA,NA,13285,17945,5645,7676,5193,5953,6973,23632,8496,16175,17749,11408,18043,11650
nuWkzuFy,information_high,28,Female,Black,Government/Public sector,"10,001-20,000",Master,3.267,5,6.5,2.86666666666667,5,8,5,4,5,2,0,1,0,0,0,2,0,0,0,0,0,0,0,1,0,1,0,0,0,1,0,0,0,0,0,0,0,3,3,3,3,3,3,3,3,3,3,3,3,3,3,0.666666666666667,0,0.333333333333333,0,0,0,0.666666666666667,0,0,0,0,0,0,0,20534,14384,1959,2928,2117,2322,2227,11803,2095,2983,3032,3148,2620,6035,NA,NA,NA,NA,NA,NA,NA,NA,NA,NA,NA,NA,NA,NA
IHExFtEg,structure_high,29,Male,Black,Government/Public sector,"<10,000",College diploma,3.267,4,-1.5,NA,NA,NA,NA,NA,NA,1,1,0,1,1,0,0,0,1,0,0,0,0,NA,0,0,0,0,0,0,0,0,0,0,0,0,0,NA,3,3,3,3,3,3,3,3,3,3,3,3,3,NA,0.333333333333333,0.333333333333333,0,0.333333333333333,0.333333333333333,0,0,0,0.333333333333333,0,0,0,0,NA,NA,NA,NA,NA,NA,NA,NA,NA,NA,NA,NA,NA,NA,NA,NA,NA,NA,NA,NA,NA,NA,NA,NA,NA,NA,NA,NA,NA
duQRsdSz,structure_low,27,Female,Black,Self-employed/Freelancer,NA,Bachelor,3.4,4,6,NA,NA,NA,NA,NA,NA,2,0,2,0,3,1,3,NA,3,2,2,0,NA,0,2,0,7,0,10,0,8,NA,8,1,8,0,NA,0,3,3,3,3,3,3,3,NA,3,3,3,3,NA,3,0.666666666666667,0,0.666666666666667,0,1,0.333333333333333,1,NA,1,0.666666666666667,0.666666666666667,0,NA,0,NA,NA,NA,NA,NA,NA,NA,NA,NA,NA,NA,NA,NA,NA,NA,NA,NA,NA,NA,NA,NA,NA,NA,NA,NA,NA,NA,NA
FpmGtHgy,structure_medium,25,Male,Black,Private sector,"30,001-40,000",College diploma,2.733,5,6,NA,NA,NA,NA,NA,NA,3,1,3,0,3,0,3,0,3,1,NA,0,NA,0,3,0,3,0,3,0,3,0,3,0,NA,0,NA,0,3,3,3,3,3,3,3,3,3,3,NA,3,NA,3,1,0.333333333333333,1,0,1,0,1,0,1,0.333333333333333,NA,0,NA,0,NA,NA,NA,NA,NA,NA,NA,NA,NA,NA,NA,NA,NA,NA,NA,NA,NA,NA,NA,NA,NA,NA,NA,NA,NA,NA,NA,NA
FmVhxzKz,information_medium,22,Female,Black,Government/Public sector,"<10,000",Bachelor,3.4,5,10,4.33333333333333,5,8,5,4,2,0,0,0,0,0,0,0,0,0,0,0,1,2,0,0,0,0,0,0,0,0,0,0,0,0,5,1,0,3,3,3,3,3,3,3,3,3,3,3,3,3,3,0,0,0,0,0,0,0,0,0,0,0,0.333333333333333,0.666666666666667,0,14737,NA,NA,2791,NA,NA,2751,NA,NA,7160,NA,NA,9005,NA,NA,NA,NA,NA,NA,NA,NA,NA,NA,NA,NA,NA,NA,NA
upAnxSHF,structure_medium,31,Female,Black,Private sector,"<10,000",Bachelor,3.533,5,6.5,3.73333333333333,5,6,3,3,1,0,0,0,0,0,0,0,0,0,0,0,0,0,0,0,0,0,0,0,0,0,0,0,0,0,0,0,0,3,3,3,3,3,3,3,3,3,3,3,3,3,3,0,0,0,0,0,0,0,0,0,0,0,0,0,0,NA,NA,NA,NA,NA,NA,NA,NA,NA,NA,NA,NA,NA,NA,NA,NA,NA,NA,NA,NA,NA,NA,NA,NA,NA,NA,NA,NA
lOKxiaqK,information_high,29,Male,Mixed,Self-employed/Freelancer,"<10,000",Senior high,4.867,3,-0.5,4.73333333333333,4,-1,3,1,3,0,0,0,0,1,0,0,0,0,0,0,0,0,0,0,0,0,0,0,0,0,0,0,0,0,0,0,0,3,3,3,3,3,3,3,3,3,3,3,3,3,3,0,0,0,0,0.333333333333333,0,0,0,0,0,0,0,0,0,5424,14499,7481,1878,1678,1931,1279,1184,669,915,576,5008,1466,1341,NA,NA,NA,NA,NA,NA,NA,NA,NA,NA,NA,NA,NA,NA
SemxMfsP,assistant_high,28,Female,Black,Government/Public sector,"<10,000",Bachelor,3.533,4,7,4.13333333333333,4,10,7,2,3,2,3,3,3,3,3,3,3,3,2,3,3,3,3,1,3,7,1,9,3,8,3,10,3,10,2,11,3,3,3,3,3,3,3,3,3,3,3,3,3,3,3,0.666666666666667,1,1,1,1,1,1,1,1,0.666666666666667,1,1,1,1,NA,NA,NA,NA,NA,NA,NA,NA,NA,NA,NA,NA,NA,NA,23501,6320,5973,5566,6454,3921,4824,5506,5784,6532,5728,5309,85875,13866
xcYnFTJk,assistant_low,31,Female,Black,Self-employed/Freelancer,"20,001-30,000",Bachelor,1.933,5,8.5,NA,NA,NA,NA,NA,NA,0,1,0,2,1,0,0,1,2,3,NA,2,0,0,0,1,0,1,2,0,0,2,5,2,NA,3,0,0,3,3,3,3,3,3,3,3,3,3,NA,3,3,3,0,0.333333333333333,0,0.666666666666667,0.333333333333333,0,0,0.333333333333333,0.666666666666667,1,NA,0.666666666666667,0,0,NA,NA,NA,NA,NA,NA,NA,NA,NA,NA,NA,NA,NA,NA,15429,NA,NA,NA,NA,NA,NA,NA,NA,NA,NA,NA,NA,NA
kXHVljyI,structure_high,38,Male,Mixed,Private sector,"20,001-30,000",Senior high,3.267,3,-2,NA,NA,NA,NA,NA,NA,1,1,3,2,NA,NA,1,3,2,3,0,NA,3,NA,1,0,4,1,NA,NA,0,2,2,3,0,NA,1,NA,3,3,3,3,NA,NA,3,3,3,3,3,NA,3,NA,0.333333333333333,0.333333333333333,1,0.666666666666667,NA,NA,0.333333333333333,1,0.666666666666667,1,0,NA,1,NA,NA,NA,NA,NA,NA,NA,NA,NA,NA,NA,NA,NA,NA,NA,NA,NA,NA,NA,NA,NA,NA,NA,NA,NA,NA,NA,NA,NA
PExOkYRa,assistant_low,35,Female,Black,Private sector,"<10,000",Bachelor,3.533,4,2.5,3.06666666666667,4,7,6,3,3,2,3,3,3,3,2,2,3,3,2,2,2,2,2,3,9,3,6,2,6,0,5,3,5,2,11,3,7,3,3,3,3,3,3,3,3,3,3,3,3,3,3,0.666666666666667,1,1,1,1,0.666666666666667,0.666666666666667,1,1,0.666666666666667,0.666666666666667,0.666666666666667,0.666666666666667,0.666666666666667,NA,NA,NA,NA,NA,NA,NA,NA,NA,NA,NA,NA,NA,NA,13484,NA,NA,NA,NA,NA,NA,NA,NA,NA,NA,NA,NA,NA
VmnqTipo,structure_low,35,Female,Black,Private sector,"20,001-30,000",Master,3.133,4,6,NA,NA,NA,NA,NA,NA,2,1,NA,0,0,2,0,0,0,2,0,0,3,0,1,1,NA,0,0,1,0,0,0,3,0,0,2,0,3,3,NA,3,3,3,3,3,3,3,3,3,3,3,0.666666666666667,0.333333333333333,NA,0,0,0.666666666666667,0,0,0,0.666666666666667,0,0,1,0,NA,NA,NA,NA,NA,NA,NA,NA,NA,NA,NA,NA,NA,NA,NA,NA,NA,NA,NA,NA,NA,NA,NA,NA,NA,NA,NA,NA
jDImEOfG,control,34,Male,Black,Private sector,"20,001-30,000",Bachelor,2.8,5,8,NA,NA,NA,NA,NA,NA,1,0,3,NA,2,NA,NA,NA,2,0,3,NA,NA,NA,1,0,4,NA,3,NA,NA,NA,3,0,2,NA,NA,NA,3,3,3,NA,3,NA,NA,NA,3,3,3,NA,NA,NA,0.333333333333333,0,1,NA,0.666666666666667,NA,NA,NA,0.666666666666667,0,1,NA,NA,NA,NA,NA,NA,NA,NA,NA,NA,NA,NA,NA,NA,NA,NA,NA,NA,NA,NA,NA,NA,NA,NA,NA,NA,NA,NA,NA,NA,NA
BEbixioZ,information_medium,33,Male,Black,Private sector,"<10,000",Bachelor,3.2,5,2,NA,NA,NA,NA,NA,NA,1,2,1,1,0,1,0,3,0,NA,1,1,NA,1,2,3,0,4,0,2,0,1,0,NA,1,2,NA,5,3,3,3,3,3,3,3,3,3,NA,3,3,NA,3,0.333333333333333,0.666666666666667,0.333333333333333,0.333333333333333,0,0.333333333333333,0,1,0,NA,0.333333333333333,0.333333333333333,NA,0.333333333333333,19444,NA,NA,1565,NA,NA,1186,NA,NA,NA,NA,NA,NA,NA,NA,NA,NA,NA,NA,NA,NA,NA,NA,NA,NA,NA,NA,NA
sCFYFKxz,assistant_high,28,Female,Black,Private sector,"10,001-20,000",Bachelor,3.467,4,4.5,NA,NA,NA,NA,NA,NA,1,1,0,1,0,0,0,3,1,3,0,NA,1,1,0,1,0,1,0,0,0,5,0,7,0,NA,0,0,3,3,3,3,3,3,3,3,3,3,3,NA,3,3,0.333333333333333,0.333333333333333,0,0.333333333333333,0,0,0,1,0.333333333333333,1,0,NA,0.333333333333333,0.333333333333333,NA,NA,NA,NA,NA,NA,NA,NA,NA,NA,NA,NA,NA,NA,13131,10802,135708,2123,5380,5238,2782,5695,1681,2545,3230,NA,8646,2254
minADhdz,information_high,26,Female,Black,Private sector,"10,001-20,000",Bachelor,3.133,4,3,NA,NA,NA,NA,NA,NA,1,2,1,3,NA,2,1,2,0,3,0,2,0,3,0,3,0,3,NA,1,0,3,0,3,0,3,0,6,3,3,3,3,NA,3,3,3,3,3,3,3,3,3,0.333333333333333,0.666666666666667,0.333333333333333,1,NA,0.666666666666667,0.333333333333333,0.666666666666667,0,1,0,0.666666666666667,0,1,23804,12708,34264,2831,NA,1497,1883,3600,2722,6062,15033,2330,1969,1989,NA,NA,NA,NA,NA,NA,NA,NA,NA,NA,NA,NA,NA,NA
bNkpEfxB,control,25,Female,Black,Private sector,"<10,000",College diploma,2.733,5,8.5,NA,NA,NA,NA,NA,NA,3,2,0,0,0,0,0,0,0,0,NA,NA,NA,NA,0,3,0,0,0,0,0,0,0,0,NA,NA,NA,NA,3,3,3,3,3,3,3,3,3,3,NA,NA,NA,NA,1,0.666666666666667,0,0,0,0,0,0,0,0,NA,NA,NA,NA,NA,NA,NA,NA,NA,NA,NA,NA,NA,NA,NA,NA,NA,NA,NA,NA,NA,NA,NA,NA,NA,NA,NA,NA,NA,NA,NA,NA
KuDXHVYa,assistant_medium,29,Female,White,Government/Public sector,"<10,000",Master,4.133,5,7,NA,NA,NA,NA,NA,NA,3,0,3,0,0,0,2,0,2,0,1,NA,NA,0,7,0,11,0,0,0,11,0,11,0,4,NA,NA,0,3,3,3,3,3,3,3,3,3,3,3,NA,NA,3,1,0,1,0,0,0,0.666666666666667,0,0.666666666666667,0,0.333333333333333,NA,NA,0,NA,NA,NA,NA,NA,NA,NA,NA,NA,NA,NA,NA,NA,NA,14681,NA,NA,9711,NA,NA,2605,NA,NA,5094,NA,NA,NA,NA
HTpKtRKH,structure_high,27,Female,Black,Private sector,"20,001-30,000",Bachelor,2.933,3,1,NA,NA,NA,NA,NA,NA,0,3,1,2,2,3,3,3,3,3,3,NA,NA,3,0,2,0,3,0,2,0,3,1,4,0,NA,NA,3,3,3,3,3,3,3,3,3,3,3,3,NA,NA,3,0,1,0.333333333333333,0.666666666666667,0.666666666666667,1,1,1,1,1,1,NA,NA,1,NA,NA,NA,NA,NA,NA,NA,NA,NA,NA,NA,NA,NA,NA,NA,NA,NA,NA,NA,NA,NA,NA,NA,NA,NA,NA,NA,NA
TSeLKItS,assistant_low,27,Male,Black,Other,"<10,000",Bachelor,2.667,4,4.5,NA,NA,NA,NA,NA,NA,3,2,3,2,0,1,2,3,3,3,1,NA,NA,3,1,1,6,2,0,2,2,0,7,3,5,NA,NA,3,3,3,3,3,3,3,3,3,3,3,3,NA,NA,3,1,0.666666666666667,1,0.666666666666667,0,0.333333333333333,0.666666666666667,1,1,1,0.333333333333333,NA,NA,1,NA,NA,NA,NA,NA,NA,NA,NA,NA,NA,NA,NA,NA,NA,22671,NA,NA,NA,NA,NA,NA,NA,NA,NA,NA,NA,NA,NA
XUDFWJuB,information_low,24,Male,Black,Private sector,"<10,000",Senior high,2.067,4,3,NA,NA,NA,NA,NA,NA,3,0,3,0,3,1,NA,0,3,0,3,0,2,0,3,0,3,0,3,1,NA,0,3,0,3,0,2,0,3,3,3,3,3,3,NA,3,3,3,3,3,3,3,1,0,1,0,1,0.333333333333333,NA,0,1,0,1,0,0.666666666666667,0,26640,NA,NA,NA,NA,NA,NA,NA,NA,NA,NA,NA,NA,NA,NA,NA,NA,NA,NA,NA,NA,NA,NA,NA,NA,NA,NA,NA
GidzYuCg,information_low,40,Female,White,Self-employed/Freelancer,"10,001-20,000",Senior high,4.667,4,1,NA,NA,NA,NA,NA,NA,0,0,0,0,0,0,0,0,0,0,0,NA,NA,NA,0,0,0,0,0,0,0,0,0,0,0,NA,NA,NA,3,3,3,3,3,3,3,3,3,3,3,NA,NA,NA,0,0,0,0,0,0,0,0,0,0,0,NA,NA,NA,9268,NA,NA,NA,NA,NA,NA,NA,NA,NA,NA,NA,NA,NA,NA,NA,NA,NA,NA,NA,NA,NA,NA,NA,NA,NA,NA,NA
bqLgyyZE,structure_low,56,Female,White,Self-employed/Freelancer,"10,001-20,000",Bachelor,5,5,6,5,5,7,6,1,1,3,3,3,3,3,1,3,3,3,1,0,0,3,3,13,6,10,8,12,4,11,5,16,5,0,0,15,8,3,3,3,3,3,3,3,3,3,3,3,3,3,3,1,1,1,1,1,0.333333333333333,1,1,1,0.333333333333333,0,0,1,1,NA,NA,NA,NA,NA,NA,NA,NA,NA,NA,NA,NA,NA,NA,NA,NA,NA,NA,NA,NA,NA,NA,NA,NA,NA,NA,NA,NA
FrbGomuT,structure_high,32,Female,White,Government/Public sector,"30,001-40,000",Bachelor,2.933,2,-8,NA,NA,NA,NA,NA,NA,0,3,3,3,3,NA,NA,3,NA,3,NA,3,NA,3,0,6,4,11,3,NA,NA,10,NA,10,NA,11,NA,13,3,3,3,3,3,NA,NA,3,NA,3,NA,3,NA,3,0,1,1,1,1,NA,NA,1,NA,1,NA,1,NA,1,NA,NA,NA,NA,NA,NA,NA,NA,NA,NA,NA,NA,NA,NA,NA,NA,NA,NA,NA,NA,NA,NA,NA,NA,NA,NA,NA,NA
ZEQWBrUF,information_low,39,Male,White,Private sector,"40,001-60,000",Senior high,4.2,4,6,NA,NA,NA,NA,NA,NA,1,2,1,1,1,NA,1,1,NA,0,0,0,0,0,1,3,1,0,1,NA,1,1,NA,0,0,0,0,0,3,3,3,3,3,NA,3,3,NA,3,3,3,3,3,0.333333333333333,0.666666666666667,0.333333333333333,0.333333333333333,0.333333333333333,NA,0.333333333333333,0.333333333333333,NA,0,0,0,0,0,9719,NA,NA,NA,NA,NA,NA,NA,NA,NA,NA,NA,NA,NA,NA,NA,NA,NA,NA,NA,NA,NA,NA,NA,NA,NA,NA,NA
cEpZCPKN,assistant_low,43,Male,Asian,Private sector,"30,001-40,000",Bachelor,2.867,3,-3,NA,NA,NA,NA,NA,NA,0,0,NA,0,0,0,0,0,0,NA,0,1,0,0,0,0,NA,0,0,0,0,0,0,NA,0,1,0,0,3,3,NA,3,3,3,3,3,3,NA,3,3,3,3,0,0,NA,0,0,0,0,0,0,NA,0,0.333333333333333,0,0,NA,NA,NA,NA,NA,NA,NA,NA,NA,NA,NA,NA,NA,NA,26167,NA,NA,NA,NA,NA,NA,NA,NA,NA,NA,NA,NA,NA
OMxBKIta,assistant_medium,43,Male,White,Government/Public sector,"40,001-60,000",Senior high,2.733,5,-0.5,3.13333333333333,4,1.5,7,2,2,1,0,0,0,0,0,0,0,0,0,0,0,0,0,0,0,0,0,0,0,0,0,0,0,0,0,0,0,3,3,3,3,3,3,3,3,3,3,3,3,3,3,0.333333333333333,0,0,0,0,0,0,0,0,0,0,0,0,0,NA,NA,NA,NA,NA,NA,NA,NA,NA,NA,NA,NA,NA,NA,10393,NA,NA,14183,NA,NA,5198,NA,NA,5617,NA,NA,6991,NA
VaOOXCyu,information_medium,39,Male,White,Government/Public sector,">60,000",Bachelor,4.2,5,4,4.6,4,6.5,4,2,3,0,0,0,0,0,0,0,0,0,0,0,0,0,0,0,0,0,0,0,0,0,0,0,0,0,0,0,0,3,3,3,3,3,3,3,3,3,3,3,3,3,3,0,0,0,0,0,0,0,0,0,0,0,0,0,0,23766,NA,NA,12558,NA,NA,3139,NA,NA,3647,NA,NA,2673,NA,NA,NA,NA,NA,NA,NA,NA,NA,NA,NA,NA,NA,NA,NA
PWxkPsjB,structure_medium,34,Male,White,Private sector,">60,000",Master,3.6,5,1.5,NA,NA,NA,NA,NA,NA,1,0,0,1,NA,0,3,0,3,3,0,0,3,0,3,0,0,3,NA,0,12,0,9,11,0,0,12,0,3,3,3,3,NA,3,3,3,3,3,3,3,3,3,0.333333333333333,0,0,0.333333333333333,NA,0,1,0,1,1,0,0,1,0,NA,NA,NA,NA,NA,NA,NA,NA,NA,NA,NA,NA,NA,NA,NA,NA,NA,NA,NA,NA,NA,NA,NA,NA,NA,NA,NA,NA
sWCKxseB,assistant_high,44,Male,White,Government/Public sector,">60,000",Master,3.467,4,2.5,NA,NA,NA,NA,NA,NA,3,3,NA,3,2,2,3,2,3,3,3,2,2,2,6,3,NA,4,6,8,7,8,2,7,6,9,9,7,3,3,NA,3,3,3,3,3,3,3,3,3,3,3,1,1,NA,1,0.666666666666667,0.666666666666667,1,0.666666666666667,1,1,1,0.666666666666667,0.666666666666667,0.666666666666667,NA,NA,NA,NA,NA,NA,NA,NA,NA,NA,NA,NA,NA,NA,10495,8361,NA,3272,3665,2735,3010,3698,3192,2811,4896,10922,23574,3825
WwtYdVWO,assistant_medium,65,Male,White,Self-employed/Freelancer,">60,000",Bachelor,3.733,4,7,NA,NA,NA,NA,NA,NA,3,NA,NA,NA,NA,NA,NA,NA,NA,NA,NA,NA,NA,NA,3,NA,NA,NA,NA,NA,NA,NA,NA,NA,NA,NA,NA,NA,3,NA,NA,NA,NA,NA,NA,NA,NA,NA,NA,NA,NA,NA,1,NA,NA,NA,NA,NA,NA,NA,NA,NA,NA,NA,NA,NA,NA,NA,NA,NA,NA,NA,NA,NA,NA,NA,NA,NA,NA,NA,10768,NA,NA,NA,NA,NA,NA,NA,NA,NA,NA,NA,NA,NA
IukpXUkK,assistant_medium,21,Male,White,Private sector,">60,000",Senior high,3.467,5,5,NA,NA,NA,NA,NA,NA,0,1,0,0,0,0,NA,NA,0,0,0,0,0,0,0,0,0,0,0,0,NA,NA,0,0,0,0,0,0,3,3,3,3,3,3,NA,NA,3,3,3,3,3,3,0,0.333333333333333,0,0,0,0,NA,NA,0,0,0,0,0,0,NA,NA,NA,NA,NA,NA,NA,NA,NA,NA,NA,NA,NA,NA,15412,NA,NA,4578,NA,NA,NA,NA,NA,10474,NA,NA,8816,NA
XjcozzwZ,information_medium,46,Female,White,Self-employed/Freelancer,"10,001-20,000",Senior high,4.4,4,-1,4.46666666666667,2,10,5,2,3,0,1,3,1,2,1,3,1,3,1,3,0,2,0,0,1,5,1,6,3,6,3,5,3,7,0,5,0,3,3,3,3,3,3,3,3,3,3,3,3,3,3,0,0.333333333333333,1,0.333333333333333,0.666666666666667,0.333333333333333,1,0.333333333333333,1,0.333333333333333,1,0,0.666666666666667,0,15823,NA,NA,14331,NA,NA,9720,NA,NA,15840,NA,NA,7123,NA,NA,NA,NA,NA,NA,NA,NA,NA,NA,NA,NA,NA,NA,NA
DJFvajik,information_low,50,Male,White,Private sector,">60,000",Bachelor,4.533,5,12,4.33333333333333,5,12,5,1,1,3,3,3,3,3,3,3,3,3,3,3,1,2,2,3,4,3,7,4,6,5,5,6,7,6,4,5,6,3,3,3,3,3,3,3,3,3,3,3,3,3,3,1,1,1,1,1,1,1,1,1,1,1,0.333333333333333,0.666666666666667,0.666666666666667,14401,NA,NA,NA,NA,NA,NA,NA,NA,NA,NA,NA,NA,NA,NA,NA,NA,NA,NA,NA,NA,NA,NA,NA,NA,NA,NA,NA
peDiJqIp,assistant_high,53,Female,White,Other,"10,001-20,000",College diploma,4.533,4,4,NA,NA,NA,NA,NA,NA,3,2,3,3,3,3,NA,3,3,3,3,3,3,3,7,3,9,6,10,6,NA,6,7,6,6,6,10,5,3,3,3,3,3,3,NA,3,3,3,3,3,3,3,1,0.666666666666667,1,1,1,1,NA,1,1,1,1,1,1,1,NA,NA,NA,NA,NA,NA,NA,NA,NA,NA,NA,NA,NA,NA,10108,2699,1671,1661,1902,1376,NA,2156,1260,2348,1777,1533,5793,3779
qNDKKmAX,information_high,43,Female,White,Private sector,"40,001-60,000",College diploma,3.933,5,8.5,4.06666666666667,5,14,4,4,3,1,2,3,2,2,3,2,3,0,3,3,3,3,3,3,4,6,4,3,7,4,5,0,6,8,7,9,6,3,3,3,3,3,3,3,3,3,3,3,3,3,3,0.333333333333333,0.666666666666667,1,0.666666666666667,0.666666666666667,1,0.666666666666667,1,0,1,1,1,1,1,31293,14778,14273,16815,26985,5054,3344,5192,8518,3876,3965,2913,3391,4222,NA,NA,NA,NA,NA,NA,NA,NA,NA,NA,NA,NA,NA,NA
xzpljzLY,assistant_low,51,Female,Black,Self-employed/Freelancer,"30,001-40,000",College diploma,4.867,4,8.5,NA,NA,NA,NA,NA,NA,3,3,3,2,NA,NA,3,3,0,3,NA,NA,NA,NA,6,4,5,3,NA,NA,5,6,0,4,NA,NA,NA,NA,3,3,3,3,NA,NA,3,3,3,3,NA,NA,NA,NA,1,1,1,0.666666666666667,NA,NA,1,1,0,1,NA,NA,NA,NA,NA,NA,NA,NA,NA,NA,NA,NA,NA,NA,NA,NA,NA,NA,14652,NA,NA,NA,NA,NA,NA,NA,NA,NA,NA,NA,NA,NA
WsbvsGOb,assistant_medium,47,Female,Mixed,Private sector,"<10,000",Bachelor,3.8,4,6,NA,NA,NA,NA,NA,NA,1,2,1,1,1,NA,0,1,1,0,0,1,1,0,2,1,3,1,3,NA,0,2,4,0,0,3,4,0,3,3,3,3,3,NA,3,3,3,3,3,3,3,3,0.333333333333333,0.666666666666667,0.333333333333333,0.333333333333333,0.333333333333333,NA,0,0.333333333333333,0.333333333333333,0,0,0.333333333333333,0.333333333333333,0,NA,NA,NA,NA,NA,NA,NA,NA,NA,NA,NA,NA,NA,NA,1783,NA,NA,4358,NA,NA,7839,NA,NA,2996,NA,NA,3092,NA
ieUiPYth,assistant_low,26,Female,Mixed,Private sector,">60,000",Master,3.933,4,1,3.93333333333333,4,1,3,3,5,1,0,0,0,0,0,0,0,0,0,0,0,0,0,3,0,0,0,0,0,0,0,0,0,0,0,0,0,3,3,3,3,3,3,3,3,3,3,3,3,3,3,0.333333333333333,0,0,0,0,0,0,0,0,0,0,0,0,0,NA,NA,NA,NA,NA,NA,NA,NA,NA,NA,NA,NA,NA,NA,10454,NA,NA,NA,NA,NA,NA,NA,NA,NA,NA,NA,NA,NA
RqjiUjzH,structure_medium,41,Female,White,Self-employed/Freelancer,"10,001-20,000",Senior high,3.6,4,5.5,3.6,4,3,2,3,3,3,3,3,3,3,3,3,3,3,3,3,3,3,3,4,4,3,3,3,3,4,3,5,3,7,3,7,3,3,3,3,3,3,3,3,3,3,3,3,3,3,3,1,1,1,1,1,1,1,1,1,1,1,1,1,1,NA,NA,NA,NA,NA,NA,NA,NA,NA,NA,NA,NA,NA,NA,NA,NA,NA,NA,NA,NA,NA,NA,NA,NA,NA,NA,NA,NA
AesFZfWE,assistant_low,40,Female,Black,Self-employed/Freelancer,"10,001-20,000",College diploma,3.733,4,7,NA,NA,NA,NA,NA,NA,2,1,1,0,0,NA,1,0,1,1,0,1,2,1,4,1,2,0,0,NA,4,0,4,1,0,1,5,1,3,3,3,3,3,NA,3,3,3,3,3,3,3,3,0.666666666666667,0.333333333333333,0.333333333333333,0,0,NA,0.333333333333333,0,0.333333333333333,0.333333333333333,0,0.333333333333333,0.666666666666667,0.333333333333333,NA,NA,NA,NA,NA,NA,NA,NA,NA,NA,NA,NA,NA,NA,14005,NA,NA,NA,NA,NA,NA,NA,NA,NA,NA,NA,NA,NA
XgkySxXL,assistant_low,39,Female,Black,Private sector,"20,001-30,000",College diploma,3.333,4,6,NA,NA,NA,NA,NA,NA,1,2,1,3,2,2,1,3,2,3,3,3,3,NA,0,2,2,3,5,1,4,5,8,3,10,3,12,NA,3,3,3,3,3,3,3,3,3,3,3,3,3,NA,0.333333333333333,0.666666666666667,0.333333333333333,1,0.666666666666667,0.666666666666667,0.333333333333333,1,0.666666666666667,1,1,1,1,NA,NA,NA,NA,NA,NA,NA,NA,NA,NA,NA,NA,NA,NA,NA,29014,NA,NA,NA,NA,NA,NA,NA,NA,NA,NA,NA,NA,NA
XkYVpKQI,assistant_medium,68,Male,White,Other,"30,001-40,000",Bachelor,3.6,4,1.5,4,4,1.5,6,2,2,3,3,3,3,3,2,2,2,2,3,3,3,2,3,3,8,3,9,3,7,3,10,3,9,2,7,3,7,3,3,3,3,3,3,3,3,3,3,3,3,3,3,1,1,1,1,1,0.666666666666667,0.666666666666667,0.666666666666667,0.666666666666667,1,1,1,0.666666666666667,1,NA,NA,NA,NA,NA,NA,NA,NA,NA,NA,NA,NA,NA,NA,39745,NA,NA,23917,NA,NA,8953,NA,NA,3132,NA,NA,6839,NA
lFnHUGsH,structure_medium,43,Male,White,Government/Public sector,"10,001-20,000",Master,3.267,3,-0.5,3.66666666666667,3,0.5,4,4,4,0,1,0,1,0,0,2,0,0,3,0,0,3,0,0,2,0,2,0,0,7,0,0,8,0,0,13,0,3,3,3,3,3,3,3,3,3,3,3,3,3,3,0,0.333333333333333,0,0.333333333333333,0,0,0.666666666666667,0,0,1,0,0,1,0,NA,NA,NA,NA,NA,NA,NA,NA,NA,NA,NA,NA,NA,NA,NA,NA,NA,NA,NA,NA,NA,NA,NA,NA,NA,NA,NA,NA
sWciFAcN,assistant_high,28,Female,Mixed,Private sector,"10,001-20,000",Senior high,3.267,4,3,3.66666666666667,4,6,3,4,5,1,1,1,1,1,1,1,1,2,2,2,1,1,2,2,4,2,4,2,4,3,4,3,7,1,5,3,4,3,3,3,3,3,3,3,3,3,3,3,3,3,3,0.333333333333333,0.333333333333333,0.333333333333333,0.333333333333333,0.333333333333333,0.333333333333333,0.333333333333333,0.333333333333333,0.666666666666667,0.666666666666667,0.666666666666667,0.333333333333333,0.333333333333333,0.666666666666667,NA,NA,NA,NA,NA,NA,NA,NA,NA,NA,NA,NA,NA,NA,15610,7687,7825,15854,29327,8998,9266,6308,2515,3206,1998,13212,4395,4110
gGgUFqFG,structure_high,31,Male,Black,Private sector,"<10,000",College diploma,3.067,3,1,3.46666666666667,4,3,4,2,2,3,3,3,3,3,3,3,3,3,3,3,3,3,2,3,3,2,2,5,2,2,4,0,4,3,2,0,2,3,3,3,3,3,3,3,3,3,3,3,3,3,3,1,1,1,1,1,1,1,1,1,1,1,1,1,0.666666666666667,NA,NA,NA,NA,NA,NA,NA,NA,NA,NA,NA,NA,NA,NA,NA,NA,NA,NA,NA,NA,NA,NA,NA,NA,NA,NA,NA,NA
lswzBGZh,information_medium,37,Female,White,Self-employed/Freelancer,">60,000",Bachelor,2.6,3,3,NA,NA,NA,NA,NA,NA,3,NA,3,1,2,1,3,0,3,0,3,0,1,0,3,NA,5,1,5,1,8,0,4,0,10,0,3,0,3,NA,3,3,3,3,3,3,3,3,3,3,3,3,1,NA,1,0.333333333333333,0.666666666666667,0.333333333333333,1,0,1,0,1,0,0.333333333333333,0,138007,NA,NA,15224,NA,NA,2178,NA,NA,3351,NA,NA,3044,NA,NA,NA,NA,NA,NA,NA,NA,NA,NA,NA,NA,NA,NA,NA
zNDQPpXE,information_low,32,Female,Black,Government/Public sector,"<10,000",Bachelor,4.067,4,2,NA,NA,NA,NA,NA,NA,3,2,3,0,NA,NA,3,0,3,0,NA,NA,NA,NA,2,1,3,0,NA,NA,3,0,3,0,NA,NA,NA,NA,3,3,3,3,NA,NA,3,3,3,3,NA,NA,NA,NA,1,0.666666666666667,1,0,NA,NA,1,0,1,0,NA,NA,NA,NA,22333,NA,NA,NA,NA,NA,NA,NA,NA,NA,NA,NA,NA,NA,NA,NA,NA,NA,NA,NA,NA,NA,NA,NA,NA,NA,NA,NA
MZkitzJN,control,30,Male,Mixed,Self-employed/Freelancer,"10,001-20,000",Senior high,3.333,4,-0.5,NA,NA,NA,NA,NA,NA,1,1,0,0,0,0,NA,0,NA,NA,NA,NA,NA,NA,3,1,0,0,0,0,NA,0,NA,NA,NA,NA,NA,NA,3,3,3,3,3,3,NA,3,NA,NA,NA,NA,NA,NA,0.333333333333333,0.333333333333333,0,0,0,0,NA,0,NA,NA,NA,NA,NA,NA,NA,NA,NA,NA,NA,NA,NA,NA,NA,NA,NA,NA,NA,NA,NA,NA,NA,NA,NA,NA,NA,NA,NA,NA,NA,NA,NA,NA
WkVwYIzH,assistant_low,25,Male,Black,Private sector,"20,001-30,000",Bachelor,3.133,5,9.5,NA,NA,NA,NA,NA,NA,1,1,1,0,0,0,NA,0,NA,NA,0,0,0,0,1,0,1,0,0,0,NA,0,NA,NA,0,0,0,0,3,3,3,3,3,3,NA,3,NA,NA,3,3,3,3,0.333333333333333,0.333333333333333,0.333333333333333,0,0,0,NA,0,NA,NA,0,0,0,0,NA,NA,NA,NA,NA,NA,NA,NA,NA,NA,NA,NA,NA,NA,13788,NA,NA,NA,NA,NA,NA,NA,NA,NA,NA,NA,NA,NA
EGzIQAxg,assistant_low,35,Male,Black,Private sector,"20,001-30,000",Master,3.533,4,9.5,3.53333333333333,5,9,7,4,1,3,2,1,2,2,1,1,1,1,0,2,1,1,2,5,3,4,5,7,4,4,2,4,0,9,2,5,4,3,3,3,3,3,3,3,3,3,3,3,3,3,3,1,0.666666666666667,0.333333333333333,0.666666666666667,0.666666666666667,0.333333333333333,0.333333333333333,0.333333333333333,0.333333333333333,0,0.666666666666667,0.333333333333333,0.333333333333333,0.666666666666667,NA,NA,NA,NA,NA,NA,NA,NA,NA,NA,NA,NA,NA,NA,17202,NA,NA,NA,NA,NA,NA,NA,NA,NA,NA,NA,NA,NA
ZxZIOiqj,information_high,38,Male,White,Private sector,"40,001-60,000",Bachelor,3.6,4,-1,NA,NA,NA,NA,NA,NA,0,1,NA,0,0,1,0,0,1,0,0,NA,NA,0,0,0,NA,0,0,0,0,0,0,0,0,NA,NA,0,3,3,NA,3,3,3,3,3,3,3,3,NA,NA,3,0,0.333333333333333,NA,0,0,0.333333333333333,0,0,0.333333333333333,0,0,NA,NA,0,1898,1477,NA,1404,1284,1328,1403,1408,1221,1129,3908,NA,NA,1278,NA,NA,NA,NA,NA,NA,NA,NA,NA,NA,NA,NA,NA,NA
xpozIBwm,information_high,41,Male,Black,Private sector,"20,001-30,000",Master,3.133,5,5,2.66666666666667,5,9,6,7,1,3,3,3,3,3,3,3,3,3,3,3,3,3,3,5,3,8,3,7,3,6,5,8,5,4,6,8,6,3,3,3,3,3,3,3,3,3,3,3,3,3,3,1,1,1,1,1,1,1,1,1,1,1,1,1,1,27015,27882,3719,2978,2357,1704,3566,1981,2179,2776,7889,3396,5387,2598,NA,NA,NA,NA,NA,NA,NA,NA,NA,NA,NA,NA,NA,NA
RFNBUgJc,structure_high,55,Female,White,Private sector,"20,001-30,000",Bachelor,3.267,4,2,NA,NA,NA,NA,NA,NA,0,0,0,0,0,NA,0,1,1,1,1,NA,0,0,0,0,0,0,0,NA,0,0,0,0,0,NA,0,0,3,3,3,3,3,NA,3,3,3,3,3,NA,3,3,0,0,0,0,0,NA,0,0.333333333333333,0.333333333333333,0.333333333333333,0.333333333333333,NA,0,0,NA,NA,NA,NA,NA,NA,NA,NA,NA,NA,NA,NA,NA,NA,NA,NA,NA,NA,NA,NA,NA,NA,NA,NA,NA,NA,NA,NA
doAknCcX,structure_high,27,Male,Other,Private sector,"40,001-60,000",Bachelor,3.8,5,5,3.46666666666667,5,4,6,7,2,3,1,2,2,3,1,2,1,3,3,3,3,2,3,6,1,4,0,9,0,6,1,8,5,9,5,8,7,3,3,3,3,3,3,3,3,3,3,3,3,3,3,1,0.333333333333333,0.666666666666667,0.666666666666667,1,0.333333333333333,0.666666666666667,0.333333333333333,1,1,1,1,0.666666666666667,1,NA,NA,NA,NA,NA,NA,NA,NA,NA,NA,NA,NA,NA,NA,NA,NA,NA,NA,NA,NA,NA,NA,NA,NA,NA,NA,NA,NA
LUUcUyHF,control,58,Female,Asian,Self-employed/Freelancer,"10,001-20,000",Bachelor,4.067,4,8,4.06666666666667,5,5.5,NA,NA,NA,1,1,0,0,0,0,0,0,0,0,0,0,0,0,5,1,0,0,0,0,0,0,0,0,0,0,0,0,3,3,3,3,3,3,3,3,3,3,3,3,3,3,0.333333333333333,0.333333333333333,0,0,0,0,0,0,0,0,0,0,0,0,NA,NA,NA,NA,NA,NA,NA,NA,NA,NA,NA,NA,NA,NA,NA,NA,NA,NA,NA,NA,NA,NA,NA,NA,NA,NA,NA,NA
xILDnJfs,structure_medium,43,Female,White,Private sector,"10,001-20,000",Bachelor,3,3,-5,3.26666666666667,2,-0.5,3,5,4,0,3,0,3,0,3,3,2,0,1,0,2,0,3,0,7,0,7,0,8,6,4,0,3,0,4,0,9,3,3,3,3,3,3,3,3,3,3,3,3,3,3,0,1,0,1,0,1,1,0.666666666666667,0,0.333333333333333,0,0.666666666666667,0,1,NA,NA,NA,NA,NA,NA,NA,NA,NA,NA,NA,NA,NA,NA,NA,NA,NA,NA,NA,NA,NA,NA,NA,NA,NA,NA,NA,NA
VjhHostR,structure_high,29,Male,White,Private sector,"20,001-30,000",Master,3.4,5,6.5,NA,NA,NA,NA,NA,NA,3,3,3,3,3,3,3,3,3,3,3,NA,NA,3,7,4,9,3,3,5,4,6,9,7,6,NA,NA,7,3,3,3,3,3,3,3,3,3,3,3,NA,NA,3,1,1,1,1,1,1,1,1,1,1,1,NA,NA,1,NA,NA,NA,NA,NA,NA,NA,NA,NA,NA,NA,NA,NA,NA,NA,NA,NA,NA,NA,NA,NA,NA,NA,NA,NA,NA,NA,NA
ZXRXtLsw,structure_low,25,Female,White,Private sector,"10,001-20,000",Senior high,2,2,-9.5,NA,NA,NA,NA,NA,NA,1,0,0,0,0,NA,0,0,0,0,0,0,0,0,0,0,0,0,0,NA,0,0,0,0,0,0,0,0,3,3,3,3,3,NA,3,3,3,3,3,3,3,3,0.333333333333333,0,0,0,0,NA,0,0,0,0,0,0,0,0,NA,NA,NA,NA,NA,NA,NA,NA,NA,NA,NA,NA,NA,NA,NA,NA,NA,NA,NA,NA,NA,NA,NA,NA,NA,NA,NA,NA
tsehVPyc,structure_medium,27,Female,Mixed,Other,"<10,000",Bachelor,4.067,5,0,4.06666666666667,5,4,6,4,6,3,0,0,0,3,0,3,0,0,0,0,0,1,0,2,0,0,0,1,0,3,0,0,0,0,0,1,0,3,3,3,3,3,3,3,3,3,3,3,3,3,3,1,0,0,0,1,0,1,0,0,0,0,0,0.333333333333333,0,NA,NA,NA,NA,NA,NA,NA,NA,NA,NA,NA,NA,NA,NA,NA,NA,NA,NA,NA,NA,NA,NA,NA,NA,NA,NA,NA,NA
CcHdTndt,assistant_medium,23,Male,Asian,Government/Public sector,">60,000",Master,3.333,4,2,NA,NA,NA,NA,NA,NA,0,0,0,0,NA,0,NA,NA,NA,NA,NA,NA,NA,NA,0,0,0,0,NA,0,NA,NA,NA,NA,NA,NA,NA,NA,3,3,3,3,NA,3,NA,NA,NA,NA,NA,NA,NA,NA,0,0,0,0,NA,0,NA,NA,NA,NA,NA,NA,NA,NA,NA,NA,NA,NA,NA,NA,NA,NA,NA,NA,NA,NA,NA,NA,18074,NA,NA,26250,NA,NA,NA,NA,NA,NA,NA,NA,NA,NA
ArNaNlzK,structure_low,31,Female,White,Other,"40,001-60,000",Master,3,4,-1.5,NA,NA,NA,NA,NA,NA,1,1,0,0,NA,0,0,0,0,0,0,0,0,0,0,0,0,0,NA,0,0,0,0,0,0,0,0,0,3,3,3,3,NA,3,3,3,3,3,3,3,3,3,0.333333333333333,0.333333333333333,0,0,NA,0,0,0,0,0,0,0,0,0,NA,NA,NA,NA,NA,NA,NA,NA,NA,NA,NA,NA,NA,NA,NA,NA,NA,NA,NA,NA,NA,NA,NA,NA,NA,NA,NA,NA
PVRHTBYQ,assistant_medium,27,Male,Asian,Private sector,"10,001-20,000",Bachelor,3.6,4,2,NA,NA,NA,NA,NA,NA,3,1,NA,2,NA,NA,3,NA,2,0,3,0,2,0,10,0,NA,3,NA,NA,12,NA,10,0,12,0,11,0,3,3,NA,3,NA,NA,3,NA,3,3,3,3,3,3,1,0.333333333333333,NA,0.666666666666667,NA,NA,1,NA,0.666666666666667,0,1,0,0.666666666666667,0,NA,NA,NA,NA,NA,NA,NA,NA,NA,NA,NA,NA,NA,NA,17293,NA,NA,15926,NA,NA,21283,NA,NA,16774,NA,NA,6077,NA
GpokBmFT,structure_low,40,Male,White,Government/Public sector,">60,000",Master,2.4,4,-6,2.4,4,-5.5,1,1,1,0,0,0,0,0,0,0,0,0,0,0,0,0,0,0,0,0,0,0,0,0,0,0,0,0,0,0,0,3,3,3,3,3,3,3,3,3,3,3,3,3,3,0,0,0,0,0,0,0,0,0,0,0,0,0,0,NA,NA,NA,NA,NA,NA,NA,NA,NA,NA,NA,NA,NA,NA,NA,NA,NA,NA,NA,NA,NA,NA,NA,NA,NA,NA,NA,NA
uGayJBRo,assistant_low,31,Female,White,Government/Public sector,"40,001-60,000",Master,3.933,3,4,NA,NA,NA,NA,NA,NA,3,2,1,0,NA,1,0,0,1,0,1,0,0,1,1,5,2,0,NA,3,0,0,3,0,3,0,0,4,3,3,3,3,NA,3,3,3,3,3,3,3,3,3,1,0.666666666666667,0.333333333333333,0,NA,0.333333333333333,0,0,0.333333333333333,0,0.333333333333333,0,0,0.333333333333333,NA,NA,NA,NA,NA,NA,NA,NA,NA,NA,NA,NA,NA,NA,12969,NA,NA,NA,NA,NA,NA,NA,NA,NA,NA,NA,NA,NA
MWZExCoh,information_low,29,Male,Black,Government/Public sector,"20,001-30,000",Master,3.267,4,5,NA,NA,NA,NA,NA,NA,1,2,3,0,3,0,3,2,1,3,0,NA,0,3,1,1,3,0,3,0,3,3,1,5,0,NA,0,2,3,3,3,3,3,3,3,3,3,3,3,NA,3,3,0.333333333333333,0.666666666666667,1,0,1,0,1,0.666666666666667,0.333333333333333,1,0,NA,0,1,13913,NA,NA,NA,NA,NA,NA,NA,NA,NA,NA,NA,NA,NA,NA,NA,NA,NA,NA,NA,NA,NA,NA,NA,NA,NA,NA,NA
VXukooKR,information_low,30,Male,White,Private sector,">60,000",Bachelor,4,4,-2.5,NA,NA,NA,NA,NA,NA,1,1,0,0,0,0,NA,0,0,0,0,0,0,0,1,2,0,0,0,0,NA,0,0,0,0,0,0,0,3,3,3,3,3,3,NA,3,3,3,3,3,3,3,0.333333333333333,0.333333333333333,0,0,0,0,NA,0,0,0,0,0,0,0,32660,NA,NA,NA,NA,NA,NA,NA,NA,NA,NA,NA,NA,NA,NA,NA,NA,NA,NA,NA,NA,NA,NA,NA,NA,NA,NA,NA
OLaedczp,assistant_high,31,Male,Black,Private sector,"40,001-60,000",Bachelor,3.2,4,1.5,3.53333333333333,4,2,7,4,4,3,2,3,2,3,0,3,2,3,0,3,3,2,0,6,4,8,3,8,0,8,2,7,0,9,4,4,0,3,3,3,3,3,3,3,3,3,3,3,3,3,3,1,0.666666666666667,1,0.666666666666667,1,0,1,0.666666666666667,1,0,1,1,0.666666666666667,0,NA,NA,NA,NA,NA,NA,NA,NA,NA,NA,NA,NA,NA,NA,22114,16857,12508,8512,9266,4817,4658,7300,6055,2266,6134,5395,4765,5245
UeXmyQfl,control,49,Male,Asian,Private sector,">60,000",Doctoral,3.267,4,5,NA,NA,NA,NA,NA,NA,1,NA,1,1,1,1,0,1,1,1,1,1,0,1,2,NA,2,1,3,2,0,2,5,1,5,2,0,2,3,NA,3,3,3,3,3,3,3,3,3,3,3,3,0.333333333333333,NA,0.333333333333333,0.333333333333333,0.333333333333333,0.333333333333333,0,0.333333333333333,0.333333333333333,0.333333333333333,0.333333333333333,0.333333333333333,0,0.333333333333333,NA,NA,NA,NA,NA,NA,NA,NA,NA,NA,NA,NA,NA,NA,NA,NA,NA,NA,NA,NA,NA,NA,NA,NA,NA,NA,NA,NA
VoijirZd,information_medium,28,Female,White,Student,"<10,000",Bachelor,4.8,5,12,4.4,5,13,6,1,1,3,3,3,3,3,3,3,3,3,3,3,3,3,3,4,6,7,7,5,6,6,9,6,9,7,10,7,11,3,3,3,3,3,3,3,3,3,3,3,3,3,3,1,1,1,1,1,1,1,1,1,1,1,1,1,1,8247,NA,NA,9062,NA,NA,8235,NA,NA,1965,NA,NA,2493,NA,NA,NA,NA,NA,NA,NA,NA,NA,NA,NA,NA,NA,NA,NA
aqPCzzNF,structure_low,30,Female,White,Government/Public sector,"10,001-20,000",Master,4.467,4,1.5,NA,NA,NA,NA,NA,NA,3,0,1,NA,NA,NA,NA,0,1,NA,0,NA,NA,NA,3,0,2,NA,NA,NA,NA,0,2,NA,0,NA,NA,NA,3,3,3,NA,NA,NA,NA,3,3,NA,3,NA,NA,NA,1,0,0.333333333333333,NA,NA,NA,NA,0,0.333333333333333,NA,0,NA,NA,NA,NA,NA,NA,NA,NA,NA,NA,NA,NA,NA,NA,NA,NA,NA,NA,NA,NA,NA,NA,NA,NA,NA,NA,NA,NA,NA,NA,NA
sRFLvSvk,information_medium,23,Female,Black,Private sector,"<10,000",Senior high,3.467,4,2.5,NA,NA,NA,NA,NA,NA,1,1,3,0,3,NA,1,1,3,NA,NA,NA,NA,NA,1,2,5,0,4,NA,2,2,6,NA,NA,NA,NA,NA,3,3,3,3,3,NA,3,3,3,NA,NA,NA,NA,NA,0.333333333333333,0.333333333333333,1,0,1,NA,0.333333333333333,0.333333333333333,1,NA,NA,NA,NA,NA,16513,NA,NA,1073,NA,NA,1026,NA,NA,NA,NA,NA,NA,NA,NA,NA,NA,NA,NA,NA,NA,NA,NA,NA,NA,NA,NA,NA
ApUDOzwx,information_medium,31,Male,Black,Private sector,"10,001-20,000",Bachelor,2,5,12.5,2.06666666666667,4,7.5,5,1,2,3,2,3,3,3,3,3,3,3,3,3,3,3,2,8,3,7,3,10,1,3,2,6,2,8,3,7,4,3,3,3,3,3,3,3,3,3,3,3,3,3,3,1,0.666666666666667,1,1,1,1,1,1,1,1,1,1,1,0.666666666666667,27402,NA,NA,14559,NA,NA,11702,NA,NA,11896,NA,NA,2864,NA,NA,NA,NA,NA,NA,NA,NA,NA,NA,NA,NA,NA,NA,NA
UYDTVAZR,assistant_high,26,Female,White,Private sector,"<10,000",Senior high,4.333,5,4,4.06666666666667,5,3,6,3,1,0,0,0,0,0,0,0,0,1,0,1,0,0,0,0,0,0,0,0,0,0,0,0,0,0,0,0,0,3,3,3,3,3,3,3,3,3,3,3,3,3,3,0,0,0,0,0,0,0,0,0.333333333333333,0,0.333333333333333,0,0,0,NA,NA,NA,NA,NA,NA,NA,NA,NA,NA,NA,NA,NA,NA,27344,4766,3014,3085,7360,2811,3318,6414,2913,8720,3055,23708,5240,2570
kMrUuKMA,assistant_high,40,Female,Black,Private sector,"30,001-40,000",Bachelor,3.867,4,7,NA,NA,NA,NA,NA,NA,3,2,2,1,3,0,3,1,3,1,3,0,3,NA,2,2,2,0,2,0,3,0,4,0,5,0,3,NA,3,3,3,3,3,3,3,3,3,3,3,3,3,NA,1,0.666666666666667,0.666666666666667,0.333333333333333,1,0,1,0.333333333333333,1,0.333333333333333,1,0,1,NA,NA,NA,NA,NA,NA,NA,NA,NA,NA,NA,NA,NA,NA,NA,9443,4845,3676,2885,5944,22079,34847,1962,3101,2172,2348,2974,3681,NA
xwpZflYF,assistant_low,43,Female,Asian,Government/Public sector,"40,001-60,000",Bachelor,4.067,5,12,NA,NA,NA,NA,NA,NA,3,1,3,0,NA,2,0,0,3,0,NA,1,0,0,1,0,1,0,NA,5,0,0,5,0,NA,5,0,0,3,3,3,3,NA,3,3,3,3,3,NA,3,3,3,1,0.333333333333333,1,0,NA,0.666666666666667,0,0,1,0,NA,0.333333333333333,0,0,NA,NA,NA,NA,NA,NA,NA,NA,NA,NA,NA,NA,NA,NA,13664,NA,NA,NA,NA,NA,NA,NA,NA,NA,NA,NA,NA,NA
qqfDXDFo,information_medium,32,Female,Black,Private sector,"10,001-20,000",Bachelor,3.333,5,3.5,4,4,4,7,2,3,1,0,0,1,0,0,0,0,0,2,0,0,0,1,0,0,0,1,0,0,0,0,0,1,0,0,0,0,3,3,3,3,3,3,3,3,3,3,3,3,3,3,0.333333333333333,0,0,0.333333333333333,0,0,0,0,0,0.666666666666667,0,0,0,0.333333333333333,36120,NA,NA,1319,NA,NA,1877,NA,NA,1783,NA,NA,1164,NA,NA,NA,NA,NA,NA,NA,NA,NA,NA,NA,NA,NA,NA,NA
kWNsgOms,information_medium,45,Female,Black,Self-employed/Freelancer,"40,001-60,000",Master,3.733,4,7,NA,NA,NA,NA,NA,NA,1,0,0,0,1,0,2,0,1,0,0,NA,1,1,0,0,0,0,1,0,2,0,1,0,0,NA,0,0,3,3,3,3,3,3,3,3,3,3,3,NA,3,3,0.333333333333333,0,0,0,0.333333333333333,0,0.666666666666667,0,0.333333333333333,0,0,NA,0.333333333333333,0.333333333333333,7911,NA,NA,3078,NA,NA,2373,NA,NA,19107,NA,NA,4166,NA,NA,NA,NA,NA,NA,NA,NA,NA,NA,NA,NA,NA,NA,NA
vXVFsHsb,assistant_low,34,Female,Black,Private sector,"40,001-60,000",Bachelor,3.267,5,8.5,3.26666666666667,5,0,7,2,3,0,1,0,1,0,1,0,0,0,0,0,0,0,0,0,1,0,1,0,1,0,0,0,0,0,0,0,0,3,3,3,3,3,3,3,3,3,3,3,3,3,3,0,0.333333333333333,0,0.333333333333333,0,0.333333333333333,0,0,0,0,0,0,0,0,NA,NA,NA,NA,NA,NA,NA,NA,NA,NA,NA,NA,NA,NA,13900,NA,NA,NA,NA,NA,NA,NA,NA,NA,NA,NA,NA,NA
TJxtzBKc,structure_high,18,Male,Asian,Self-employed/Freelancer,"<10,000",Bachelor,3.6,4,1,NA,NA,NA,NA,NA,NA,3,3,3,3,3,3,3,3,NA,3,3,3,3,3,3,3,3,6,3,7,9,8,NA,7,8,8,10,9,3,3,3,3,3,3,3,3,NA,3,3,3,3,3,1,1,1,1,1,1,1,1,NA,1,1,1,1,1,NA,NA,NA,NA,NA,NA,NA,NA,NA,NA,NA,NA,NA,NA,NA,NA,NA,NA,NA,NA,NA,NA,NA,NA,NA,NA,NA,NA
CzrQEoSU,assistant_medium,30,Male,Asian,Private sector,"10,001-20,000",Master,3.8,2,-2,3.33333333333333,4,-1.5,6,5,4,1,0,2,2,1,0,2,1,0,1,3,0,2,0,2,0,1,4,2,0,7,2,0,2,10,0,8,0,3,3,3,3,3,3,3,3,3,3,3,3,3,3,0.333333333333333,0,0.666666666666667,0.666666666666667,0.333333333333333,0,0.666666666666667,0.333333333333333,0,0.333333333333333,1,0,0.666666666666667,0,NA,NA,NA,NA,NA,NA,NA,NA,NA,NA,NA,NA,NA,NA,6230,NA,NA,3485,NA,NA,3588,NA,NA,9366,NA,NA,6658,NA
xhcuKQlj,information_low,41,Male,Asian,Private sector,"40,001-60,000",Bachelor,4,5,8,NA,NA,NA,NA,NA,NA,3,2,2,3,3,3,3,NA,3,3,3,2,2,3,6,4,1,8,5,10,8,NA,9,9,6,9,5,11,3,3,3,3,3,3,3,NA,3,3,3,3,3,3,1,0.666666666666667,0.666666666666667,1,1,1,1,NA,1,1,1,0.666666666666667,0.666666666666667,1,18789,NA,NA,NA,NA,NA,NA,NA,NA,NA,NA,NA,NA,NA,NA,NA,NA,NA,NA,NA,NA,NA,NA,NA,NA,NA,NA,NA
TxoYeJoq,assistant_medium,23,Male,Asian,Private sector,"10,001-20,000",Bachelor,3,3,6,3.66666666666667,4,13.5,5,4,3,2,2,2,0,2,0,3,1,0,3,3,0,2,3,1,0,1,0,3,0,3,1,0,4,5,0,4,7,3,3,3,3,3,3,3,3,3,3,3,3,3,3,0.666666666666667,0.666666666666667,0.666666666666667,0,0.666666666666667,0,1,0.333333333333333,0,1,1,0,0.666666666666667,1,NA,NA,NA,NA,NA,NA,NA,NA,NA,NA,NA,NA,NA,NA,50904,NA,NA,3535,NA,NA,15322,NA,NA,9352,NA,NA,3858,NA
FvTVTUiQ,structure_medium,29,Male,Asian,Self-employed/Freelancer,NA,Bachelor,3.933,5,7,NA,NA,NA,NA,NA,NA,1,0,0,2,0,0,1,1,1,2,0,0,NA,NA,2,0,0,2,0,0,1,2,2,6,0,0,NA,NA,3,3,3,3,3,3,3,3,3,3,3,3,NA,NA,0.333333333333333,0,0,0.666666666666667,0,0,0.333333333333333,0.333333333333333,0.333333333333333,0.666666666666667,0,0,NA,NA,NA,NA,NA,NA,NA,NA,NA,NA,NA,NA,NA,NA,NA,NA,NA,NA,NA,NA,NA,NA,NA,NA,NA,NA,NA,NA,NA,NA
ViGvwOSV,information_high,24,Female,Asian,Private sector,"10,001-20,000",Bachelor,3.467,3,1.5,NA,NA,NA,NA,NA,NA,3,3,3,3,NA,NA,3,3,3,3,NA,3,NA,3,3,3,10,3,NA,NA,7,4,10,3,NA,5,NA,6,3,3,3,3,NA,NA,3,3,3,3,NA,3,NA,3,1,1,1,1,NA,NA,1,1,1,1,NA,1,NA,1,62393,8651,1801,1676,NA,NA,1664,2428,2705,4109,NA,2621,NA,2485,NA,NA,NA,NA,NA,NA,NA,NA,NA,NA,NA,NA,NA,NA
aBtRQAaM,information_low,25,Male,Asian,Private sector,"<10,000",Bachelor,3.733,5,0,NA,NA,NA,NA,NA,NA,3,3,3,3,3,3,3,3,NA,2,3,NA,2,2,5,3,2,4,9,3,6,5,NA,5,5,NA,9,6,3,3,3,3,3,3,3,3,NA,3,3,NA,3,3,1,1,1,1,1,1,1,1,NA,0.666666666666667,1,NA,0.666666666666667,0.666666666666667,21295,NA,NA,NA,NA,NA,NA,NA,NA,NA,NA,NA,NA,NA,NA,NA,NA,NA,NA,NA,NA,NA,NA,NA,NA,NA,NA,NA
acVVJxfx,control,36,Male,Asian,Self-employed/Freelancer,"<10,000",Bachelor,3.8,4,0,3.66666666666667,4,6.5,NA,NA,NA,2,2,2,2,3,3,3,3,3,3,2,3,2,2,7,5,8,7,11,9,12,9,12,9,11,8,10,9,3,3,3,3,3,3,3,3,3,3,3,3,3,3,0.666666666666667,0.666666666666667,0.666666666666667,0.666666666666667,1,1,1,1,1,1,0.666666666666667,1,0.666666666666667,0.666666666666667,NA,NA,NA,NA,NA,NA,NA,NA,NA,NA,NA,NA,NA,NA,NA,NA,NA,NA,NA,NA,NA,NA,NA,NA,NA,NA,NA,NA
odfLHqKN,assistant_medium,21,Male,Black,Student,"<10,000",Bachelor,3.667,4,4.5,NA,NA,NA,NA,NA,NA,0,1,NA,1,2,0,3,0,0,3,0,NA,NA,0,0,0,NA,2,4,0,6,0,0,4,0,NA,NA,0,3,3,NA,3,3,3,3,3,3,3,3,NA,NA,3,0,0.333333333333333,NA,0.333333333333333,0.666666666666667,0,1,0,0,1,0,NA,NA,0,NA,NA,NA,NA,NA,NA,NA,NA,NA,NA,NA,NA,NA,NA,22241,NA,NA,6015,NA,NA,56178,NA,NA,3318,NA,NA,NA,NA
CNrASEZH,information_medium,29,Male,Black,Private sector,"<10,000",Bachelor,2.867,5,5.5,3.06666666666667,5,5.5,6,1,2,1,0,1,0,1,0,2,0,0,3,0,0,0,2,2,0,0,0,2,0,6,0,0,4,0,0,0,3,3,3,3,3,3,3,3,3,3,3,3,3,3,3,0.333333333333333,0,0.333333333333333,0,0.333333333333333,0,0.666666666666667,0,0,1,0,0,0,0.666666666666667,22640,NA,NA,71451,NA,NA,1473,NA,NA,2984,NA,NA,6094,NA,NA,NA,NA,NA,NA,NA,NA,NA,NA,NA,NA,NA,NA,NA
rBUxxOeq,assistant_medium,33,Female,Black,Private sector,"<10,000",Bachelor,3.933,5,13,3.4,5,13,4,4,4,3,3,2,3,2,3,2,3,1,2,1,2,2,3,3,0,4,1,1,3,4,2,2,0,2,0,2,3,3,3,3,3,3,3,3,3,3,3,3,3,3,3,1,1,0.666666666666667,1,0.666666666666667,1,0.666666666666667,1,0.333333333333333,0.666666666666667,0.333333333333333,0.666666666666667,0.666666666666667,1,NA,NA,NA,NA,NA,NA,NA,NA,NA,NA,NA,NA,NA,NA,3977,NA,NA,1653,NA,NA,17978,NA,NA,5121,NA,NA,6308,NA
dUARYMiW,structure_high,28,Female,Black,Self-employed/Freelancer,"<10,000",Bachelor,3.533,4,9.5,3.46666666666667,5,6.5,6,2,3,2,1,0,3,2,3,3,3,0,3,1,2,1,2,2,1,0,5,2,2,7,2,0,4,3,1,2,2,3,3,3,3,3,3,3,3,3,3,3,3,3,3,0.666666666666667,0.333333333333333,0,1,0.666666666666667,1,1,1,0,1,0.333333333333333,0.666666666666667,0.333333333333333,0.666666666666667,NA,NA,NA,NA,NA,NA,NA,NA,NA,NA,NA,NA,NA,NA,NA,NA,NA,NA,NA,NA,NA,NA,NA,NA,NA,NA,NA,NA
rBAHmChD,structure_low,24,Male,Black,Private sector,"<10,000",Bachelor,2.8,4,4.5,NA,NA,NA,NA,NA,NA,3,1,1,0,0,1,0,0,1,1,0,NA,0,1,4,1,2,0,0,2,0,0,4,2,0,NA,0,3,3,3,3,3,3,3,3,3,3,3,3,NA,3,3,1,0.333333333333333,0.333333333333333,0,0,0.333333333333333,0,0,0.333333333333333,0.333333333333333,0,NA,0,0.333333333333333,NA,NA,NA,NA,NA,NA,NA,NA,NA,NA,NA,NA,NA,NA,NA,NA,NA,NA,NA,NA,NA,NA,NA,NA,NA,NA,NA,NA
kQfdLEMw,structure_low,28,Female,Black,Self-employed/Freelancer,"<10,000",Bachelor,3.133,5,5.5,NA,NA,NA,NA,NA,NA,1,0,0,NA,0,0,NA,1,0,0,1,0,1,0,1,0,0,NA,0,0,NA,0,0,0,1,0,1,0,3,3,3,NA,3,3,NA,3,3,3,3,3,3,3,0.333333333333333,0,0,NA,0,0,NA,0.333333333333333,0,0,0.333333333333333,0,0.333333333333333,0,NA,NA,NA,NA,NA,NA,NA,NA,NA,NA,NA,NA,NA,NA,NA,NA,NA,NA,NA,NA,NA,NA,NA,NA,NA,NA,NA,NA
uhykvXkv,control,24,Female,White,Private sector,"<10,000",Bachelor,2.867,5,10,NA,NA,NA,NA,NA,NA,3,1,1,0,NA,0,NA,0,0,0,2,1,NA,0,2,2,1,0,NA,0,NA,0,0,0,4,4,NA,0,3,3,3,3,NA,3,NA,3,3,3,3,3,NA,3,1,0.333333333333333,0.333333333333333,0,NA,0,NA,0,0,0,0.666666666666667,0.333333333333333,NA,0,NA,NA,NA,NA,NA,NA,NA,NA,NA,NA,NA,NA,NA,NA,NA,NA,NA,NA,NA,NA,NA,NA,NA,NA,NA,NA,NA,NA
yQhzhgWv,assistant_low,20,Female,Black,Self-employed/Freelancer,"20,001-30,000",Bachelor,2.867,5,9.5,3.2,5,5.5,4,1,1,3,3,3,3,2,3,3,2,2,2,3,3,3,2,1,2,4,3,4,2,5,2,7,2,6,1,6,3,3,3,3,3,3,3,3,3,3,3,3,3,3,3,1,1,1,1,0.666666666666667,1,1,0.666666666666667,0.666666666666667,0.666666666666667,1,1,1,0.666666666666667,NA,NA,NA,NA,NA,NA,NA,NA,NA,NA,NA,NA,NA,NA,20688,NA,NA,NA,NA,NA,NA,NA,NA,NA,NA,NA,NA,NA
EJBdBROx,control,32,Male,Asian,Self-employed/Freelancer,"<10,000",Master,3.533,4,7.5,3.2,3,4,NA,NA,NA,0,0,0,1,0,0,0,0,0,0,0,1,1,1,0,0,0,2,0,0,0,0,0,0,0,1,2,3,3,3,3,3,3,3,3,3,3,3,3,3,3,3,0,0,0,0.333333333333333,0,0,0,0,0,0,0,0.333333333333333,0.333333333333333,0.333333333333333,NA,NA,NA,NA,NA,NA,NA,NA,NA,NA,NA,NA,NA,NA,NA,NA,NA,NA,NA,NA,NA,NA,NA,NA,NA,NA,NA,NA
DFtciDUa,information_medium,25,Male,Black,Private sector,"10,001-20,000",Bachelor,3.2,5,10.5,NA,NA,NA,NA,NA,NA,0,1,1,1,0,2,1,0,0,1,1,NA,1,1,0,3,1,4,0,8,1,0,0,5,2,NA,1,4,3,3,3,3,3,3,3,3,3,3,3,NA,3,3,0,0.333333333333333,0.333333333333333,0.333333333333333,0,0.666666666666667,0.333333333333333,0,0,0.333333333333333,0.333333333333333,NA,0.333333333333333,0.333333333333333,8887,NA,NA,1352,NA,NA,2019,NA,NA,4426,NA,NA,9324,NA,NA,NA,NA,NA,NA,NA,NA,NA,NA,NA,NA,NA,NA,NA
HBIzjlVr,structure_medium,32,Female,White,Private sector,"30,001-40,000",Bachelor,3.667,4,3,NA,NA,NA,NA,NA,NA,3,2,3,3,NA,NA,3,1,3,NA,NA,NA,NA,NA,8,2,10,3,NA,NA,11,1,12,NA,NA,NA,NA,NA,3,3,3,3,NA,NA,3,3,3,NA,NA,NA,NA,NA,1,0.666666666666667,1,1,NA,NA,1,0.333333333333333,1,NA,NA,NA,NA,NA,NA,NA,NA,NA,NA,NA,NA,NA,NA,NA,NA,NA,NA,NA,NA,NA,NA,NA,NA,NA,NA,NA,NA,NA,NA,NA,NA,NA
JliYUeNK,information_low,49,Male,White,Self-employed/Freelancer,"30,001-40,000",Master,3.533,4,5,3.66666666666667,4,6,1,4,5,1,3,3,3,3,3,3,3,3,3,3,2,3,3,2,3,9,3,8,4,8,3,10,3,9,6,10,6,3,3,3,3,3,3,3,3,3,3,3,3,3,3,0.333333333333333,1,1,1,1,1,1,1,1,1,1,0.666666666666667,1,1,20036,NA,NA,NA,NA,NA,NA,NA,NA,NA,NA,NA,NA,NA,NA,NA,NA,NA,NA,NA,NA,NA,NA,NA,NA,NA,NA,NA
LjtbbIZa,structure_medium,27,Female,Black,Private sector,"10,001-20,000",Bachelor,3.667,5,9.5,3.53333333333333,5,10.5,5,3,6,3,3,2,3,2,2,2,3,2,3,2,3,2,3,3,2,4,3,6,2,6,4,6,6,6,5,6,5,3,3,3,3,3,3,3,3,3,3,3,3,3,3,1,1,0.666666666666667,1,0.666666666666667,0.666666666666667,0.666666666666667,1,0.666666666666667,1,0.666666666666667,1,0.666666666666667,1,NA,NA,NA,NA,NA,NA,NA,NA,NA,NA,NA,NA,NA,NA,NA,NA,NA,NA,NA,NA,NA,NA,NA,NA,NA,NA,NA,NA
tYblrdLj,information_high,23,Female,Black,Student,"<10,000",Bachelor,3.467,5,5,3.73333333333333,5,2,5,4,4,3,0,1,0,0,0,1,1,0,0,1,0,1,1,5,0,0,0,0,0,0,0,0,0,0,0,0,0,3,3,3,3,3,3,3,3,3,3,3,3,3,3,1,0,0.333333333333333,0,0,0,0.333333333333333,0.333333333333333,0,0,0.333333333333333,0,0.333333333333333,0.333333333333333,24589,8385,3487,4266,2143,12237,2544,2350,2982,5506,4925,2126,13392,2265,NA,NA,NA,NA,NA,NA,NA,NA,NA,NA,NA,NA,NA,NA
IySrgjbq,information_low,60,Female,NA,Self-employed/Freelancer,NA,College diploma,4.733,4,9,NA,NA,NA,NA,NA,NA,1,1,NA,1,1,2,0,3,3,3,1,3,3,2,0,3,NA,2,0,5,0,6,2,9,1,9,2,5,3,3,NA,3,3,3,3,3,3,3,3,3,3,3,0.333333333333333,0.333333333333333,NA,0.333333333333333,0.333333333333333,0.666666666666667,0,1,1,1,0.333333333333333,1,1,0.666666666666667,38114,NA,NA,NA,NA,NA,NA,NA,NA,NA,NA,NA,NA,NA,NA,NA,NA,NA,NA,NA,NA,NA,NA,NA,NA,NA,NA,NA
FhAYMjsP,structure_low,35,Male,White,Private sector,"30,001-40,000",Bachelor,3.533,4,-2.5,3.33333333333333,3,-3.5,3,3,3,1,1,0,0,0,0,0,0,0,0,0,0,0,0,2,2,0,0,0,0,0,0,0,0,0,0,0,0,3,3,3,3,3,3,3,3,3,3,3,3,3,3,0.333333333333333,0.333333333333333,0,0,0,0,0,0,0,0,0,0,0,0,NA,NA,NA,NA,NA,NA,NA,NA,NA,NA,NA,NA,NA,NA,NA,NA,NA,NA,NA,NA,NA,NA,NA,NA,NA,NA,NA,NA
RGXOgTqF,structure_medium,44,Male,White,Government/Public sector,">60,000",Bachelor,3.133,4,2.5,3.33333333333333,4,0,7,1,1,1,0,0,0,0,0,0,0,0,2,2,1,0,0,0,0,0,0,0,0,0,0,0,8,2,0,0,0,3,3,3,3,3,3,3,3,3,3,3,3,3,3,0.333333333333333,0,0,0,0,0,0,0,0,0.666666666666667,0.666666666666667,0.333333333333333,0,0,NA,NA,NA,NA,NA,NA,NA,NA,NA,NA,NA,NA,NA,NA,NA,NA,NA,NA,NA,NA,NA,NA,NA,NA,NA,NA,NA,NA
SNmehfSV,control,32,Female,Black,Private sector,"10,001-20,000",College diploma,3.4,4,7.5,NA,NA,NA,NA,NA,NA,0,1,1,2,1,2,2,1,1,1,NA,0,1,0,0,1,1,2,2,2,4,1,1,1,NA,0,3,0,3,3,3,3,3,3,3,3,3,3,NA,3,3,3,0,0.333333333333333,0.333333333333333,0.666666666666667,0.333333333333333,0.666666666666667,0.666666666666667,0.333333333333333,0.333333333333333,0.333333333333333,NA,0,0.333333333333333,0,NA,NA,NA,NA,NA,NA,NA,NA,NA,NA,NA,NA,NA,NA,NA,NA,NA,NA,NA,NA,NA,NA,NA,NA,NA,NA,NA,NA
JzAtePnd,assistant_medium,26,Male,White,Student,"20,001-30,000",College diploma,3.533,4,6,4.2,4,6.5,3,4,2,2,1,2,2,2,2,2,1,2,3,2,1,2,2,5,2,2,4,7,7,7,3,7,7,7,5,7,5,3,3,3,3,3,3,3,3,3,3,3,3,3,3,0.666666666666667,0.333333333333333,0.666666666666667,0.666666666666667,0.666666666666667,0.666666666666667,0.666666666666667,0.333333333333333,0.666666666666667,1,0.666666666666667,0.333333333333333,0.666666666666667,0.666666666666667,NA,NA,NA,NA,NA,NA,NA,NA,NA,NA,NA,NA,NA,NA,12029,NA,NA,5004,NA,NA,4364,NA,NA,4070,NA,NA,5728,NA
NbMboTln,assistant_high,37,Female,Mixed,Private sector,"<10,000",College diploma,4.6,5,4,NA,NA,NA,NA,NA,NA,1,3,3,2,3,3,NA,NA,3,3,3,0,3,3,1,4,5,0,7,3,NA,NA,7,5,8,0,6,3,3,3,3,3,3,3,NA,NA,3,3,3,3,3,3,0.333333333333333,1,1,0.666666666666667,1,1,NA,NA,1,1,1,0,1,1,NA,NA,NA,NA,NA,NA,NA,NA,NA,NA,NA,NA,NA,NA,18177,14513,6058,1586,2087,2105,NA,NA,2475,1453,2683,3487,1846,5360
tRBpBNxk,assistant_medium,24,Female,Other,Student,"<10,000",Bachelor,3.867,3,-3.5,4,3,-3.5,2,2,5,1,2,1,1,0,1,0,0,0,0,0,0,0,1,0,8,0,3,0,0,0,0,0,0,0,0,0,4,3,3,3,3,3,3,3,3,3,3,3,3,3,3,0.333333333333333,0.666666666666667,0.333333333333333,0.333333333333333,0,0.333333333333333,0,0,0,0,0,0,0,0.333333333333333,NA,NA,NA,NA,NA,NA,NA,NA,NA,NA,NA,NA,NA,NA,27714,NA,NA,9578,NA,NA,12243,NA,NA,8547,NA,NA,10590,NA
jHiXbYMz,structure_low,45,Female,White,Private sector,"30,001-40,000",Master,4.467,4,2,4.66666666666667,4,1.5,4,3,3,1,0,1,0,1,0,1,0,1,0,1,1,1,1,0,0,1,0,1,0,2,0,4,0,3,4,3,3,3,3,3,3,3,3,3,3,3,3,3,3,3,3,0.333333333333333,0,0.333333333333333,0,0.333333333333333,0,0.333333333333333,0,0.333333333333333,0,0.333333333333333,0.333333333333333,0.333333333333333,0.333333333333333,NA,NA,NA,NA,NA,NA,NA,NA,NA,NA,NA,NA,NA,NA,NA,NA,NA,NA,NA,NA,NA,NA,NA,NA,NA,NA,NA,NA
vxNINAtX,information_medium,49,Female,Mixed,Private sector,">60,000",Bachelor,4.4,5,3.5,4.73333333333333,5,5.5,7,2,2,2,2,1,2,1,3,1,3,1,2,0,3,0,2,2,5,2,6,1,6,1,9,1,8,0,11,0,10,3,3,3,3,3,3,3,3,3,3,3,3,3,3,0.666666666666667,0.666666666666667,0.333333333333333,0.666666666666667,0.333333333333333,1,0.333333333333333,1,0.333333333333333,0.666666666666667,0,1,0,0.666666666666667,26229,NA,NA,3897,NA,NA,3876,NA,NA,4421,NA,NA,4349,NA,NA,NA,NA,NA,NA,NA,NA,NA,NA,NA,NA,NA,NA,NA
hNBHjDru,information_high,22,Male,Black,Student,"<10,000",College diploma,2.933,5,5,NA,NA,NA,NA,NA,NA,0,NA,NA,NA,1,NA,3,1,1,2,NA,NA,NA,NA,0,NA,NA,NA,1,NA,3,4,1,3,NA,NA,NA,NA,3,NA,NA,NA,3,NA,3,3,3,3,NA,NA,NA,NA,0,NA,NA,NA,0.333333333333333,NA,1,0.333333333333333,0.333333333333333,0.666666666666667,NA,NA,NA,NA,13121,NA,NA,NA,1951,NA,1795,1387,1662,1677,NA,NA,NA,NA,NA,NA,NA,NA,NA,NA,NA,NA,NA,NA,NA,NA,NA,NA
jVeBMQoI,information_low,27,Female,White,Self-employed/Freelancer,"40,001-60,000",Senior high,3.133,3,5,NA,NA,NA,NA,NA,NA,1,0,0,0,0,0,0,0,0,0,0,NA,NA,0,0,0,0,0,0,0,0,0,0,0,0,NA,NA,0,3,3,3,3,3,3,3,3,3,3,3,NA,NA,3,0.333333333333333,0,0,0,0,0,0,0,0,0,0,NA,NA,0,2654,NA,NA,NA,NA,NA,NA,NA,NA,NA,NA,NA,NA,NA,NA,NA,NA,NA,NA,NA,NA,NA,NA,NA,NA,NA,NA,NA
biAZTpLh,structure_high,20,Male,White,Student,"<10,000",Senior high,4.067,2,6,NA,NA,NA,NA,NA,NA,0,3,3,3,NA,NA,0,3,3,3,NA,3,3,3,0,13,11,13,NA,NA,0,14,8,15,NA,13,11,14,3,3,3,3,NA,NA,3,3,3,3,NA,3,3,3,0,1,1,1,NA,NA,0,1,1,1,NA,1,1,1,NA,NA,NA,NA,NA,NA,NA,NA,NA,NA,NA,NA,NA,NA,NA,NA,NA,NA,NA,NA,NA,NA,NA,NA,NA,NA,NA,NA
WyWnJbAb,structure_medium,43,Female,White,Government/Public sector,">60,000",Bachelor,4.6,4,2,NA,NA,NA,NA,NA,NA,2,0,NA,1,2,2,1,2,0,NA,0,NA,0,2,2,0,NA,2,2,5,1,6,0,NA,0,NA,0,6,3,3,NA,3,3,3,3,3,3,NA,3,NA,3,3,0.666666666666667,0,NA,0.333333333333333,0.666666666666667,0.666666666666667,0.333333333333333,0.666666666666667,0,NA,0,NA,0,0.666666666666667,NA,NA,NA,NA,NA,NA,NA,NA,NA,NA,NA,NA,NA,NA,NA,NA,NA,NA,NA,NA,NA,NA,NA,NA,NA,NA,NA,NA
sZFRiUzL,information_low,47,Male,Asian,Self-employed/Freelancer,">60,000",Master,2.4,4,-3.5,NA,NA,NA,NA,NA,NA,1,NA,NA,NA,NA,0,0,0,NA,NA,NA,NA,NA,0,0,NA,NA,NA,NA,0,0,0,NA,NA,NA,NA,NA,0,3,NA,NA,NA,NA,3,3,3,NA,NA,NA,NA,NA,2,0.333333333333333,NA,NA,NA,NA,0,0,0,NA,NA,NA,NA,NA,0,4710,NA,NA,NA,NA,NA,NA,NA,NA,NA,NA,NA,NA,NA,NA,NA,NA,NA,NA,NA,NA,NA,NA,NA,NA,NA,NA,NA
jvmrxSWV,information_medium,47,Female,Asian,Self-employed/Freelancer,"<10,000",Master,4.067,4,6,4.53333333333333,4,9.5,6,3,3,2,3,3,1,3,2,3,3,3,3,2,3,3,3,5,3,7,1,9,5,9,4,9,4,10,4,10,5,3,3,3,3,3,3,3,3,3,3,3,3,3,3,0.666666666666667,1,1,0.333333333333333,1,0.666666666666667,1,1,1,1,0.666666666666667,1,1,1,77083,NA,NA,26059,NA,NA,21202,NA,NA,5262,NA,NA,3343,NA,NA,NA,NA,NA,NA,NA,NA,NA,NA,NA,NA,NA,NA,NA
yLbuPdcP,control,34,Female,Asian,Private sector,">60,000",Doctoral,2.533,5,2.5,2.66666666666667,4,-1.5,NA,NA,NA,0,0,0,0,0,0,0,0,0,0,0,0,0,0,0,0,0,0,0,0,0,0,0,0,0,0,0,0,3,3,3,3,3,3,3,3,3,3,3,3,3,3,0,0,0,0,0,0,0,0,0,0,0,0,0,0,NA,NA,NA,NA,NA,NA,NA,NA,NA,NA,NA,NA,NA,NA,NA,NA,NA,NA,NA,NA,NA,NA,NA,NA,NA,NA,NA,NA
gXRVJbdH,structure_low,25,Female,Black,Government/Public sector,"<10,000",Bachelor,4,5,12,3,4,13.5,1,7,1,1,0,1,0,0,0,0,0,0,0,0,0,0,0,0,0,1,0,0,0,0,0,0,0,0,0,0,0,3,3,3,3,3,3,3,3,3,3,3,3,3,3,0.333333333333333,0,0.333333333333333,0,0,0,0,0,0,0,0,0,0,0,NA,NA,NA,NA,NA,NA,NA,NA,NA,NA,NA,NA,NA,NA,NA,NA,NA,NA,NA,NA,NA,NA,NA,NA,NA,NA,NA,NA
RhOjMwMR,information_medium,28,Female,Black,Government/Public sector,"20,001-30,000",Master,3.6,4,5.5,NA,NA,NA,NA,NA,NA,0,2,0,3,NA,NA,0,NA,0,3,1,3,0,2,0,1,0,3,NA,NA,0,NA,0,3,0,3,0,2,3,3,3,3,NA,NA,3,NA,3,3,3,3,3,3,0,0.666666666666667,0,1,NA,NA,0,NA,0,1,0.333333333333333,1,0,0.666666666666667,14572,NA,NA,6099,NA,NA,3294,NA,NA,1900,NA,NA,4066,NA,NA,NA,NA,NA,NA,NA,NA,NA,NA,NA,NA,NA,NA,NA
atxGxzpJ,structure_medium,27,Male,Black,Private sector,"<10,000",Bachelor,2.933,4,5.5,2.26666666666667,5,10,5,4,1,0,1,0,0,0,0,1,0,1,1,0,0,0,0,0,0,0,0,0,0,0,0,1,0,0,0,0,0,3,3,3,3,3,3,3,3,3,3,3,3,3,3,0,0.333333333333333,0,0,0,0,0.333333333333333,0,0.333333333333333,0.333333333333333,0,0,0,0,NA,NA,NA,NA,NA,NA,NA,NA,NA,NA,NA,NA,NA,NA,NA,NA,NA,NA,NA,NA,NA,NA,NA,NA,NA,NA,NA,NA
nUeIASvn,structure_low,28,Male,Black,Private sector,"<10,000",Bachelor,3.267,4,0.5,NA,NA,NA,NA,NA,NA,0,1,0,0,0,0,0,0,0,0,NA,0,0,0,0,0,0,0,0,0,0,0,0,0,NA,0,0,0,3,3,3,3,3,3,3,3,3,3,NA,3,3,3,0,0.333333333333333,0,0,0,0,0,0,0,0,NA,0,0,0,NA,NA,NA,NA,NA,NA,NA,NA,NA,NA,NA,NA,NA,NA,NA,NA,NA,NA,NA,NA,NA,NA,NA,NA,NA,NA,NA,NA
DoDLtxEY,structure_medium,33,Male,Black,Self-employed/Freelancer,"40,001-60,000",Bachelor,3.267,4,-1,3.4,5,2.5,6,2,2,3,0,3,0,1,1,3,0,1,0,0,0,0,0,2,0,2,0,0,0,2,0,1,0,0,0,0,0,3,3,3,3,3,3,3,3,3,3,3,3,3,3,1,0,1,0,0.333333333333333,0.333333333333333,1,0,0.333333333333333,0,0,0,0,0,NA,NA,NA,NA,NA,NA,NA,NA,NA,NA,NA,NA,NA,NA,NA,NA,NA,NA,NA,NA,NA,NA,NA,NA,NA,NA,NA,NA
XAYMKZAL,structure_high,31,Female,White,Government/Public sector,"<10,000",Doctoral,2.733,4,0,NA,NA,NA,NA,NA,NA,2,NA,0,0,2,1,0,2,0,0,1,1,1,1,2,NA,0,0,1,0,0,0,0,0,0,0,0,0,3,NA,3,3,3,3,3,3,3,3,3,3,3,3,0.666666666666667,NA,0,0,0.666666666666667,0.333333333333333,0,0.666666666666667,0,0,0.333333333333333,0.333333333333333,0.333333333333333,0.333333333333333,NA,NA,NA,NA,NA,NA,NA,NA,NA,NA,NA,NA,NA,NA,NA,NA,NA,NA,NA,NA,NA,NA,NA,NA,NA,NA,NA,NA
PHaAbWdK,structure_medium,27,Female,Mixed,Government/Public sector,"30,001-40,000",Bachelor,2.8,3,2,NA,NA,NA,NA,NA,NA,2,NA,NA,NA,NA,NA,NA,NA,NA,NA,NA,NA,NA,NA,4,NA,NA,NA,NA,NA,NA,NA,NA,NA,NA,NA,NA,NA,3,NA,NA,NA,NA,NA,NA,NA,NA,NA,NA,NA,NA,NA,0.666666666666667,NA,NA,NA,NA,NA,NA,NA,NA,NA,NA,NA,NA,NA,NA,NA,NA,NA,NA,NA,NA,NA,NA,NA,NA,NA,NA,NA,NA,NA,NA,NA,NA,NA,NA,NA,NA,NA,NA,NA,NA,NA
mkcVHGxR,information_medium,30,Female,Black,Private sector,">60,000",Bachelor,2.733,4,5.5,NA,NA,NA,NA,NA,NA,1,1,1,0,1,0,1,NA,NA,0,NA,NA,NA,NA,1,3,1,0,1,0,1,NA,NA,0,NA,NA,NA,NA,3,3,3,3,3,3,3,NA,NA,3,NA,NA,NA,NA,0.333333333333333,0.333333333333333,0.333333333333333,0,0.333333333333333,0,0.333333333333333,NA,NA,0,NA,NA,NA,NA,44550,NA,NA,1755,NA,NA,1453,NA,NA,9352,NA,NA,NA,NA,NA,NA,NA,NA,NA,NA,NA,NA,NA,NA,NA,NA,NA,NA
KTUQVekX,assistant_low,40,Female,Black,Private sector,"10,001-20,000",Bachelor,2.533,4,4,2.33333333333333,4,3,6,4,4,0,1,2,0,1,0,1,1,1,1,0,1,0,0,0,2,2,0,0,0,0,3,0,2,0,4,0,0,3,3,3,3,3,3,3,3,3,3,3,3,3,3,0,0.333333333333333,0.666666666666667,0,0.333333333333333,0,0.333333333333333,0.333333333333333,0.333333333333333,0.333333333333333,0,0.333333333333333,0,0,NA,NA,NA,NA,NA,NA,NA,NA,NA,NA,NA,NA,NA,NA,10084,NA,NA,NA,NA,NA,NA,NA,NA,NA,NA,NA,NA,NA
XrUtYSdJ,structure_medium,29,Male,Black,Private sector,"<10,000",Bachelor,2.467,5,2.5,NA,NA,NA,NA,NA,NA,3,2,NA,NA,NA,NA,NA,NA,NA,NA,NA,NA,NA,NA,3,4,NA,NA,NA,NA,NA,NA,NA,NA,NA,NA,NA,NA,3,3,NA,NA,NA,NA,NA,NA,NA,NA,NA,NA,NA,NA,1,0.666666666666667,NA,NA,NA,NA,NA,NA,NA,NA,NA,NA,NA,NA,NA,NA,NA,NA,NA,NA,NA,NA,NA,NA,NA,NA,NA,NA,NA,NA,NA,NA,NA,NA,NA,NA,NA,NA,NA,NA,NA,NA
eItTJpWE,control,29,Male,Black,Private sector,"10,001-20,000",Bachelor,3.067,4,6.5,NA,NA,NA,NA,NA,NA,1,2,1,1,0,0,1,0,0,0,1,1,NA,0,1,1,2,1,0,0,0,0,0,0,3,1,NA,0,3,3,3,3,3,3,3,3,3,3,3,3,NA,3,0.333333333333333,0.666666666666667,0.333333333333333,0.333333333333333,0,0,0.333333333333333,0,0,0,0.333333333333333,0.333333333333333,NA,0,NA,NA,NA,NA,NA,NA,NA,NA,NA,NA,NA,NA,NA,NA,NA,NA,NA,NA,NA,NA,NA,NA,NA,NA,NA,NA,NA,NA
cOhYcjkr,assistant_low,35,Female,Black,Private sector,"10,001-20,000",Senior high,3.867,4,12.5,4.13333333333333,4,12.5,7,1,3,3,3,3,0,3,0,2,0,2,0,1,0,1,0,2,1,4,0,4,0,4,0,4,0,4,0,5,0,3,3,3,3,3,3,3,3,3,3,3,3,3,3,1,1,1,0,1,0,0.666666666666667,0,0.666666666666667,0,0.333333333333333,0,0.333333333333333,0,NA,NA,NA,NA,NA,NA,NA,NA,NA,NA,NA,NA,NA,NA,20270,NA,NA,NA,NA,NA,NA,NA,NA,NA,NA,NA,NA,NA
mSEhabiu,control,29,Male,Black,Private sector,"30,001-40,000",Master,3.733,4,9.5,NA,NA,NA,NA,NA,NA,2,1,1,0,2,NA,1,1,1,1,NA,NA,NA,NA,1,1,2,0,1,NA,3,1,2,1,NA,NA,NA,NA,3,3,3,3,3,NA,3,3,3,3,NA,NA,NA,NA,0.666666666666667,0.333333333333333,0.333333333333333,0,0.666666666666667,NA,0.333333333333333,0.333333333333333,0.333333333333333,0.333333333333333,NA,NA,NA,NA,NA,NA,NA,NA,NA,NA,NA,NA,NA,NA,NA,NA,NA,NA,NA,NA,NA,NA,NA,NA,NA,NA,NA,NA,NA,NA,NA,NA
iPhhkIsi,assistant_high,32,Female,Black,Self-employed/Freelancer,"20,001-30,000",Master,3.133,5,10,NA,NA,NA,NA,NA,NA,1,3,1,1,NA,NA,NA,NA,NA,NA,NA,NA,NA,NA,0,0,0,0,NA,NA,NA,NA,NA,NA,NA,NA,NA,NA,3,3,3,3,NA,NA,NA,NA,NA,NA,NA,NA,NA,NA,0.333333333333333,1,0.333333333333333,0.333333333333333,NA,NA,NA,NA,NA,NA,NA,NA,NA,NA,NA,NA,NA,NA,NA,NA,NA,NA,NA,NA,NA,NA,NA,NA,11894,10354,4872,4811,NA,NA,NA,NA,NA,NA,NA,NA,NA,NA
dBEYtJJl,information_medium,37,Female,Black,Government/Public sector,">60,000",Master,3.267,4,-0.5,3.26666666666667,4,3,7,2,2,1,1,1,1,1,0,1,1,1,0,0,0,0,0,0,1,2,1,3,0,4,1,4,0,0,0,0,0,3,3,3,3,3,3,3,3,3,3,3,3,3,3,0.333333333333333,0.333333333333333,0.333333333333333,0.333333333333333,0.333333333333333,0,0.333333333333333,0.333333333333333,0.333333333333333,0,0,0,0,0,13411,NA,NA,22147,NA,NA,1452,NA,NA,2449,NA,NA,2048,NA,NA,NA,NA,NA,NA,NA,NA,NA,NA,NA,NA,NA,NA,NA
fxIhWfum,information_medium,30,Female,Black,Private sector,"30,001-40,000",Master,3.867,5,14,3.6,5,12,7,1,1,2,0,0,0,2,0,2,0,3,0,3,0,3,0,1,0,0,0,3,0,3,0,3,0,3,0,5,0,3,3,3,3,3,3,3,3,3,3,3,3,3,3,0.666666666666667,0,0,0,0.666666666666667,0,0.666666666666667,0,1,0,1,0,1,0,14855,NA,NA,1689,NA,NA,13029,NA,NA,1927,NA,NA,1309,NA,NA,NA,NA,NA,NA,NA,NA,NA,NA,NA,NA,NA,NA,NA
fJsuieLT,structure_low,27,Male,Black,Private sector,"<10,000",Master,3.2,4,0.5,NA,NA,NA,NA,NA,NA,0,3,1,3,0,1,0,2,0,2,0,NA,0,1,0,4,0,5,0,4,0,5,0,5,0,NA,0,4,3,3,3,3,3,3,3,3,3,3,3,NA,3,3,0,1,0.333333333333333,1,0,0.333333333333333,0,0.666666666666667,0,0.666666666666667,0,NA,0,0.333333333333333,NA,NA,NA,NA,NA,NA,NA,NA,NA,NA,NA,NA,NA,NA,NA,NA,NA,NA,NA,NA,NA,NA,NA,NA,NA,NA,NA,NA
UCLILsVZ,structure_medium,22,Male,White,Student,"<10,000",Senior high,3.467,5,13.5,3.2,5,9.5,5,3,5,3,3,2,3,3,3,3,3,3,3,3,3,3,3,10,4,7,6,10,8,11,6,11,8,10,8,11,9,3,3,3,3,3,3,3,3,3,3,3,3,3,3,1,1,0.666666666666667,1,1,1,1,1,1,1,1,1,1,1,NA,NA,NA,NA,NA,NA,NA,NA,NA,NA,NA,NA,NA,NA,NA,NA,NA,NA,NA,NA,NA,NA,NA,NA,NA,NA,NA,NA
nNeupgCL,structure_low,38,Female,Black,Private sector,"20,001-30,000",Bachelor,2.8,4,5,NA,NA,NA,NA,NA,NA,1,2,1,0,NA,NA,0,0,0,0,1,NA,NA,0,0,1,2,0,NA,NA,0,0,0,0,2,NA,NA,0,3,3,3,3,NA,NA,3,3,3,3,3,NA,NA,3,0.333333333333333,0.666666666666667,0.333333333333333,0,NA,NA,0,0,0,0,0.333333333333333,NA,NA,0,NA,NA,NA,NA,NA,NA,NA,NA,NA,NA,NA,NA,NA,NA,NA,NA,NA,NA,NA,NA,NA,NA,NA,NA,NA,NA,NA,NA
tgVwlZxy,assistant_medium,24,Male,White,Other,NA,Primary or below,3.2,4,-5,NA,NA,NA,NA,NA,NA,2,1,1,NA,1,1,NA,1,1,1,2,2,1,2,4,2,4,NA,4,4,NA,4,5,5,11,11,5,11,3,3,3,NA,3,3,NA,3,3,3,3,3,3,3,0.666666666666667,0.333333333333333,0.333333333333333,NA,0.333333333333333,0.333333333333333,NA,0.333333333333333,0.333333333333333,0.333333333333333,0.666666666666667,0.666666666666667,0.333333333333333,0.666666666666667,NA,NA,NA,NA,NA,NA,NA,NA,NA,NA,NA,NA,NA,NA,2507,NA,NA,NA,NA,NA,NA,NA,NA,5373,NA,NA,6845,NA
PfPzLPgu,information_medium,32,Male,White,Private sector,"30,001-40,000",Bachelor,3.4,3,1.5,NA,NA,NA,NA,NA,NA,1,0,NA,NA,NA,NA,NA,NA,NA,NA,NA,NA,NA,NA,0,0,NA,NA,NA,NA,NA,NA,NA,NA,NA,NA,NA,NA,3,3,NA,NA,NA,NA,NA,NA,NA,NA,NA,NA,NA,NA,0.333333333333333,0,NA,NA,NA,NA,NA,NA,NA,NA,NA,NA,NA,NA,4922,NA,NA,NA,NA,NA,NA,NA,NA,NA,NA,NA,NA,NA,NA,NA,NA,NA,NA,NA,NA,NA,NA,NA,NA,NA,NA,NA
KpuUxrKS,structure_low,33,Male,Black,Government/Public sector,"40,001-60,000",Master,3.4,4,8.5,3.46666666666667,4,2,5,1,1,0,1,1,0,0,0,0,0,0,0,0,0,0,0,0,0,1,0,0,0,0,0,0,0,0,0,0,0,3,3,3,3,3,3,3,3,3,3,3,3,3,3,0,0.333333333333333,0.333333333333333,0,0,0,0,0,0,0,0,0,0,0,NA,NA,NA,NA,NA,NA,NA,NA,NA,NA,NA,NA,NA,NA,NA,NA,NA,NA,NA,NA,NA,NA,NA,NA,NA,NA,NA,NA
FdkTEIXv,assistant_low,35,Male,Black,Private sector,"10,001-20,000",Bachelor,3.333,4,7,NA,NA,NA,NA,NA,NA,2,0,0,0,0,0,0,0,0,0,0,NA,0,0,1,0,0,0,0,0,0,0,0,0,0,NA,0,0,3,3,3,3,3,3,3,3,3,3,3,NA,3,3,0.666666666666667,0,0,0,0,0,0,0,0,0,0,NA,0,0,NA,NA,NA,NA,NA,NA,NA,NA,NA,NA,NA,NA,NA,NA,5287,NA,NA,NA,NA,NA,NA,NA,NA,NA,NA,NA,NA,NA
AqVpAeFc,assistant_medium,28,Female,Black,Private sector,"30,001-40,000",Bachelor,3.067,4,1,3.66666666666667,4,6.5,7,4,3,3,2,3,1,2,3,2,1,2,2,1,2,1,3,2,3,2,3,4,4,3,3,5,6,2,6,2,6,3,3,3,3,3,3,3,3,3,3,3,3,3,3,1,0.666666666666667,1,0.333333333333333,0.666666666666667,1,0.666666666666667,0.333333333333333,0.666666666666667,0.666666666666667,0.333333333333333,0.666666666666667,0.333333333333333,1,NA,NA,NA,NA,NA,NA,NA,NA,NA,NA,NA,NA,NA,NA,12605,NA,NA,15786,NA,NA,5182,NA,NA,3199,NA,NA,3094,NA
hgzLeCWu,structure_high,25,Female,Black,Private sector,"30,001-40,000",Bachelor,2.867,4,3.5,3.13333333333333,3,1,7,2,4,1,3,1,2,0,2,1,2,0,2,2,3,3,3,0,2,0,2,0,2,0,2,0,2,1,2,0,3,3,3,3,3,3,3,3,3,3,3,3,3,3,3,0.333333333333333,1,0.333333333333333,0.666666666666667,0,0.666666666666667,0.333333333333333,0.666666666666667,0,0.666666666666667,0.666666666666667,1,1,1,NA,NA,NA,NA,NA,NA,NA,NA,NA,NA,NA,NA,NA,NA,NA,NA,NA,NA,NA,NA,NA,NA,NA,NA,NA,NA,NA,NA
nDGOSFfo,structure_high,25,Male,Black,Government/Public sector,">60,000",Master,3.333,4,-1.5,2.73333333333333,3,1.5,5,6,5,2,3,0,2,0,3,0,2,1,3,0,3,1,3,0,3,0,2,0,0,0,3,0,3,0,3,0,3,3,3,3,3,3,3,3,3,3,3,3,3,3,3,0.666666666666667,1,0,0.666666666666667,0,1,0,0.666666666666667,0.333333333333333,1,0,1,0.333333333333333,1,NA,NA,NA,NA,NA,NA,NA,NA,NA,NA,NA,NA,NA,NA,NA,NA,NA,NA,NA,NA,NA,NA,NA,NA,NA,NA,NA,NA
SMLLkgmc,assistant_low,28,Male,Black,Private sector,"<10,000",Senior high,3.733,4,4,3.93333333333333,4,1.5,4,1,1,1,2,2,0,0,1,0,1,0,0,0,0,0,2,0,1,1,0,0,2,0,0,0,0,0,0,0,2,3,3,3,3,3,3,3,3,3,3,3,3,3,3,0.333333333333333,0.666666666666667,0.666666666666667,0,0,0.333333333333333,0,0.333333333333333,0,0,0,0,0,0.666666666666667,NA,NA,NA,NA,NA,NA,NA,NA,NA,NA,NA,NA,NA,NA,7406,NA,NA,NA,NA,NA,NA,NA,NA,NA,NA,NA,NA,NA
jNdrbxLZ,structure_high,48,Female,Black,Government/Public sector,"30,001-40,000",Bachelor,3.4,4,6,NA,NA,NA,NA,NA,NA,3,NA,0,3,1,3,2,3,NA,NA,NA,NA,NA,NA,3,NA,0,2,0,4,1,7,NA,NA,NA,NA,NA,NA,3,NA,3,3,3,3,3,3,NA,NA,NA,NA,NA,NA,1,NA,0,1,0.333333333333333,1,0.666666666666667,1,NA,NA,NA,NA,NA,NA,NA,NA,NA,NA,NA,NA,NA,NA,NA,NA,NA,NA,NA,NA,NA,NA,NA,NA,NA,NA,NA,NA,NA,NA,NA,NA,NA,NA
kFRSDTpP,assistant_high,23,Female,Black,Student,"<10,000",Bachelor,3.133,4,3,3.8,3,2.5,7,2,3,1,2,1,2,2,1,1,2,1,2,3,2,1,1,1,1,0,0,1,0,2,0,1,1,2,0,0,0,3,3,3,3,3,3,3,3,3,3,3,3,3,3,0.333333333333333,0.666666666666667,0.333333333333333,0.666666666666667,0.666666666666667,0.333333333333333,0.333333333333333,0.666666666666667,0.333333333333333,0.666666666666667,1,0.666666666666667,0.333333333333333,0.333333333333333,NA,NA,NA,NA,NA,NA,NA,NA,NA,NA,NA,NA,NA,NA,8422,9989,14647,4536,3829,3420,4416,7095,3789,12494,5831,5873,5593,4482
hnrHMqrd,structure_low,26,Male,Other,Self-employed/Freelancer,"<10,000",Bachelor,3.733,4,-2.5,NA,NA,NA,NA,NA,NA,2,1,2,0,NA,2,2,0,0,1,NA,NA,NA,NA,7,2,8,0,NA,9,7,0,0,4,NA,NA,NA,NA,3,3,3,3,NA,3,3,3,3,3,NA,NA,NA,NA,0.666666666666667,0.333333333333333,0.666666666666667,0,NA,0.666666666666667,0.666666666666667,0,0,0.333333333333333,NA,NA,NA,NA,NA,NA,NA,NA,NA,NA,NA,NA,NA,NA,NA,NA,NA,NA,NA,NA,NA,NA,NA,NA,NA,NA,NA,NA,NA,NA,NA,NA
qblkuiEO,assistant_high,32,Female,Black,Private sector,"10,001-20,000",Bachelor,3.333,5,6,NA,NA,NA,NA,NA,NA,0,1,1,NA,1,0,1,0,0,1,0,1,1,1,0,1,0,NA,0,0,0,0,0,0,0,0,0,0,3,3,3,NA,3,3,3,3,3,3,3,3,3,3,0,0.333333333333333,0.333333333333333,NA,0.333333333333333,0,0.333333333333333,0,0,0.333333333333333,0,0.333333333333333,0.333333333333333,0.333333333333333,NA,NA,NA,NA,NA,NA,NA,NA,NA,NA,NA,NA,NA,NA,8156,11186,14194,NA,4192,7528,2884,3392,2181,3147,13286,47968,3436,16230
lJBBaRcp,assistant_high,29,Female,Black,Private sector,"20,001-30,000",Bachelor,2.8,4,9,NA,NA,NA,NA,NA,NA,0,3,0,NA,NA,NA,1,2,NA,3,NA,NA,2,1,0,6,0,NA,NA,NA,0,4,NA,6,NA,NA,0,0,3,3,3,NA,NA,NA,3,3,NA,3,NA,NA,3,3,0,1,0,NA,NA,NA,0.333333333333333,0.666666666666667,NA,1,NA,NA,0.666666666666667,0.333333333333333,NA,NA,NA,NA,NA,NA,NA,NA,NA,NA,NA,NA,NA,NA,22277,28492,20505,NA,NA,NA,12286,7053,NA,7813,NA,NA,5992,5101
ZppITLee,assistant_high,21,Female,Black,Private sector,"30,001-40,000",Bachelor,2.667,5,2.5,NA,NA,NA,NA,NA,NA,1,NA,NA,0,NA,2,0,0,2,1,0,2,1,NA,1,NA,NA,0,NA,1,0,0,0,1,0,1,0,NA,3,NA,NA,3,NA,3,3,3,3,3,3,3,3,NA,0.333333333333333,NA,NA,0,NA,0.666666666666667,0,0,0.666666666666667,0.333333333333333,0,0.666666666666667,0.333333333333333,NA,NA,NA,NA,NA,NA,NA,NA,NA,NA,NA,NA,NA,NA,NA,9723,NA,NA,3623,NA,6763,3097,3889,3054,3723,3222,4533,2416,NA
pIGAzVsJ,control,31,Female,Black,Private sector,NA,Bachelor,3.2,4,2,3.06666666666667,4,6,NA,NA,NA,0,0,0,0,0,0,0,0,0,1,0,0,0,0,0,0,0,0,0,0,0,0,0,1,0,0,0,0,3,3,3,3,3,3,3,3,3,3,3,3,3,3,0,0,0,0,0,0,0,0,0,0.333333333333333,0,0,0,0,NA,NA,NA,NA,NA,NA,NA,NA,NA,NA,NA,NA,NA,NA,NA,NA,NA,NA,NA,NA,NA,NA,NA,NA,NA,NA,NA,NA
RjONHvci,assistant_high,35,Female,White,Self-employed/Freelancer,"30,001-40,000",Master,3.067,2,0.5,2.86666666666667,5,-4,4,1,5,3,0,0,0,1,1,0,0,0,0,0,0,0,1,2,0,0,0,0,0,0,0,0,0,0,0,0,0,3,3,3,3,3,3,3,3,3,3,3,3,3,3,1,0,0,0,0.333333333333333,0.333333333333333,0,0,0,0,0,0,0,0.333333333333333,NA,NA,NA,NA,NA,NA,NA,NA,NA,NA,NA,NA,NA,NA,5998,5513,3053,1379,2141,827,985,1709,1092,895,635,1284,1585,3838
fxctQTFE,structure_low,39,Female,Black,Private sector,"30,001-40,000",Bachelor,3.267,5,4,NA,NA,NA,NA,NA,NA,3,1,1,0,NA,NA,NA,NA,NA,NA,NA,NA,NA,NA,0,0,0,0,NA,NA,NA,NA,NA,NA,NA,NA,NA,NA,3,3,3,3,NA,NA,NA,NA,NA,NA,NA,NA,NA,NA,1,0.333333333333333,0.333333333333333,0,NA,NA,NA,NA,NA,NA,NA,NA,NA,NA,NA,NA,NA,NA,NA,NA,NA,NA,NA,NA,NA,NA,NA,NA,NA,NA,NA,NA,NA,NA,NA,NA,NA,NA,NA,NA,NA,NA
BBKRcfdP,assistant_high,26,Male,Black,Government/Public sector,">60,000",Master,2.867,4,6.5,NA,NA,NA,NA,NA,NA,1,0,1,0,2,NA,1,0,2,0,0,0,NA,0,1,0,1,0,2,NA,1,0,1,0,0,0,NA,0,3,3,3,3,3,NA,3,3,3,3,3,3,NA,3,0.333333333333333,0,0.333333333333333,0,0.666666666666667,NA,0.333333333333333,0,0.666666666666667,0,0,0,NA,0,NA,NA,NA,NA,NA,NA,NA,NA,NA,NA,NA,NA,NA,NA,37892,22559,2811,5734,5084,NA,2975,3604,4535,2697,3017,4950,NA,2935
LJZSBFIF,information_high,27,Female,Black,Government/Public sector,"40,001-60,000",Bachelor,2.867,4,2.5,NA,NA,NA,NA,NA,NA,0,NA,NA,NA,NA,NA,NA,0,NA,NA,NA,NA,NA,NA,0,NA,NA,NA,NA,NA,NA,0,NA,NA,NA,NA,NA,NA,3,NA,NA,NA,NA,NA,NA,3,NA,NA,NA,NA,NA,NA,0,NA,NA,NA,NA,NA,NA,0,NA,NA,NA,NA,NA,NA,1127,NA,NA,NA,NA,NA,NA,1677,NA,NA,NA,NA,NA,NA,NA,NA,NA,NA,NA,NA,NA,NA,NA,NA,NA,NA,NA,NA
gpPwskpX,structure_high,32,Female,Black,Government/Public sector,"30,001-40,000",Bachelor,3.133,4,7.5,3.06666666666667,4,7.5,5,4,2,1,3,2,0,2,3,2,1,2,0,1,2,2,0,0,0,1,0,1,0,3,0,2,0,1,0,2,0,3,3,3,3,3,3,3,3,3,3,3,3,3,3,0.333333333333333,1,0.666666666666667,0,0.666666666666667,1,0.666666666666667,0.333333333333333,0.666666666666667,0,0.333333333333333,0.666666666666667,0.666666666666667,0,NA,NA,NA,NA,NA,NA,NA,NA,NA,NA,NA,NA,NA,NA,NA,NA,NA,NA,NA,NA,NA,NA,NA,NA,NA,NA,NA,NA
SiKJWmiK,information_low,23,Female,Black,Government/Public sector,"<10,000",College diploma,2.933,5,1.5,NA,NA,NA,NA,NA,NA,1,1,1,0,NA,0,1,1,1,1,NA,NA,NA,NA,1,3,1,0,NA,0,1,2,1,2,NA,NA,NA,NA,3,3,3,3,NA,3,3,3,3,3,NA,NA,NA,NA,0.333333333333333,0.333333333333333,0.333333333333333,0,NA,0,0.333333333333333,0.333333333333333,0.333333333333333,0.333333333333333,NA,NA,NA,NA,25271,NA,NA,NA,NA,NA,NA,NA,NA,NA,NA,NA,NA,NA,NA,NA,NA,NA,NA,NA,NA,NA,NA,NA,NA,NA,NA,NA
ColmPMZB,structure_low,31,Male,Black,Private sector,"30,001-40,000",Master,2.867,4,3.5,2.6,5,2.5,5,3,4,1,0,3,0,3,0,2,0,2,0,3,0,3,0,0,0,3,0,3,0,2,0,6,0,6,0,3,0,3,3,3,3,3,3,3,3,3,3,3,3,3,3,0.333333333333333,0,1,0,1,0,0.666666666666667,0,0.666666666666667,0,1,0,1,0,NA,NA,NA,NA,NA,NA,NA,NA,NA,NA,NA,NA,NA,NA,NA,NA,NA,NA,NA,NA,NA,NA,NA,NA,NA,NA,NA,NA
mvwLdMUh,structure_medium,32,Female,Black,Government/Public sector,"40,001-60,000",Bachelor,3.533,4,5,NA,NA,NA,NA,NA,NA,3,3,0,3,3,3,3,0,0,NA,1,0,0,NA,4,2,0,5,3,4,7,0,0,NA,3,0,0,NA,3,3,3,3,3,3,3,3,3,NA,3,3,3,NA,1,1,0,1,1,1,1,0,0,NA,0.333333333333333,0,0,NA,NA,NA,NA,NA,NA,NA,NA,NA,NA,NA,NA,NA,NA,NA,NA,NA,NA,NA,NA,NA,NA,NA,NA,NA,NA,NA,NA,NA
ZMpWYbHC,structure_low,24,Male,Black,Self-employed/Freelancer,"30,001-40,000",Bachelor,2.867,3,0.5,2.8,4,10.5,7,2,1,0,0,0,0,0,0,0,0,0,0,0,0,0,0,0,0,0,0,0,0,0,0,0,0,0,0,0,0,3,3,3,3,3,3,3,3,3,3,3,3,3,3,0,0,0,0,0,0,0,0,0,0,0,0,0,0,NA,NA,NA,NA,NA,NA,NA,NA,NA,NA,NA,NA,NA,NA,NA,NA,NA,NA,NA,NA,NA,NA,NA,NA,NA,NA,NA,NA
BUBlTNSl,structure_low,42,Male,Mixed,Private sector,"30,001-40,000",Doctoral,3.333,5,3.5,NA,NA,NA,NA,NA,NA,2,NA,NA,NA,NA,NA,NA,NA,NA,NA,NA,NA,NA,NA,0,NA,NA,NA,NA,NA,NA,NA,NA,NA,NA,NA,NA,NA,3,NA,NA,NA,NA,NA,NA,NA,NA,NA,NA,NA,NA,NA,0.666666666666667,NA,NA,NA,NA,NA,NA,NA,NA,NA,NA,NA,NA,NA,NA,NA,NA,NA,NA,NA,NA,NA,NA,NA,NA,NA,NA,NA,NA,NA,NA,NA,NA,NA,NA,NA,NA,NA,NA,NA,NA,NA
HQPjeZYC,structure_medium,34,Female,Black,Private sector,"10,001-20,000",Bachelor,3.733,4,3.5,NA,NA,NA,NA,NA,NA,0,1,1,1,2,1,2,1,1,2,1,1,NA,NA,0,0,1,0,0,0,0,0,0,0,1,0,NA,NA,3,3,3,3,3,3,3,3,3,3,3,3,NA,NA,0,0.333333333333333,0.333333333333333,0.333333333333333,0.666666666666667,0.333333333333333,0.666666666666667,0.333333333333333,0.333333333333333,0.666666666666667,0.333333333333333,0.333333333333333,NA,NA,NA,NA,NA,NA,NA,NA,NA,NA,NA,NA,NA,NA,NA,NA,NA,NA,NA,NA,NA,NA,NA,NA,NA,NA,NA,NA,NA,NA
lXpDYikI,information_medium,48,Male,White,Government/Public sector,"10,001-20,000",Senior high,4.133,4,-1,4.8,4,5.5,5,3,2,3,3,3,3,3,3,2,3,3,3,3,2,2,3,6,7,1,7,8,7,9,9,11,9,9,9,11,9,3,3,3,3,3,3,3,3,3,3,3,3,3,3,1,1,1,1,1,1,0.666666666666667,1,1,1,1,0.666666666666667,0.666666666666667,1,30654,NA,NA,14154,NA,NA,16205,NA,NA,19364,NA,NA,10707,NA,NA,NA,NA,NA,NA,NA,NA,NA,NA,NA,NA,NA,NA,NA
KFiPUSVX,structure_low,34,Female,Black,Government/Public sector,">60,000",College diploma,3.867,5,9,3.33333333333333,5,2,6,2,2,0,0,2,0,0,0,0,0,0,0,0,0,0,0,0,0,1,0,0,0,0,0,0,0,0,0,0,0,3,3,3,3,3,3,3,3,3,3,3,3,3,3,0,0,0.666666666666667,0,0,0,0,0,0,0,0,0,0,0,NA,NA,NA,NA,NA,NA,NA,NA,NA,NA,NA,NA,NA,NA,NA,NA,NA,NA,NA,NA,NA,NA,NA,NA,NA,NA,NA,NA
EpacegPT,assistant_medium,34,Male,White,Private sector,"30,001-40,000",Senior high,3.867,4,9,NA,NA,NA,NA,NA,NA,0,0,0,NA,NA,NA,NA,NA,NA,NA,NA,NA,NA,NA,0,0,0,NA,NA,NA,NA,NA,NA,NA,NA,NA,NA,NA,3,3,3,NA,NA,NA,NA,NA,NA,NA,NA,NA,NA,NA,0,0,0,NA,NA,NA,NA,NA,NA,NA,NA,NA,NA,NA,NA,NA,NA,NA,NA,NA,NA,NA,NA,NA,NA,NA,NA,NA,12247,NA,NA,NA,NA,NA,NA,NA,NA,NA,NA,NA,NA,NA
tBUjFuIT,structure_low,37,Female,Black,Government/Public sector,"20,001-30,000",Bachelor,2.733,4,3.5,2.86666666666667,4,-1.5,5,3,6,2,3,0,0,0,3,0,2,3,3,0,2,0,3,3,0,0,0,0,0,0,3,4,0,0,3,0,2,3,3,3,3,3,3,3,3,3,3,3,3,3,3,0.666666666666667,1,0,0,0,1,0,0.666666666666667,1,1,0,0.666666666666667,0,1,NA,NA,NA,NA,NA,NA,NA,NA,NA,NA,NA,NA,NA,NA,NA,NA,NA,NA,NA,NA,NA,NA,NA,NA,NA,NA,NA,NA
izLqWTJr,control,24,Male,Black,Private sector,"40,001-60,000",Doctoral,3.6,4,5,NA,NA,NA,NA,NA,NA,2,0,2,0,3,0,3,0,3,NA,2,0,2,0,5,0,2,0,5,0,8,0,4,NA,5,0,9,0,3,3,3,3,3,3,3,3,3,NA,3,3,3,3,0.666666666666667,0,0.666666666666667,0,1,0,1,0,1,NA,0.666666666666667,0,0.666666666666667,0,NA,NA,NA,NA,NA,NA,NA,NA,NA,NA,NA,NA,NA,NA,NA,NA,NA,NA,NA,NA,NA,NA,NA,NA,NA,NA,NA,NA
gMEQaFhM,information_low,23,Female,Black,Private sector,"40,001-60,000",Master,3.2,5,12,2.73333333333333,5,3,7,5,7,1,1,1,1,0,1,1,1,0,1,0,1,1,1,0,0,1,1,0,0,0,1,0,1,0,1,1,0,3,3,3,3,3,3,3,3,3,3,3,3,3,3,0.333333333333333,0.333333333333333,0.333333333333333,0.333333333333333,0,0.333333333333333,0.333333333333333,0.333333333333333,0,0.333333333333333,0,0.333333333333333,0.333333333333333,0.333333333333333,15253,NA,NA,NA,NA,NA,NA,NA,NA,NA,NA,NA,NA,NA,NA,NA,NA,NA,NA,NA,NA,NA,NA,NA,NA,NA,NA,NA
FIWfWDpt,assistant_high,39,Female,Black,Self-employed/Freelancer,"<10,000",Senior high,3.467,5,9,4.06666666666667,5,14,6,4,4,1,1,3,1,1,1,3,3,2,1,3,1,3,1,1,0,3,1,1,1,3,5,1,1,2,3,3,2,3,3,3,3,3,3,3,3,3,3,3,3,3,3,0.333333333333333,0.333333333333333,1,0.333333333333333,0.333333333333333,0.333333333333333,1,1,0.666666666666667,0.333333333333333,1,0.333333333333333,1,0.333333333333333,NA,NA,NA,NA,NA,NA,NA,NA,NA,NA,NA,NA,NA,NA,20074,6978,5612,5507,5516,18376,5045,7555,5345,8840,7120,6392,10019,8072
WgqDuSBg,assistant_medium,26,Female,Black,Government/Public sector,"10,001-20,000",Bachelor,4.333,5,12.5,NA,NA,NA,NA,NA,NA,0,3,1,NA,0,0,0,1,0,0,NA,NA,NA,NA,0,2,0,NA,0,0,0,0,0,0,NA,NA,NA,NA,3,3,3,NA,3,3,3,3,3,3,NA,NA,NA,NA,0,1,0.333333333333333,NA,0,0,0,0.333333333333333,0,0,NA,NA,NA,NA,NA,NA,NA,NA,NA,NA,NA,NA,NA,NA,NA,NA,NA,NA,10129,NA,NA,NA,NA,NA,4689,NA,NA,11171,NA,NA,NA,NA
xbYJfkJJ,assistant_high,24,Female,Black,Private sector,"40,001-60,000",Master,3,4,7,3.26666666666667,4,4,6,6,3,3,1,2,3,3,2,3,3,2,3,3,1,3,2,7,1,7,5,10,2,9,3,8,1,7,1,12,2,3,3,3,3,3,3,3,3,3,3,3,3,3,3,1,0.333333333333333,0.666666666666667,1,1,0.666666666666667,1,1,0.666666666666667,1,1,0.333333333333333,1,0.666666666666667,NA,NA,NA,NA,NA,NA,NA,NA,NA,NA,NA,NA,NA,NA,18305,6224,5642,7244,6655,3500,5711,93149,5536,6305,4186,5707,2217,4949
FJimRjZt,control,34,Female,Black,Private sector,"20,001-30,000",Bachelor,3.533,4,1,3.4,4,3,NA,NA,NA,2,0,0,0,0,0,0,1,0,0,0,0,0,0,1,0,0,0,0,0,0,1,0,0,0,0,0,0,3,3,3,3,3,3,3,3,3,3,3,3,3,3,0.666666666666667,0,0,0,0,0,0,0.333333333333333,0,0,0,0,0,0,NA,NA,NA,NA,NA,NA,NA,NA,NA,NA,NA,NA,NA,NA,NA,NA,NA,NA,NA,NA,NA,NA,NA,NA,NA,NA,NA,NA
NkhcZAYe,information_medium,35,Female,Black,Government/Public sector,"20,001-30,000",Bachelor,3.333,2,0,NA,NA,NA,NA,NA,NA,3,NA,3,0,NA,0,3,0,NA,NA,NA,NA,NA,NA,1,NA,0,0,NA,0,3,0,NA,NA,NA,NA,NA,NA,3,NA,3,3,NA,3,3,3,NA,NA,NA,NA,NA,NA,1,NA,1,0,NA,0,1,0,NA,NA,NA,NA,NA,NA,4986,NA,NA,1273,NA,NA,1174,NA,NA,NA,NA,NA,NA,NA,NA,NA,NA,NA,NA,NA,NA,NA,NA,NA,NA,NA,NA,NA
EsijHZwJ,assistant_medium,34,Male,Mixed,Private sector,"10,001-20,000",Senior high,4.2,4,3,5,4,4.5,6,3,3,2,0,1,1,0,1,1,0,0,3,0,3,0,3,1,0,0,3,0,0,4,0,0,10,0,9,0,12,3,3,3,3,3,3,3,3,3,3,3,3,3,3,0.666666666666667,0,0.333333333333333,0.333333333333333,0,0.333333333333333,0.333333333333333,0,0,1,0,1,0,1,NA,NA,NA,NA,NA,NA,NA,NA,NA,NA,NA,NA,NA,NA,13650,NA,NA,7205,NA,NA,10307,NA,NA,2429,NA,NA,8364,NA
XukwSAHC,assistant_medium,23,Female,Black,Student,"<10,000",Senior high,3.8,5,3.5,3.6,4,3,7,3,1,3,2,0,1,1,1,1,2,1,1,0,2,0,1,5,2,0,0,3,2,2,2,3,2,0,2,0,2,3,3,3,3,3,3,3,3,3,3,3,3,3,3,1,0.666666666666667,0,0.333333333333333,0.333333333333333,0.333333333333333,0.333333333333333,0.666666666666667,0.333333333333333,0.333333333333333,0,0.666666666666667,0,0.333333333333333,NA,NA,NA,NA,NA,NA,NA,NA,NA,NA,NA,NA,NA,NA,18229,NA,NA,1918,NA,NA,1785,NA,NA,5046,NA,NA,3086,NA
ledgJRek,assistant_high,26,Female,Black,Private sector,">60,000",Master,3.467,4,1.5,NA,NA,NA,NA,NA,NA,1,1,0,1,NA,NA,NA,NA,NA,NA,NA,NA,NA,NA,1,0,0,0,NA,NA,NA,NA,NA,NA,NA,NA,NA,NA,3,3,3,3,NA,NA,NA,NA,NA,NA,NA,NA,NA,NA,0.333333333333333,0.333333333333333,0,0.333333333333333,NA,NA,NA,NA,NA,NA,NA,NA,NA,NA,NA,NA,NA,NA,NA,NA,NA,NA,NA,NA,NA,NA,NA,NA,12203,22595,12543,2920,NA,NA,NA,NA,NA,NA,NA,NA,NA,NA
vUZOPOaz,control,53,Male,White,Self-employed/Freelancer,"10,001-20,000",College diploma,4,4,6.5,3.8,4,4.5,NA,NA,NA,3,1,0,2,0,3,0,3,0,3,0,2,0,3,8,3,0,6,0,6,0,6,0,6,0,9,0,11,3,3,3,3,3,3,3,3,3,3,3,3,3,3,1,0.333333333333333,0,0.666666666666667,0,1,0,1,0,1,0,0.666666666666667,0,1,NA,NA,NA,NA,NA,NA,NA,NA,NA,NA,NA,NA,NA,NA,NA,NA,NA,NA,NA,NA,NA,NA,NA,NA,NA,NA,NA,NA
ipAtIHet,information_low,23,Female,Black,Government/Public sector,"30,001-40,000",Bachelor,3.267,5,6.5,NA,NA,NA,NA,NA,NA,3,NA,3,3,3,3,2,3,0,NA,0,NA,NA,NA,1,NA,1,3,6,3,4,2,0,NA,0,NA,NA,NA,3,NA,3,3,3,3,3,3,3,NA,3,NA,NA,NA,1,NA,1,1,1,1,0.666666666666667,1,0,NA,0,NA,NA,NA,51793,NA,NA,NA,NA,NA,NA,NA,NA,NA,NA,NA,NA,NA,NA,NA,NA,NA,NA,NA,NA,NA,NA,NA,NA,NA,NA,NA
cTAAbBVI,information_low,32,Male,Black,Private sector,"20,001-30,000",Senior high,3.267,4,3,NA,NA,NA,NA,NA,NA,3,3,1,1,2,NA,2,0,2,0,2,0,1,0,5,3,3,2,5,NA,4,0,3,0,4,0,1,0,3,3,3,3,3,NA,3,3,3,3,3,3,3,3,1,1,0.333333333333333,0.333333333333333,0.666666666666667,NA,0.666666666666667,0,0.666666666666667,0,0.666666666666667,0,0.333333333333333,0,32608,NA,NA,NA,NA,NA,NA,NA,NA,NA,NA,NA,NA,NA,NA,NA,NA,NA,NA,NA,NA,NA,NA,NA,NA,NA,NA,NA
UvzFFNVW,structure_high,21,Female,Black,Private sector,"<10,000",Senior high,3,4,0.5,2.8,5,0,5,4,1,1,0,2,2,1,2,1,2,1,2,2,1,2,2,0,0,0,1,1,1,0,1,0,1,0,1,0,1,3,3,3,3,3,3,3,3,3,3,3,3,3,3,0.333333333333333,0,0.666666666666667,0.666666666666667,0.333333333333333,0.666666666666667,0.333333333333333,0.666666666666667,0.333333333333333,0.666666666666667,0.666666666666667,0.333333333333333,0.666666666666667,0.666666666666667,NA,NA,NA,NA,NA,NA,NA,NA,NA,NA,NA,NA,NA,NA,NA,NA,NA,NA,NA,NA,NA,NA,NA,NA,NA,NA,NA,NA
EdwKCLYU,control,28,Female,Black,Government/Public sector,"40,001-60,000",Master,3.133,5,4.5,2.93333333333333,5,-0.5,NA,NA,NA,0,0,0,0,1,0,0,0,0,0,0,0,1,0,0,0,0,0,0,0,0,0,0,0,0,0,0,0,3,3,3,3,3,3,3,3,3,3,3,3,3,3,0,0,0,0,0.333333333333333,0,0,0,0,0,0,0,0.333333333333333,0,NA,NA,NA,NA,NA,NA,NA,NA,NA,NA,NA,NA,NA,NA,NA,NA,NA,NA,NA,NA,NA,NA,NA,NA,NA,NA,NA,NA
IBVKoGiw,structure_low,41,Male,Black,Other,"<10,000",Bachelor,3.667,5,3,NA,NA,NA,NA,NA,NA,0,0,0,0,0,0,0,0,0,NA,0,1,0,0,0,0,0,0,0,0,0,0,0,NA,0,1,0,0,3,3,3,3,3,3,3,3,3,NA,3,3,3,3,0,0,0,0,0,0,0,0,0,NA,0,0.333333333333333,0,0,NA,NA,NA,NA,NA,NA,NA,NA,NA,NA,NA,NA,NA,NA,NA,NA,NA,NA,NA,NA,NA,NA,NA,NA,NA,NA,NA,NA
amazhBJB,control,35,Female,Black,Private sector,"40,001-60,000",Bachelor,2.933,4,7.5,3.13333333333333,4,14,NA,NA,NA,0,0,0,0,0,0,0,0,0,0,0,0,0,0,0,0,0,0,0,0,0,0,0,0,0,0,0,0,3,3,3,3,3,3,3,3,3,3,3,3,3,3,0,0,0,0,0,0,0,0,0,0,0,0,0,0,NA,NA,NA,NA,NA,NA,NA,NA,NA,NA,NA,NA,NA,NA,NA,NA,NA,NA,NA,NA,NA,NA,NA,NA,NA,NA,NA,NA
GsXtcBTX,structure_low,21,Female,Black,Student,"<10,000",Bachelor,3.067,5,0,NA,NA,NA,NA,NA,NA,2,1,0,0,NA,0,0,0,NA,0,0,0,NA,1,1,1,0,0,NA,0,0,0,NA,0,0,0,NA,4,3,3,3,3,NA,3,3,3,NA,3,3,3,NA,3,0.666666666666667,0.333333333333333,0,0,NA,0,0,0,NA,0,0,0,NA,0.333333333333333,NA,NA,NA,NA,NA,NA,NA,NA,NA,NA,NA,NA,NA,NA,NA,NA,NA,NA,NA,NA,NA,NA,NA,NA,NA,NA,NA,NA
nfIKctfn,assistant_high,32,Male,White,Private sector,"20,001-30,000",Junior high,2.6,4,2,NA,NA,NA,NA,NA,NA,0,1,0,1,NA,NA,0,1,0,1,0,NA,NA,NA,0,0,0,0,NA,NA,0,0,0,0,0,NA,NA,NA,3,3,3,3,NA,NA,3,3,3,3,3,NA,NA,NA,0,0.333333333333333,0,0.333333333333333,NA,NA,0,0.333333333333333,0,0.333333333333333,0,NA,NA,NA,NA,NA,NA,NA,NA,NA,NA,NA,NA,NA,NA,NA,NA,NA,9675,34717,2103,2697,NA,NA,4013,6512,22215,15426,2385,NA,NA,NA
JdhpgqBM,information_low,46,Female,White,Government/Public sector,"30,001-40,000",Master,3.933,4,9.5,4.2,5,11.5,5,1,1,0,1,1,3,1,3,1,3,1,3,2,3,3,3,0,4,2,6,0,4,2,6,2,6,5,5,5,6,3,3,3,3,3,3,3,3,3,3,3,3,3,3,0,0.333333333333333,0.333333333333333,1,0.333333333333333,1,0.333333333333333,1,0.333333333333333,1,0.666666666666667,1,1,1,15900,NA,NA,NA,NA,NA,NA,NA,NA,NA,NA,NA,NA,NA,NA,NA,NA,NA,NA,NA,NA,NA,NA,NA,NA,NA,NA,NA
vasePoYq,information_medium,25,Female,Black,Government/Public sector,"40,001-60,000",Bachelor,4.267,5,6,4.4,5,7.5,7,2,2,2,1,1,0,0,0,2,0,1,0,1,0,1,0,0,0,1,0,0,0,1,0,1,0,1,0,1,0,3,3,3,3,3,3,3,3,3,3,3,3,3,3,0.666666666666667,0.333333333333333,0.333333333333333,0,0,0,0.666666666666667,0,0.333333333333333,0,0.333333333333333,0,0.333333333333333,0,19095,NA,NA,12812,NA,NA,16290,NA,NA,11532,NA,NA,7181,NA,NA,NA,NA,NA,NA,NA,NA,NA,NA,NA,NA,NA,NA,NA
vHsweBOM,information_low,54,Female,White,Private sector,"20,001-30,000",Senior high,4,5,6,NA,NA,NA,NA,NA,NA,1,3,0,3,0,NA,0,NA,0,3,0,2,0,3,1,6,0,10,0,NA,0,NA,0,10,0,9,0,7,3,3,3,3,3,NA,3,NA,3,3,3,3,3,3,0.333333333333333,1,0,1,0,NA,0,NA,0,1,0,0.666666666666667,0,1,17592,NA,NA,NA,NA,NA,NA,NA,NA,NA,NA,NA,NA,NA,NA,NA,NA,NA,NA,NA,NA,NA,NA,NA,NA,NA,NA,NA
AluUsAWi,structure_high,29,Female,Black,Government/Public sector,"40,001-60,000",Bachelor,3,4,1.5,NA,NA,NA,NA,NA,NA,0,NA,NA,1,NA,0,1,1,NA,NA,NA,0,1,2,0,NA,NA,0,NA,0,0,0,NA,NA,NA,0,0,2,3,NA,NA,3,NA,3,3,3,NA,NA,NA,3,3,3,0,NA,NA,0.333333333333333,NA,0,0.333333333333333,0.333333333333333,NA,NA,NA,0,0.333333333333333,0.666666666666667,NA,NA,NA,NA,NA,NA,NA,NA,NA,NA,NA,NA,NA,NA,NA,NA,NA,NA,NA,NA,NA,NA,NA,NA,NA,NA,NA,NA
nxmkfVEp,structure_low,24,Male,Black,Student,"<10,000",Senior high,3.667,5,10,4,5,9,7,1,1,1,2,1,1,0,1,0,1,1,1,1,0,0,1,1,2,0,2,0,2,0,2,1,3,1,0,0,3,3,3,3,3,3,3,3,3,3,3,3,3,3,3,0.333333333333333,0.666666666666667,0.333333333333333,0.333333333333333,0,0.333333333333333,0,0.333333333333333,0.333333333333333,0.333333333333333,0.333333333333333,0,0,0.333333333333333,NA,NA,NA,NA,NA,NA,NA,NA,NA,NA,NA,NA,NA,NA,NA,NA,NA,NA,NA,NA,NA,NA,NA,NA,NA,NA,NA,NA
jdKiRhXe,structure_low,24,Male,Black,Private sector,"10,001-20,000",Bachelor,2.933,4,9,NA,NA,NA,NA,NA,NA,3,NA,NA,NA,NA,NA,NA,NA,NA,NA,NA,NA,NA,NA,2,NA,NA,NA,NA,NA,NA,NA,NA,NA,NA,NA,NA,NA,3,NA,NA,NA,NA,NA,NA,NA,NA,NA,NA,NA,NA,NA,1,NA,NA,NA,NA,NA,NA,NA,NA,NA,NA,NA,NA,NA,NA,NA,NA,NA,NA,NA,NA,NA,NA,NA,NA,NA,NA,NA,NA,NA,NA,NA,NA,NA,NA,NA,NA,NA,NA,NA,NA,NA
XgzkBpwo,structure_high,48,Female,White,Government/Public sector,"30,001-40,000",Master,3,4,-2,NA,NA,NA,NA,NA,NA,0,1,2,2,NA,1,2,1,1,NA,2,2,1,NA,0,2,3,4,NA,1,4,1,2,NA,3,2,1,NA,3,3,3,3,NA,3,3,3,3,NA,3,3,3,NA,0,0.333333333333333,0.666666666666667,0.666666666666667,NA,0.333333333333333,0.666666666666667,0.333333333333333,0.333333333333333,NA,0.666666666666667,0.666666666666667,0.333333333333333,NA,NA,NA,NA,NA,NA,NA,NA,NA,NA,NA,NA,NA,NA,NA,NA,NA,NA,NA,NA,NA,NA,NA,NA,NA,NA,NA,NA,NA
bXRJpOSI,structure_medium,28,Female,Black,Private sector,"20,001-30,000",Bachelor,3.2,5,4.5,3.13333333333333,4,8,4,1,1,1,1,1,3,2,2,3,2,2,3,3,3,2,3,0,2,0,8,0,6,3,6,0,7,3,8,3,8,3,3,3,3,3,3,3,3,3,3,3,3,3,3,0.333333333333333,0.333333333333333,0.333333333333333,1,0.666666666666667,0.666666666666667,1,0.666666666666667,0.666666666666667,1,1,1,0.666666666666667,1,NA,NA,NA,NA,NA,NA,NA,NA,NA,NA,NA,NA,NA,NA,NA,NA,NA,NA,NA,NA,NA,NA,NA,NA,NA,NA,NA,NA
YKGuOSQY,control,29,Female,Black,Government/Public sector,"10,001-20,000",College diploma,3.133,5,7,NA,NA,NA,NA,NA,NA,0,0,NA,NA,NA,NA,NA,NA,1,NA,NA,NA,NA,NA,0,0,NA,NA,NA,NA,NA,NA,0,NA,NA,NA,NA,NA,3,3,NA,NA,NA,NA,NA,NA,3,NA,NA,NA,NA,NA,0,0,NA,NA,NA,NA,NA,NA,0.333333333333333,NA,NA,NA,NA,NA,NA,NA,NA,NA,NA,NA,NA,NA,NA,NA,NA,NA,NA,NA,NA,NA,NA,NA,NA,NA,NA,NA,NA,NA,NA,NA,NA,NA
SWVkbEiy,structure_low,20,Female,Black,Student,"<10,000",Senior high,4.133,5,8.5,NA,NA,NA,NA,NA,NA,3,1,NA,2,0,0,1,2,NA,2,0,0,NA,1,3,1,NA,2,0,0,1,2,NA,2,0,0,NA,1,3,3,NA,3,3,3,3,3,NA,3,3,3,NA,3,1,0.333333333333333,NA,0.666666666666667,0,0,0.333333333333333,0.666666666666667,NA,0.666666666666667,0,0,NA,0.333333333333333,NA,NA,NA,NA,NA,NA,NA,NA,NA,NA,NA,NA,NA,NA,NA,NA,NA,NA,NA,NA,NA,NA,NA,NA,NA,NA,NA,NA
kXaXtjvq,information_medium,26,Female,White,Private sector,"10,001-20,000",Master,4.333,4,4.5,NA,NA,NA,NA,NA,NA,1,1,1,0,NA,1,2,1,NA,NA,1,NA,1,2,2,3,2,0,NA,3,6,2,NA,NA,2,NA,3,5,3,3,3,3,NA,3,3,3,NA,NA,3,NA,3,3,0.333333333333333,0.333333333333333,0.333333333333333,0,NA,0.333333333333333,0.666666666666667,0.333333333333333,NA,NA,0.333333333333333,NA,0.333333333333333,0.666666666666667,15287,NA,NA,738,NA,NA,13594,NA,NA,NA,NA,NA,1480,NA,NA,NA,NA,NA,NA,NA,NA,NA,NA,NA,NA,NA,NA,NA
dOvlwsNt,control,26,Female,Black,Government/Public sector,">60,000",Master,3.6,5,1,NA,NA,NA,NA,NA,NA,0,0,0,0,0,NA,2,0,NA,0,0,0,0,0,0,0,0,0,0,NA,3,0,NA,0,0,0,0,0,3,3,3,3,3,NA,3,3,NA,3,3,3,3,3,0,0,0,0,0,NA,0.666666666666667,0,NA,0,0,0,0,0,NA,NA,NA,NA,NA,NA,NA,NA,NA,NA,NA,NA,NA,NA,NA,NA,NA,NA,NA,NA,NA,NA,NA,NA,NA,NA,NA,NA
TgXujUVA,information_low,33,Female,Black,Government/Public sector,"30,001-40,000",College diploma,3.067,4,6,NA,NA,NA,NA,NA,NA,2,1,1,0,NA,0,1,0,0,0,0,1,1,1,1,0,1,0,NA,0,2,0,0,0,0,0,2,0,3,3,3,3,NA,3,3,3,3,3,3,3,3,3,0.666666666666667,0.333333333333333,0.333333333333333,0,NA,0,0.333333333333333,0,0,0,0,0.333333333333333,0.333333333333333,0.333333333333333,18318,NA,NA,NA,NA,NA,NA,NA,NA,NA,NA,NA,NA,NA,NA,NA,NA,NA,NA,NA,NA,NA,NA,NA,NA,NA,NA,NA
akxmpdKS,structure_medium,30,Male,Black,Other,"<10,000",Senior high,2.933,5,6.5,2.86666666666667,5,3,6,6,1,0,2,0,3,0,1,0,0,0,0,0,1,0,2,0,2,0,3,0,1,0,0,0,0,0,1,0,3,3,3,3,3,3,3,3,3,3,3,3,3,3,3,0,0.666666666666667,0,1,0,0.333333333333333,0,0,0,0,0,0.333333333333333,0,0.666666666666667,NA,NA,NA,NA,NA,NA,NA,NA,NA,NA,NA,NA,NA,NA,NA,NA,NA,NA,NA,NA,NA,NA,NA,NA,NA,NA,NA,NA
JNIQHYPM,structure_medium,27,Female,Black,Private sector,"40,001-60,000",Master,3.133,5,4,NA,NA,NA,NA,NA,NA,1,0,NA,NA,1,NA,NA,0,NA,3,0,1,NA,NA,0,0,NA,NA,1,NA,NA,0,NA,2,0,0,NA,NA,3,3,NA,NA,3,NA,NA,3,NA,3,3,3,NA,NA,0.333333333333333,0,NA,NA,0.333333333333333,NA,NA,0,NA,1,0,0.333333333333333,NA,NA,NA,NA,NA,NA,NA,NA,NA,NA,NA,NA,NA,NA,NA,NA,NA,NA,NA,NA,NA,NA,NA,NA,NA,NA,NA,NA,NA,NA
EmuLHMhH,control,38,Female,Black,Government/Public sector,">60,000",Bachelor,2.867,4,3,2.53333333333333,4,-3,NA,NA,NA,0,0,0,0,0,0,0,0,0,0,0,0,0,0,0,0,0,0,0,0,0,0,0,0,0,0,0,0,3,3,3,3,3,3,3,3,3,3,3,3,3,3,0,0,0,0,0,0,0,0,0,0,0,0,0,0,NA,NA,NA,NA,NA,NA,NA,NA,NA,NA,NA,NA,NA,NA,NA,NA,NA,NA,NA,NA,NA,NA,NA,NA,NA,NA,NA,NA
JSPObpcL,control,23,Female,Black,Private sector,"40,001-60,000",Master,2.8,5,4,NA,NA,NA,NA,NA,NA,0,0,NA,0,0,NA,0,0,0,NA,0,0,NA,NA,0,0,NA,0,0,NA,0,0,0,NA,0,0,NA,NA,3,3,NA,3,3,NA,3,3,3,NA,3,3,NA,NA,0,0,NA,0,0,NA,0,0,0,NA,0,0,NA,NA,NA,NA,NA,NA,NA,NA,NA,NA,NA,NA,NA,NA,NA,NA,NA,NA,NA,NA,NA,NA,NA,NA,NA,NA,NA,NA,NA,NA
wSWSteIJ,assistant_medium,24,Female,Black,Other,"<10,000",Senior high,3.2,4,6,NA,NA,NA,NA,NA,NA,2,0,2,1,NA,NA,3,0,1,0,1,1,2,1,1,0,0,0,NA,NA,3,0,1,0,1,0,2,0,3,3,3,3,NA,NA,3,3,3,3,3,3,3,3,0.666666666666667,0,0.666666666666667,0.333333333333333,NA,NA,1,0,0.333333333333333,0,0.333333333333333,0.333333333333333,0.666666666666667,0.333333333333333,NA,NA,NA,NA,NA,NA,NA,NA,NA,NA,NA,NA,NA,NA,7760,NA,NA,6867,NA,NA,2153,NA,NA,2701,NA,NA,2873,NA
ixhkYiMv,information_low,58,Male,Asian,Other,"40,001-60,000",Bachelor,4,4,3.5,4.33333333333333,4,6,4,4,3,3,3,3,3,3,3,3,3,3,3,3,3,3,3,5,7,8,6,8,9,9,8,9,10,8,8,8,11,3,3,3,3,3,3,3,3,3,3,3,3,3,3,1,1,1,1,1,1,1,1,1,1,1,1,1,1,16856,NA,NA,NA,NA,NA,NA,NA,NA,NA,NA,NA,NA,NA,NA,NA,NA,NA,NA,NA,NA,NA,NA,NA,NA,NA,NA,NA
jDaManQa,structure_low,41,Male,Black,Government/Public sector,"20,001-30,000",Bachelor,2.533,4,7,3,4,7,5,5,3,3,0,3,1,2,0,2,0,3,0,3,0,2,0,7,0,6,0,7,0,5,0,12,0,11,0,10,0,3,3,3,3,3,3,3,3,3,3,3,3,3,3,1,0,1,0.333333333333333,0.666666666666667,0,0.666666666666667,0,1,0,1,0,0.666666666666667,0,NA,NA,NA,NA,NA,NA,NA,NA,NA,NA,NA,NA,NA,NA,NA,NA,NA,NA,NA,NA,NA,NA,NA,NA,NA,NA,NA,NA
MBeKCGxW,information_low,33,Female,Asian,Private sector,"<10,000",Bachelor,3.467,5,3,NA,NA,NA,NA,NA,NA,0,3,2,3,0,NA,0,3,0,2,0,3,NA,2,0,3,0,4,0,NA,0,5,0,4,0,6,NA,6,3,3,3,3,3,NA,3,3,3,3,3,3,NA,3,0,1,0.666666666666667,1,0,NA,0,1,0,0.666666666666667,0,1,NA,0.666666666666667,27679,NA,NA,NA,NA,NA,NA,NA,NA,NA,NA,NA,NA,NA,NA,NA,NA,NA,NA,NA,NA,NA,NA,NA,NA,NA,NA,NA
cgNTUqEU,assistant_low,44,Female,Asian,Self-employed/Freelancer,"<10,000",Master,3.267,2,-2.5,NA,NA,NA,NA,NA,NA,0,3,1,0,0,NA,1,0,0,1,0,NA,1,NA,0,2,0,0,0,NA,3,0,0,1,0,NA,4,NA,3,3,3,3,3,NA,3,3,3,3,3,NA,3,NA,0,1,0.333333333333333,0,0,NA,0.333333333333333,0,0,0.333333333333333,0,NA,0.333333333333333,NA,NA,NA,NA,NA,NA,NA,NA,NA,NA,NA,NA,NA,NA,NA,7394,NA,NA,NA,NA,NA,NA,NA,NA,NA,NA,NA,NA,NA
LDppPDLD,assistant_low,38,Female,Asian,Private sector,"10,001-20,000",Master,3.4,4,3,3.46666666666667,4,0,5,4,1,3,3,3,3,2,3,2,3,2,2,3,1,0,2,6,3,2,3,10,3,8,3,8,3,9,2,0,3,3,3,3,3,3,3,3,3,3,3,3,3,3,3,1,1,1,1,0.666666666666667,1,0.666666666666667,1,0.666666666666667,0.666666666666667,1,0.333333333333333,0,0.666666666666667,NA,NA,NA,NA,NA,NA,NA,NA,NA,NA,NA,NA,NA,NA,24065,NA,NA,NA,NA,NA,NA,NA,NA,NA,NA,NA,NA,NA
BUsWTBGC,assistant_low,34,Female,Asian,Self-employed/Freelancer,"<10,000",Master,4.333,5,12,4.46666666666667,5,12,6,1,1,1,2,0,0,0,0,0,0,0,0,0,0,0,0,2,1,0,0,0,0,0,0,0,0,0,0,0,0,3,3,3,3,3,3,3,3,3,3,3,3,3,3,0.333333333333333,0.666666666666667,0,0,0,0,0,0,0,0,0,0,0,0,NA,NA,NA,NA,NA,NA,NA,NA,NA,NA,NA,NA,NA,NA,13672,NA,NA,NA,NA,NA,NA,NA,NA,NA,NA,NA,NA,NA
MSvMnUht,information_high,24,Female,Asian,Student,"10,001-20,000",Bachelor,3.8,4,4,4.06666666666667,4,2,6,1,2,1,1,1,2,3,2,0,2,1,3,2,3,0,2,0,1,0,2,0,2,0,2,0,3,2,4,0,2,3,3,3,3,3,3,3,3,3,3,3,3,3,3,0.333333333333333,0.333333333333333,0.333333333333333,0.666666666666667,1,0.666666666666667,0,0.666666666666667,0.333333333333333,1,0.666666666666667,1,0,0.666666666666667,20489,5904,3291,16011,2156,11732,11508,17646,2427,2307,14927,1774,1737,2114,NA,NA,NA,NA,NA,NA,NA,NA,NA,NA,NA,NA,NA,NA
MeJqKPXb,information_high,56,Female,White,Government/Public sector,"30,001-40,000",Master,3.667,5,2.5,3.66666666666667,4,2,4,6,6,2,1,1,2,1,1,2,3,3,2,1,2,2,2,4,0,3,3,4,2,3,4,5,4,4,3,3,2,3,3,3,3,3,3,3,3,3,3,3,3,3,3,0.666666666666667,0.333333333333333,0.333333333333333,0.666666666666667,0.333333333333333,0.333333333333333,0.666666666666667,1,1,0.666666666666667,0.333333333333333,0.666666666666667,0.666666666666667,0.666666666666667,17984,6798,2942,14998,870,1114,1061,865,795,723,988,893,959,3520,NA,NA,NA,NA,NA,NA,NA,NA,NA,NA,NA,NA,NA,NA
SRjsSGsp,control,47,Male,Asian,Self-employed/Freelancer,"20,001-30,000",College diploma,2.667,4,2.5,2.93333333333333,5,4.5,NA,NA,NA,0,0,0,0,0,0,0,0,0,0,0,0,0,0,0,0,0,0,0,0,0,0,0,0,0,0,0,0,3,3,3,3,3,3,3,3,3,3,3,3,3,3,0,0,0,0,0,0,0,0,0,0,0,0,0,0,NA,NA,NA,NA,NA,NA,NA,NA,NA,NA,NA,NA,NA,NA,NA,NA,NA,NA,NA,NA,NA,NA,NA,NA,NA,NA,NA,NA
XajyVxhI,information_low,61,Male,White,Private sector,"40,001-60,000",Senior high,3.533,4,3,4,4,1.5,5,3,5,3,2,1,1,1,1,1,1,1,1,1,1,1,1,3,5,1,2,1,3,1,4,2,2,2,3,1,3,3,3,3,3,3,3,3,3,3,3,3,3,3,3,1,0.666666666666667,0.333333333333333,0.333333333333333,0.333333333333333,0.333333333333333,0.333333333333333,0.333333333333333,0.333333333333333,0.333333333333333,0.333333333333333,0.333333333333333,0.333333333333333,0.333333333333333,12287,NA,NA,NA,NA,NA,NA,NA,NA,NA,NA,NA,NA,NA,NA,NA,NA,NA,NA,NA,NA,NA,NA,NA,NA,NA,NA,NA
NAFcqkfl,structure_high,24,Male,Black,Other,"<10,000",Senior high,2.867,4,0,NA,NA,NA,NA,NA,NA,1,0,1,0,NA,0,1,0,0,0,0,1,0,0,0,0,0,0,NA,0,1,0,0,0,0,0,0,0,3,3,3,3,NA,3,3,3,3,3,3,3,3,3,0.333333333333333,0,0.333333333333333,0,NA,0,0.333333333333333,0,0,0,0,0.333333333333333,0,0,NA,NA,NA,NA,NA,NA,NA,NA,NA,NA,NA,NA,NA,NA,NA,NA,NA,NA,NA,NA,NA,NA,NA,NA,NA,NA,NA,NA
tPNwsFAU,assistant_high,27,Male,Black,Private sector,"<10,000",Senior high,3.733,4,-1.5,NA,NA,NA,NA,NA,NA,1,1,3,1,0,2,1,0,0,3,NA,NA,NA,0,1,3,2,0,0,4,1,0,0,11,NA,NA,NA,0,3,3,3,3,3,3,3,3,3,3,NA,NA,NA,3,0.333333333333333,0.333333333333333,1,0.333333333333333,0,0.666666666666667,0.333333333333333,0,0,1,NA,NA,NA,0,NA,NA,NA,NA,NA,NA,NA,NA,NA,NA,NA,NA,NA,NA,8283,3789,2237,3705,2297,2969,10332,7011,5288,9467,NA,NA,NA,9120
YdsxIGpV,assistant_high,31,Male,Black,Private sector,">60,000",Bachelor,3,5,8,2.6,5,9.5,7,4,3,3,3,1,1,2,2,1,1,1,2,0,3,0,2,0,0,0,2,0,2,0,1,0,1,0,1,0,2,3,3,3,3,3,3,3,3,3,3,3,3,3,3,1,1,0.333333333333333,0.333333333333333,0.666666666666667,0.666666666666667,0.333333333333333,0.333333333333333,0.333333333333333,0.666666666666667,0,1,0,0.666666666666667,NA,NA,NA,NA,NA,NA,NA,NA,NA,NA,NA,NA,NA,NA,12241,14135,3274,10902,4177,3311,3686,1439,5870,2042,7593,2253,5056,4283
ZeuJaaiL,structure_high,34,Male,White,Private sector,"10,001-20,000",Senior high,3.8,4,0,NA,NA,NA,NA,NA,NA,3,3,2,1,NA,NA,3,2,3,1,NA,NA,NA,NA,7,6,9,2,NA,NA,7,6,13,3,NA,NA,NA,NA,3,3,3,3,NA,NA,3,3,3,3,NA,NA,NA,NA,1,1,0.666666666666667,0.333333333333333,NA,NA,1,0.666666666666667,1,0.333333333333333,NA,NA,NA,NA,NA,NA,NA,NA,NA,NA,NA,NA,NA,NA,NA,NA,NA,NA,NA,NA,NA,NA,NA,NA,NA,NA,NA,NA,NA,NA,NA,NA
rYNWtGje,information_low,25,Female,Black,Private sector,"<10,000",Bachelor,3.867,4,3.5,3.73333333333333,5,0,7,2,1,2,1,2,0,1,1,0,1,1,0,1,0,0,1,0,1,2,0,1,3,0,0,1,0,1,0,0,4,3,3,3,3,3,3,3,3,3,3,3,3,3,3,0.666666666666667,0.333333333333333,0.666666666666667,0,0.333333333333333,0.333333333333333,0,0.333333333333333,0.333333333333333,0,0.333333333333333,0,0,0.333333333333333,27705,NA,NA,NA,NA,NA,NA,NA,NA,NA,NA,NA,NA,NA,NA,NA,NA,NA,NA,NA,NA,NA,NA,NA,NA,NA,NA,NA
zRKJzpbN,structure_medium,44,Female,Black,Private sector,"<10,000",Bachelor,3.2,5,5.5,3.33333333333333,4,6.5,2,1,1,1,2,3,3,2,0,3,0,0,3,1,1,3,0,0,3,2,3,1,0,0,0,0,3,0,1,2,0,3,3,3,3,3,3,3,3,3,3,3,3,3,3,0.333333333333333,0.666666666666667,1,1,0.666666666666667,0,1,0,0,1,0.333333333333333,0.333333333333333,1,0,NA,NA,NA,NA,NA,NA,NA,NA,NA,NA,NA,NA,NA,NA,NA,NA,NA,NA,NA,NA,NA,NA,NA,NA,NA,NA,NA,NA
KYVXFLwy,assistant_low,24,Male,Black,Student,"<10,000",College diploma,3,4,4.5,3.26666666666667,4,5.5,5,2,4,1,2,0,2,0,3,0,3,0,3,0,3,0,3,0,2,0,7,0,8,0,6,0,8,0,5,0,6,3,3,3,3,3,3,3,3,3,3,3,3,3,3,0.333333333333333,0.666666666666667,0,0.666666666666667,0,1,0,1,0,1,0,1,0,1,NA,NA,NA,NA,NA,NA,NA,NA,NA,NA,NA,NA,NA,NA,9040,NA,NA,NA,NA,NA,NA,NA,NA,NA,NA,NA,NA,NA
rqWKnYUv,structure_medium,48,Female,White,Self-employed/Freelancer,"30,001-40,000",Bachelor,3.8,4,3.5,4.33333333333333,4,1,4,4,4,3,0,1,1,2,1,3,0,0,3,0,0,1,0,3,0,4,2,4,3,6,0,0,7,0,0,2,0,3,3,3,3,3,3,3,3,3,3,3,3,3,3,1,0,0.333333333333333,0.333333333333333,0.666666666666667,0.333333333333333,1,0,0,1,0,0,0.333333333333333,0,NA,NA,NA,NA,NA,NA,NA,NA,NA,NA,NA,NA,NA,NA,NA,NA,NA,NA,NA,NA,NA,NA,NA,NA,NA,NA,NA,NA
XSdlKKcG,assistant_medium,33,Male,White,Private sector,"40,001-60,000",Bachelor,4.133,5,4.5,3.8,4,8.5,7,4,5,3,1,2,1,2,0,1,3,2,0,2,2,1,0,4,1,6,2,4,0,2,8,4,0,5,2,2,0,3,3,3,3,3,3,3,3,3,3,3,3,3,3,1,0.333333333333333,0.666666666666667,0.333333333333333,0.666666666666667,0,0.333333333333333,1,0.666666666666667,0,0.666666666666667,0.666666666666667,0.333333333333333,0,NA,NA,NA,NA,NA,NA,NA,NA,NA,NA,NA,NA,NA,NA,4981,NA,NA,12376,NA,NA,2786,NA,NA,2907,NA,NA,2518,NA
ZCBvJolg,information_medium,34,Male,Asian,Private sector,">60,000",Bachelor,3.467,4,5.5,3.6,4,7.5,6,2,2,3,3,0,3,0,3,0,3,0,3,1,2,0,3,8,7,0,10,0,13,0,14,0,16,3,11,0,17,3,3,3,3,3,3,3,3,3,3,3,3,3,3,1,1,0,1,0,1,0,1,0,1,0.333333333333333,0.666666666666667,0,1,19455,NA,NA,3855,NA,NA,5457,NA,NA,3764,NA,NA,3771,NA,NA,NA,NA,NA,NA,NA,NA,NA,NA,NA,NA,NA,NA,NA
KLtjZiOW,structure_high,29,Female,White,Government/Public sector,"40,001-60,000",Master,3.467,3,0,NA,NA,NA,NA,NA,NA,0,NA,0,1,0,NA,0,1,NA,0,NA,NA,NA,NA,0,NA,0,0,0,NA,0,0,NA,0,NA,NA,NA,NA,3,NA,3,3,3,NA,3,3,NA,3,NA,NA,NA,NA,0,NA,0,0.333333333333333,0,NA,0,0.333333333333333,NA,0,NA,NA,NA,NA,NA,NA,NA,NA,NA,NA,NA,NA,NA,NA,NA,NA,NA,NA,NA,NA,NA,NA,NA,NA,NA,NA,NA,NA,NA,NA,NA,NA
PVdhTmrC,information_medium,20,Female,Black,Private sector,"10,001-20,000",Senior high,4.133,5,4,NA,NA,NA,NA,NA,NA,2,NA,NA,NA,NA,NA,NA,NA,NA,NA,NA,NA,NA,NA,1,NA,NA,NA,NA,NA,NA,NA,NA,NA,NA,NA,NA,NA,3,NA,NA,NA,NA,NA,NA,NA,NA,NA,NA,NA,NA,NA,0.666666666666667,NA,NA,NA,NA,NA,NA,NA,NA,NA,NA,NA,NA,NA,11406,NA,NA,NA,NA,NA,NA,NA,NA,NA,NA,NA,NA,NA,NA,NA,NA,NA,NA,NA,NA,NA,NA,NA,NA,NA,NA,NA
tWFBoGsG,information_low,35,Male,White,Other,"<10,000",Senior high,3.467,3,0,3.4,3,-3,4,3,2,0,2,0,1,0,0,0,2,0,0,0,3,0,0,0,1,0,1,0,0,0,2,0,0,0,3,0,0,3,3,3,3,3,3,3,3,3,3,3,3,3,3,0,0.666666666666667,0,0.333333333333333,0,0,0,0.666666666666667,0,0,0,1,0,0,17239,NA,NA,NA,NA,NA,NA,NA,NA,NA,NA,NA,NA,NA,NA,NA,NA,NA,NA,NA,NA,NA,NA,NA,NA,NA,NA,NA
ohdaYURl,structure_high,21,Male,Black,Student,"20,001-30,000",Bachelor,2.933,5,5.5,2.93333333333333,5,6.5,7,3,3,1,2,0,1,0,2,2,2,2,1,1,1,3,2,0,1,0,0,0,1,1,2,1,1,1,4,2,6,3,3,3,3,3,3,3,3,3,3,3,3,3,3,0.333333333333333,0.666666666666667,0,0.333333333333333,0,0.666666666666667,0.666666666666667,0.666666666666667,0.666666666666667,0.333333333333333,0.333333333333333,0.333333333333333,1,0.666666666666667,NA,NA,NA,NA,NA,NA,NA,NA,NA,NA,NA,NA,NA,NA,NA,NA,NA,NA,NA,NA,NA,NA,NA,NA,NA,NA,NA,NA
oKjdDFbK,structure_high,31,Female,Black,Private sector,"10,001-20,000",Master,3.2,4,11,3.4,5,3,3,3,7,1,1,2,1,2,1,2,2,2,2,0,1,2,2,1,0,0,0,1,0,0,0,1,0,0,0,0,1,3,3,3,3,3,3,3,3,3,3,3,3,3,3,0.333333333333333,0.333333333333333,0.666666666666667,0.333333333333333,0.666666666666667,0.333333333333333,0.666666666666667,0.666666666666667,0.666666666666667,0.666666666666667,0,0.333333333333333,0.666666666666667,0.666666666666667,NA,NA,NA,NA,NA,NA,NA,NA,NA,NA,NA,NA,NA,NA,NA,NA,NA,NA,NA,NA,NA,NA,NA,NA,NA,NA,NA,NA
lLUDyAfY,information_high,45,Female,Black,Private sector,">60,000",Master,3.2,5,12,NA,NA,NA,NA,NA,NA,3,3,3,3,3,NA,3,3,3,3,3,3,2,0,1,1,0,2,1,NA,0,3,0,4,0,6,0,0,3,3,3,3,3,NA,3,3,3,3,3,3,3,3,1,1,1,1,1,NA,1,1,1,1,1,1,0.666666666666667,0,1937,1631,20789,2696,1304,NA,1245,3342,1369,1387,1044,1144,3518,1196,NA,NA,NA,NA,NA,NA,NA,NA,NA,NA,NA,NA,NA,NA
ruwsgwyI,assistant_medium,34,Male,Asian,Private sector,"30,001-40,000",Master,4.067,4,0.5,3.86666666666667,4,4.5,7,3,4,2,1,2,2,0,0,0,0,1,3,2,1,2,2,2,3,1,9,0,0,0,0,1,14,3,5,2,8,3,3,3,3,3,3,3,3,3,3,3,3,3,3,0.666666666666667,0.333333333333333,0.666666666666667,0.666666666666667,0,0,0,0,0.333333333333333,1,0.666666666666667,0.333333333333333,0.666666666666667,0.666666666666667,NA,NA,NA,NA,NA,NA,NA,NA,NA,NA,NA,NA,NA,NA,18042,NA,NA,10417,NA,NA,2412,NA,NA,5328,NA,NA,3595,NA
UPPkIZJD,information_low,47,Male,White,Self-employed/Freelancer,"20,001-30,000",Senior high,3.8,4,5,4.06666666666667,4,3,4,4,3,0,0,0,0,0,0,0,0,0,0,0,0,0,0,0,0,0,0,0,0,0,0,0,0,0,0,0,0,3,3,3,3,3,3,3,3,3,3,3,3,3,3,0,0,0,0,0,0,0,0,0,0,0,0,0,0,11930,NA,NA,NA,NA,NA,NA,NA,NA,NA,NA,NA,NA,NA,NA,NA,NA,NA,NA,NA,NA,NA,NA,NA,NA,NA,NA,NA
cUYgUclC,structure_medium,26,Male,Black,Private sector,"10,001-20,000",Bachelor,3.667,4,1,NA,NA,NA,NA,NA,NA,0,NA,0,NA,NA,NA,0,NA,0,2,0,0,NA,1,0,NA,0,NA,NA,NA,0,NA,0,2,0,0,NA,2,3,NA,3,NA,NA,NA,3,NA,3,3,3,3,NA,3,0,NA,0,NA,NA,NA,0,NA,0,0.666666666666667,0,0,NA,0.333333333333333,NA,NA,NA,NA,NA,NA,NA,NA,NA,NA,NA,NA,NA,NA,NA,NA,NA,NA,NA,NA,NA,NA,NA,NA,NA,NA,NA,NA
IrhiHeSf,information_low,25,Male,Black,Private sector,"10,001-20,000",Bachelor,2.933,5,6,NA,NA,NA,NA,NA,NA,0,0,0,2,1,3,0,2,0,3,0,3,NA,2,0,0,0,2,1,3,0,3,0,6,0,2,NA,4,3,3,3,3,3,3,3,3,3,3,3,3,NA,3,0,0,0,0.666666666666667,0.333333333333333,1,0,0.666666666666667,0,1,0,1,NA,0.666666666666667,29174,NA,NA,NA,NA,NA,NA,NA,NA,NA,NA,NA,NA,NA,NA,NA,NA,NA,NA,NA,NA,NA,NA,NA,NA,NA,NA,NA
YSiOpCRn,assistant_low,31,Female,Black,Private sector,"40,001-60,000",Bachelor,2.933,4,2.5,2.86666666666667,4,0,5,3,4,0,1,0,0,0,0,0,1,0,1,0,0,0,0,0,1,0,0,0,0,0,2,0,2,0,0,0,0,3,3,3,3,3,3,3,3,3,3,3,3,3,3,0,0.333333333333333,0,0,0,0,0,0.333333333333333,0,0.333333333333333,0,0,0,0,NA,NA,NA,NA,NA,NA,NA,NA,NA,NA,NA,NA,NA,NA,6239,NA,NA,NA,NA,NA,NA,NA,NA,NA,NA,NA,NA,NA
JefDpDzV,control,33,Male,Black,Private sector,">60,000",Bachelor,4,5,4.5,2.73333333333333,2,7,NA,NA,NA,1,1,0,0,0,0,0,0,0,0,1,0,0,0,1,0,0,0,0,0,0,0,0,0,0,0,0,0,3,3,3,3,3,3,3,3,3,3,3,3,3,3,0.333333333333333,0.333333333333333,0,0,0,0,0,0,0,0,0.333333333333333,0,0,0,NA,NA,NA,NA,NA,NA,NA,NA,NA,NA,NA,NA,NA,NA,NA,NA,NA,NA,NA,NA,NA,NA,NA,NA,NA,NA,NA,NA
awpLvpKO,control,28,Female,Black,Private sector,"40,001-60,000",Master,3.6,5,9,3.53333333333333,5,12,NA,NA,NA,1,0,1,0,2,0,3,0,2,0,2,0,2,0,2,0,4,0,2,0,5,0,4,0,8,0,7,0,3,3,3,3,3,3,3,3,3,3,3,3,3,3,0.333333333333333,0,0.333333333333333,0,0.666666666666667,0,1,0,0.666666666666667,0,0.666666666666667,0,0.666666666666667,0,NA,NA,NA,NA,NA,NA,NA,NA,NA,NA,NA,NA,NA,NA,NA,NA,NA,NA,NA,NA,NA,NA,NA,NA,NA,NA,NA,NA
EPLMBwnI,structure_low,27,Female,Black,Private sector,"30,001-40,000",Doctoral,2.533,5,6.5,3,5,6,7,3,2,3,0,3,0,3,0,2,0,3,0,2,0,3,0,2,0,3,0,2,0,3,0,3,0,3,0,3,0,3,3,3,3,3,3,3,3,3,3,3,3,3,3,1,0,1,0,1,0,0.666666666666667,0,1,0,0.666666666666667,0,1,0,NA,NA,NA,NA,NA,NA,NA,NA,NA,NA,NA,NA,NA,NA,NA,NA,NA,NA,NA,NA,NA,NA,NA,NA,NA,NA,NA,NA
dNBxIiFv,information_high,30,Female,Black,Private sector,"40,001-60,000",Master,3.4,5,12,3.6,5,12,7,4,4,2,0,0,1,0,1,0,0,0,0,0,0,1,1,0,0,0,0,0,0,0,0,0,0,0,0,0,0,3,3,3,3,3,3,3,3,3,3,3,3,3,3,0.666666666666667,0,0,0.333333333333333,0,0.333333333333333,0,0,0,0,0,0,0.333333333333333,0.333333333333333,36437,5748,2566,2332,1980,10229,5375,2289,2752,2656,3018,3043,2461,2260,NA,NA,NA,NA,NA,NA,NA,NA,NA,NA,NA,NA,NA,NA
MliDGIdU,assistant_high,66,Female,White,Other,"10,001-20,000",Senior high,2.533,4,-3,2.86666666666667,4,-1.5,3,4,5,3,1,1,1,2,1,2,2,0,0,1,2,1,2,7,0,3,0,3,1,3,1,0,0,2,1,2,1,3,3,3,3,3,3,3,3,3,3,3,3,3,3,1,0.333333333333333,0.333333333333333,0.333333333333333,0.666666666666667,0.333333333333333,0.666666666666667,0.666666666666667,0,0,0.333333333333333,0.666666666666667,0.333333333333333,0.666666666666667,NA,NA,NA,NA,NA,NA,NA,NA,NA,NA,NA,NA,NA,NA,25592,11389,4060,4479,4263,3590,3656,4214,3985,3714,3939,8364,3489,3876
tzdRmXbg,structure_low,67,Male,White,Private sector,"30,001-40,000",Senior high,3.867,4,5,3.6,4,0,7,3,3,3,2,2,2,2,1,2,1,2,2,1,1,2,2,3,4,3,3,2,4,2,4,4,6,4,4,3,4,3,3,3,3,3,3,3,3,3,3,3,3,3,3,1,0.666666666666667,0.666666666666667,0.666666666666667,0.666666666666667,0.333333333333333,0.666666666666667,0.333333333333333,0.666666666666667,0.666666666666667,0.333333333333333,0.333333333333333,0.666666666666667,0.666666666666667,NA,NA,NA,NA,NA,NA,NA,NA,NA,NA,NA,NA,NA,NA,NA,NA,NA,NA,NA,NA,NA,NA,NA,NA,NA,NA,NA,NA
exxREGtZ,assistant_low,37,Female,Black,Government/Public sector,"30,001-40,000",Bachelor,3.467,5,0,NA,NA,NA,NA,NA,NA,0,0,0,0,NA,0,0,0,0,0,NA,NA,0,0,0,0,0,0,NA,0,0,0,0,0,NA,NA,0,0,3,3,3,3,NA,3,3,3,3,3,NA,NA,3,3,0,0,0,0,NA,0,0,0,0,0,NA,NA,0,0,NA,NA,NA,NA,NA,NA,NA,NA,NA,NA,NA,NA,NA,NA,8162,NA,NA,NA,NA,NA,NA,NA,NA,NA,NA,NA,NA,NA
rLWGBKVu,structure_medium,25,Male,Mixed,Private sector,">60,000",Master,3.133,5,8,3.33333333333333,5,9,4,1,3,3,2,2,2,3,3,3,3,3,3,3,3,3,3,3,4,4,3,6,6,5,5,6,7,3,6,6,9,3,3,3,3,3,3,3,3,3,3,3,3,3,3,1,0.666666666666667,0.666666666666667,0.666666666666667,1,1,1,1,1,1,1,1,1,1,NA,NA,NA,NA,NA,NA,NA,NA,NA,NA,NA,NA,NA,NA,NA,NA,NA,NA,NA,NA,NA,NA,NA,NA,NA,NA,NA,NA
BRZkeOYb,structure_medium,27,Female,Black,Private sector,"30,001-40,000",Bachelor,3.267,4,1,3.6,5,10,6,7,1,3,3,3,3,3,2,3,3,3,3,3,3,3,2,2,0,1,0,0,3,1,0,2,1,0,2,3,0,3,3,3,3,3,3,3,3,3,3,3,3,3,3,1,1,1,1,1,0.666666666666667,1,1,1,1,1,1,1,0.666666666666667,NA,NA,NA,NA,NA,NA,NA,NA,NA,NA,NA,NA,NA,NA,NA,NA,NA,NA,NA,NA,NA,NA,NA,NA,NA,NA,NA,NA
nbFUyjpy,structure_high,42,Male,Black,Private sector,">60,000",Master,3.067,4,4.5,2.93333333333333,4,1,4,3,5,1,3,3,3,3,3,2,3,3,3,3,3,3,3,2,3,7,5,7,3,4,5,11,5,7,3,9,3,3,3,3,3,3,3,3,3,3,3,3,3,3,3,0.333333333333333,1,1,1,1,1,0.666666666666667,1,1,1,1,1,1,1,NA,NA,NA,NA,NA,NA,NA,NA,NA,NA,NA,NA,NA,NA,NA,NA,NA,NA,NA,NA,NA,NA,NA,NA,NA,NA,NA,NA
gkrqXRAc,information_medium,32,Female,Black,Government/Public sector,"10,001-20,000",Master,3.2,5,10.5,NA,NA,NA,NA,NA,NA,1,0,0,NA,NA,0,0,NA,0,0,0,0,0,0,0,0,0,NA,NA,0,0,NA,0,0,0,0,0,0,3,3,3,NA,NA,3,3,NA,3,3,3,3,3,3,0.333333333333333,0,0,NA,NA,0,0,NA,0,0,0,0,0,0,23391,NA,NA,NA,NA,NA,1122,NA,NA,1476,NA,NA,1208,NA,NA,NA,NA,NA,NA,NA,NA,NA,NA,NA,NA,NA,NA,NA
EsfswoVp,information_medium,24,Male,Black,Student,"20,001-30,000",Bachelor,2.733,5,8.5,NA,NA,NA,NA,NA,NA,3,0,NA,NA,NA,NA,0,2,0,2,0,NA,NA,3,3,0,NA,NA,NA,NA,0,2,0,3,0,NA,NA,4,3,3,NA,NA,NA,NA,3,3,3,3,3,NA,NA,3,1,0,NA,NA,NA,NA,0,0.666666666666667,0,0.666666666666667,0,NA,NA,1,25544,NA,NA,NA,NA,NA,23824,NA,NA,1603,NA,NA,NA,NA,NA,NA,NA,NA,NA,NA,NA,NA,NA,NA,NA,NA,NA,NA
KOwWheyN,assistant_medium,27,Male,Black,Private sector,">60,000",Master,3.067,4,1,3.4,4,6,7,3,3,0,0,0,3,0,1,0,2,0,1,0,1,0,1,0,0,0,1,0,1,0,1,0,0,0,0,0,0,3,3,3,3,3,3,3,3,3,3,3,3,3,3,0,0,0,1,0,0.333333333333333,0,0.666666666666667,0,0.333333333333333,0,0.333333333333333,0,0.333333333333333,NA,NA,NA,NA,NA,NA,NA,NA,NA,NA,NA,NA,NA,NA,26339,NA,NA,13889,NA,NA,3510,NA,NA,20381,NA,NA,3560,NA
IvyeoVHC,information_medium,25,Female,Black,Private sector,"10,001-20,000",Bachelor,3.333,5,6.5,3.26666666666667,5,8,6,1,1,1,0,2,2,2,2,3,2,2,2,2,2,3,1,1,0,1,2,1,2,3,0,3,0,3,0,3,1,3,3,3,3,3,3,3,3,3,3,3,3,3,3,0.333333333333333,0,0.666666666666667,0.666666666666667,0.666666666666667,0.666666666666667,1,0.666666666666667,0.666666666666667,0.666666666666667,0.666666666666667,0.666666666666667,1,0.333333333333333,16207,NA,NA,26520,NA,NA,15682,NA,NA,3587,NA,NA,3777,NA,NA,NA,NA,NA,NA,NA,NA,NA,NA,NA,NA,NA,NA,NA
nJCvpJMq,information_high,32,Male,Black,Private sector,"10,001-20,000",Bachelor,2.867,4,1.5,NA,NA,NA,NA,NA,NA,0,0,1,NA,NA,NA,1,0,0,1,1,0,0,0,0,0,0,NA,NA,NA,0,0,0,0,0,0,0,0,3,3,3,NA,NA,NA,3,3,3,3,3,3,3,3,0,0,0.333333333333333,NA,NA,NA,0.333333333333333,0,0,0.333333333333333,0.333333333333333,0,0,0,17888,28086,2239,NA,NA,NA,5201,2616,2093,3454,2868,3247,3015,3237,NA,NA,NA,NA,NA,NA,NA,NA,NA,NA,NA,NA,NA,NA
KUxIZjaW,information_low,28,Female,Black,Government/Public sector,"<10,000",College diploma,3.133,4,-2.5,3.2,4,-0.5,6,4,6,1,0,0,0,0,0,0,0,0,0,0,0,1,0,0,0,0,0,0,0,0,0,0,0,0,0,1,0,3,3,3,3,3,3,3,3,3,3,3,3,3,3,0.333333333333333,0,0,0,0,0,0,0,0,0,0,0,0.333333333333333,0,5843,NA,NA,NA,NA,NA,NA,NA,NA,NA,NA,NA,NA,NA,NA,NA,NA,NA,NA,NA,NA,NA,NA,NA,NA,NA,NA,NA
zXgNZQQM,structure_high,29,Female,Black,Government/Public sector,"<10,000",Bachelor,3.067,3,0,3.13333333333333,3,0,7,1,2,1,3,1,1,3,1,0,2,1,3,1,1,0,1,0,0,0,0,0,0,0,0,0,0,0,0,0,0,3,3,3,3,3,3,3,3,3,3,3,3,3,3,0.333333333333333,1,0.333333333333333,0.333333333333333,1,0.333333333333333,0,0.666666666666667,0.333333333333333,1,0.333333333333333,0.333333333333333,0,0.333333333333333,NA,NA,NA,NA,NA,NA,NA,NA,NA,NA,NA,NA,NA,NA,NA,NA,NA,NA,NA,NA,NA,NA,NA,NA,NA,NA,NA,NA
ckhlFOSP,structure_high,48,Female,White,Private sector,"30,001-40,000",Bachelor,3.667,5,5.5,4.33333333333333,5,5,5,1,1,3,3,3,3,2,3,3,3,3,3,3,3,2,3,6,6,8,5,11,5,10,6,12,6,13,6,10,6,3,3,3,3,3,3,3,3,3,3,3,3,3,3,1,1,1,1,0.666666666666667,1,1,1,1,1,1,1,0.666666666666667,1,NA,NA,NA,NA,NA,NA,NA,NA,NA,NA,NA,NA,NA,NA,NA,NA,NA,NA,NA,NA,NA,NA,NA,NA,NA,NA,NA,NA
sCzsCATN,assistant_high,20,Male,Other,Student,"<10,000",College diploma,2.533,4,9,NA,NA,NA,NA,NA,NA,0,3,NA,NA,NA,NA,NA,NA,NA,NA,NA,NA,NA,NA,0,2,NA,NA,NA,NA,NA,NA,NA,NA,NA,NA,NA,NA,3,3,NA,NA,NA,NA,NA,NA,NA,NA,NA,NA,NA,NA,0,1,NA,NA,NA,NA,NA,NA,NA,NA,NA,NA,NA,NA,NA,NA,NA,NA,NA,NA,NA,NA,NA,NA,NA,NA,NA,NA,13055,6948,NA,NA,NA,NA,NA,NA,NA,NA,NA,NA,NA,NA
icEjRrrc,information_low,39,Female,White,Student,"10,001-20,000",Doctoral,4.667,2,-2,4.53333333333333,2,-2,1,4,6,1,1,0,0,0,0,0,0,0,0,0,0,0,0,0,1,0,0,0,0,0,0,0,0,0,0,0,0,3,3,3,3,3,3,3,3,3,3,3,3,3,3,0.333333333333333,0.333333333333333,0,0,0,0,0,0,0,0,0,0,0,0,15455,NA,NA,NA,NA,NA,NA,NA,NA,NA,NA,NA,NA,NA,NA,NA,NA,NA,NA,NA,NA,NA,NA,NA,NA,NA,NA,NA
oHrHwdsR,control,27,Female,White,Government/Public sector,"20,001-30,000",Senior high,5,5,10,4.66666666666667,4,5,NA,NA,NA,0,0,0,0,0,0,0,0,0,0,0,0,0,0,0,0,0,0,0,0,0,0,0,0,0,0,0,0,3,3,3,3,3,3,3,3,3,3,3,3,3,3,0,0,0,0,0,0,0,0,0,0,0,0,0,0,NA,NA,NA,NA,NA,NA,NA,NA,NA,NA,NA,NA,NA,NA,NA,NA,NA,NA,NA,NA,NA,NA,NA,NA,NA,NA,NA,NA
cqHqDHss,control,27,Female,Black,Private sector,"30,001-40,000",Bachelor,3.067,5,7.5,3.2,5,1.5,NA,NA,NA,0,0,0,0,0,0,0,0,0,0,0,0,0,0,0,0,0,0,0,0,0,0,0,0,0,0,0,0,3,3,3,3,3,3,3,3,3,3,3,3,3,3,0,0,0,0,0,0,0,0,0,0,0,0,0,0,NA,NA,NA,NA,NA,NA,NA,NA,NA,NA,NA,NA,NA,NA,NA,NA,NA,NA,NA,NA,NA,NA,NA,NA,NA,NA,NA,NA
SHbIwCKd,information_medium,23,Female,Black,Private sector,"20,001-30,000",Bachelor,4.067,4,4,4.2,5,9,7,1,1,1,1,1,1,2,3,2,2,1,2,0,3,2,3,1,4,1,4,2,10,2,7,1,11,0,11,2,16,3,3,3,3,3,3,3,3,3,3,3,3,3,3,0.333333333333333,0.333333333333333,0.333333333333333,0.333333333333333,0.666666666666667,1,0.666666666666667,0.666666666666667,0.333333333333333,0.666666666666667,0,1,0.666666666666667,1,21531,NA,NA,2522,NA,NA,11947,NA,NA,1965,NA,NA,1777,NA,NA,NA,NA,NA,NA,NA,NA,NA,NA,NA,NA,NA,NA,NA
aJjWNETX,assistant_medium,25,Male,Black,Private sector,"20,001-30,000",Bachelor,2.267,5,4,NA,NA,NA,NA,NA,NA,0,0,0,0,0,1,1,0,0,0,0,0,0,NA,0,0,0,0,0,0,1,0,0,0,0,0,0,NA,3,3,3,3,3,3,3,3,3,3,3,3,3,NA,0,0,0,0,0,0.333333333333333,0.333333333333333,0,0,0,0,0,0,NA,NA,NA,NA,NA,NA,NA,NA,NA,NA,NA,NA,NA,NA,NA,5285,NA,NA,2072,NA,NA,2734,NA,NA,3591,NA,NA,3251,NA
ZqytDCbk,assistant_medium,22,Male,Black,Private sector,"40,001-60,000",Bachelor,3.667,5,10,4.26666666666667,5,13.5,7,2,2,1,2,2,3,1,0,0,2,0,3,0,2,1,2,1,2,6,3,2,0,0,2,0,5,0,2,2,3,3,3,3,3,3,3,3,3,3,3,3,3,3,3,0.333333333333333,0.666666666666667,0.666666666666667,1,0.333333333333333,0,0,0.666666666666667,0,1,0,0.666666666666667,0.333333333333333,0.666666666666667,NA,NA,NA,NA,NA,NA,NA,NA,NA,NA,NA,NA,NA,NA,10250,NA,NA,18581,NA,NA,13230,NA,NA,14671,NA,NA,10227,NA
VuSioHXq,assistant_medium,29,Male,Black,Private sector,"30,001-40,000",Bachelor,3.4,4,0.5,3.2,5,3,5,1,2,0,3,3,3,3,3,3,3,3,3,3,2,3,3,0,5,4,2,9,6,5,3,8,6,8,1,10,5,3,3,3,3,3,3,3,3,3,3,3,3,3,3,0,1,1,1,1,1,1,1,1,1,1,0.666666666666667,1,1,NA,NA,NA,NA,NA,NA,NA,NA,NA,NA,NA,NA,NA,NA,23825,NA,NA,31686,NA,NA,28250,NA,NA,12442,NA,NA,16156,NA
gBzAWlRt,assistant_low,42,Female,White,Government/Public sector,"20,001-30,000",Master,3.533,4,3.5,NA,NA,NA,NA,NA,NA,2,NA,3,0,3,2,2,0,2,0,3,NA,3,0,6,NA,6,0,6,9,6,0,6,0,6,NA,6,0,3,NA,3,3,3,3,3,3,3,3,3,NA,3,3,0.666666666666667,NA,1,0,1,0.666666666666667,0.666666666666667,0,0.666666666666667,0,1,NA,1,0,NA,NA,NA,NA,NA,NA,NA,NA,NA,NA,NA,NA,NA,NA,15631,NA,NA,NA,NA,NA,NA,NA,NA,NA,NA,NA,NA,NA
NCwwGKlc,structure_medium,47,Female,Asian,Self-employed/Freelancer,"10,001-20,000",Senior high,3.333,5,7,2.86666666666667,5,8,4,4,4,1,0,0,1,0,0,0,0,0,0,0,0,0,0,2,0,0,2,0,0,0,0,0,0,0,0,0,0,3,3,3,3,3,3,3,3,3,3,3,3,3,3,0.333333333333333,0,0,0.333333333333333,0,0,0,0,0,0,0,0,0,0,NA,NA,NA,NA,NA,NA,NA,NA,NA,NA,NA,NA,NA,NA,NA,NA,NA,NA,NA,NA,NA,NA,NA,NA,NA,NA,NA,NA
sJfUqzNJ,assistant_low,23,Female,Black,Government/Public sector,"20,001-30,000",Bachelor,3.067,4,0,3.2,4,2,6,2,3,1,1,1,2,0,1,1,2,2,1,0,2,0,0,1,0,0,4,0,1,0,6,1,5,0,4,0,0,3,3,3,3,3,3,3,3,3,3,3,3,3,3,0.333333333333333,0.333333333333333,0.333333333333333,0.666666666666667,0,0.333333333333333,0.333333333333333,0.666666666666667,0.666666666666667,0.333333333333333,0,0.666666666666667,0,0,NA,NA,NA,NA,NA,NA,NA,NA,NA,NA,NA,NA,NA,NA,12695,NA,NA,NA,NA,NA,NA,NA,NA,NA,NA,NA,NA,NA
YtRdvHJH,information_high,27,Female,White,Self-employed/Freelancer,"20,001-30,000",Bachelor,3.267,4,3,NA,NA,NA,NA,NA,NA,1,1,NA,NA,2,0,NA,0,NA,NA,3,NA,3,0,1,1,NA,NA,2,0,NA,0,NA,NA,3,NA,6,0,3,3,NA,NA,3,3,NA,3,NA,NA,3,NA,3,3,0.333333333333333,0.333333333333333,NA,NA,0.666666666666667,0,NA,0,NA,NA,1,NA,1,0,2616,5221,NA,NA,2163,2059,NA,2468,NA,NA,9920,NA,1306,2057,NA,NA,NA,NA,NA,NA,NA,NA,NA,NA,NA,NA,NA,NA
opHqPyhX,information_medium,55,Female,Mixed,Other,NA,College diploma,4.333,4,2,NA,NA,NA,NA,NA,NA,3,NA,NA,NA,NA,NA,NA,NA,NA,NA,NA,NA,NA,NA,3,NA,NA,NA,NA,NA,NA,NA,NA,NA,NA,NA,NA,NA,3,NA,NA,NA,NA,NA,NA,NA,NA,NA,NA,NA,NA,NA,1,NA,NA,NA,NA,NA,NA,NA,NA,NA,NA,NA,NA,NA,6140,NA,NA,NA,NA,NA,NA,NA,NA,NA,NA,NA,NA,NA,NA,NA,NA,NA,NA,NA,NA,NA,NA,NA,NA,NA,NA,NA
iHSXcJbr,information_medium,59,Female,Other,Other,NA,Senior high,3.4,4,1,3,4,1,4,4,4,3,3,3,3,2,3,2,3,3,3,3,3,3,3,2,0,3,3,2,8,3,4,5,4,3,8,3,6,3,3,3,3,3,3,3,3,3,3,3,3,3,3,1,1,1,1,0.666666666666667,1,0.666666666666667,1,1,1,1,1,1,1,11913,NA,NA,14490,NA,NA,13044,NA,NA,5937,NA,NA,8008,NA,NA,NA,NA,NA,NA,NA,NA,NA,NA,NA,NA,NA,NA,NA
hpCaSEGz,information_high,22,Male,Black,Private sector,">60,000",Bachelor,3.933,4,4.5,NA,NA,NA,NA,NA,NA,0,NA,NA,3,3,0,0,0,0,0,0,1,0,0,0,NA,NA,0,0,0,0,0,0,0,0,0,0,0,3,NA,NA,3,3,3,3,3,3,3,3,3,3,3,0,NA,NA,1,1,0,0,0,0,0,0,0.333333333333333,0,0,79575,NA,NA,12860,44069,13395,5228,4645,4325,1193,1191,7661,2221,2477,NA,NA,NA,NA,NA,NA,NA,NA,NA,NA,NA,NA,NA,NA
WrorlZXA,structure_low,19,Female,Black,Private sector,">60,000",Master,2.867,5,6,NA,NA,NA,NA,NA,NA,0,0,2,0,0,0,0,0,0,0,NA,NA,NA,NA,0,0,2,0,0,0,0,0,0,0,NA,NA,NA,NA,3,3,3,3,3,3,3,3,3,3,NA,NA,NA,NA,0,0,0.666666666666667,0,0,0,0,0,0,0,NA,NA,NA,NA,NA,NA,NA,NA,NA,NA,NA,NA,NA,NA,NA,NA,NA,NA,NA,NA,NA,NA,NA,NA,NA,NA,NA,NA,NA,NA,NA,NA
PqPyfJFC,assistant_low,37,Female,Black,Private sector,"30,001-40,000",Master,2.8,5,2.5,NA,NA,NA,NA,NA,NA,3,1,3,0,3,0,NA,0,0,NA,0,0,0,0,2,0,4,0,2,0,NA,0,0,NA,0,0,0,0,3,3,3,3,3,3,NA,3,3,NA,3,3,3,3,1,0.333333333333333,1,0,1,0,NA,0,0,NA,0,0,0,0,NA,NA,NA,NA,NA,NA,NA,NA,NA,NA,NA,NA,NA,NA,6094,NA,NA,NA,NA,NA,NA,NA,NA,NA,NA,NA,NA,NA
RRKaaytj,information_medium,21,Male,White,Student,"10,001-20,000",Senior high,4.467,2,0,4.26666666666667,2,5,2,1,2,0,0,0,0,0,0,0,0,0,0,0,0,0,0,0,0,0,0,0,0,0,0,0,0,0,0,0,0,3,3,3,3,3,3,3,3,3,3,3,3,3,3,0,0,0,0,0,0,0,0,0,0,0,0,0,0,7485,NA,NA,7772,NA,NA,6794,NA,NA,6156,NA,NA,8793,NA,NA,NA,NA,NA,NA,NA,NA,NA,NA,NA,NA,NA,NA,NA
VFNczRbs,structure_high,29,Female,White,Self-employed/Freelancer,"20,001-30,000",Bachelor,4.333,2,1,3.86666666666667,2,6,2,2,2,3,2,2,0,3,1,3,0,3,1,3,1,3,2,7,4,6,0,9,2,12,0,8,0,14,0,10,1,3,3,3,3,3,3,3,3,3,3,3,3,3,3,1,0.666666666666667,0.666666666666667,0,1,0.333333333333333,1,0,1,0.333333333333333,1,0.333333333333333,1,0.666666666666667,NA,NA,NA,NA,NA,NA,NA,NA,NA,NA,NA,NA,NA,NA,NA,NA,NA,NA,NA,NA,NA,NA,NA,NA,NA,NA,NA,NA
HlSqsCkD,information_high,34,Female,White,Self-employed/Freelancer,"20,001-30,000",Senior high,4.2,5,6,NA,NA,NA,NA,NA,NA,3,0,1,3,1,2,0,2,NA,3,1,NA,3,0,5,0,4,6,0,4,0,4,NA,6,3,NA,9,0,3,3,3,3,3,3,3,3,NA,3,3,NA,3,3,1,0,0.333333333333333,1,0.333333333333333,0.666666666666667,0,0.666666666666667,NA,1,0.333333333333333,NA,1,0,7185,6965,1221,1284,910,1463,1924,1066,NA,1847,966,NA,2381,946,NA,NA,NA,NA,NA,NA,NA,NA,NA,NA,NA,NA,NA,NA
AkwZzgeQ,information_medium,29,Male,White,Private sector,">60,000",Master,3.8,3,0.5,NA,NA,NA,NA,NA,NA,3,NA,NA,NA,NA,NA,NA,0,NA,NA,NA,NA,NA,NA,7,NA,NA,NA,NA,NA,NA,0,NA,NA,NA,NA,NA,NA,3,NA,NA,NA,NA,NA,NA,3,NA,NA,NA,NA,NA,NA,1,NA,NA,NA,NA,NA,NA,0,NA,NA,NA,NA,NA,NA,4694,NA,NA,NA,NA,NA,NA,NA,NA,NA,NA,NA,NA,NA,NA,NA,NA,NA,NA,NA,NA,NA,NA,NA,NA,NA,NA,NA
PbhSSQyu,information_high,30,Male,Black,Private sector,"30,001-40,000",Bachelor,3,4,6,3.13333333333333,5,7.5,5,4,5,1,3,3,3,3,3,3,3,3,3,3,1,3,3,1,3,3,11,6,7,5,11,3,8,4,1,4,15,3,3,3,3,3,3,3,3,3,3,3,3,3,3,0.333333333333333,1,1,1,1,1,1,1,1,1,1,0.333333333333333,1,1,22499,6149,11672,4509,2866,13621,5045,3406,14442,11272,4259,3053,5154,4033,NA,NA,NA,NA,NA,NA,NA,NA,NA,NA,NA,NA,NA,NA
jVxBRjed,information_high,31,Male,Black,Private sector,"30,001-40,000",Master,3.4,4,1.5,NA,NA,NA,NA,NA,NA,1,1,0,0,NA,NA,2,0,0,3,0,0,NA,0,1,2,0,0,NA,NA,3,0,0,2,0,0,NA,0,3,3,3,3,NA,NA,3,3,3,3,3,3,NA,3,0.333333333333333,0.333333333333333,0,0,NA,NA,0.666666666666667,0,0,1,0,0,NA,0,12172,12505,2402,3241,NA,NA,16673,8680,5751,3184,7523,2828,NA,6355,NA,NA,NA,NA,NA,NA,NA,NA,NA,NA,NA,NA,NA,NA
IKUXpsZS,structure_low,36,Female,Black,Private sector,">60,000",Master,2.133,4,8,2.4,4,8.5,3,3,6,1,1,1,1,1,0,1,1,1,1,1,0,0,1,2,1,2,1,3,0,3,1,3,1,3,0,0,1,3,3,3,3,3,3,3,3,3,3,3,3,3,3,0.333333333333333,0.333333333333333,0.333333333333333,0.333333333333333,0.333333333333333,0,0.333333333333333,0.333333333333333,0.333333333333333,0.333333333333333,0.333333333333333,0,0,0.333333333333333,NA,NA,NA,NA,NA,NA,NA,NA,NA,NA,NA,NA,NA,NA,NA,NA,NA,NA,NA,NA,NA,NA,NA,NA,NA,NA,NA,NA
oquWHpCY,information_high,27,Male,Black,Private sector,"30,001-40,000",Master,3.133,5,9,3.53333333333333,5,13,7,3,2,2,3,2,2,2,2,2,2,2,2,2,2,2,2,2,7,3,6,3,8,4,9,3,8,2,9,4,9,3,3,3,3,3,3,3,3,3,3,3,3,3,3,0.666666666666667,1,0.666666666666667,0.666666666666667,0.666666666666667,0.666666666666667,0.666666666666667,0.666666666666667,0.666666666666667,0.666666666666667,0.666666666666667,0.666666666666667,0.666666666666667,0.666666666666667,63173,27375,7819,19770,37050,14775,3651,4303,4030,4340,3351,7383,4442,7936,NA,NA,NA,NA,NA,NA,NA,NA,NA,NA,NA,NA,NA,NA
YnZbnOKa,structure_high,31,Male,Black,Private sector,">60,000",Master,3.2,5,9,NA,NA,NA,NA,NA,NA,1,1,2,1,3,2,NA,1,2,NA,2,NA,1,0,1,3,2,0,2,3,NA,3,2,NA,2,NA,1,0,3,3,3,3,3,3,NA,3,3,NA,3,NA,3,3,0.333333333333333,0.333333333333333,0.666666666666667,0.333333333333333,1,0.666666666666667,NA,0.333333333333333,0.666666666666667,NA,0.666666666666667,NA,0.333333333333333,0,NA,NA,NA,NA,NA,NA,NA,NA,NA,NA,NA,NA,NA,NA,NA,NA,NA,NA,NA,NA,NA,NA,NA,NA,NA,NA,NA,NA
nChVkBip,information_low,21,Female,Black,Student,">60,000",Bachelor,3.333,4,0,NA,NA,NA,NA,NA,NA,0,NA,0,NA,0,1,0,NA,0,1,0,NA,NA,NA,0,NA,0,NA,0,2,0,NA,0,3,0,NA,NA,NA,3,NA,3,NA,3,3,3,NA,3,3,3,NA,NA,NA,0,NA,0,NA,0,0.333333333333333,0,NA,0,0.333333333333333,0,NA,NA,NA,7188,NA,NA,NA,NA,NA,NA,NA,NA,NA,NA,NA,NA,NA,NA,NA,NA,NA,NA,NA,NA,NA,NA,NA,NA,NA,NA,NA
AuCKKNjS,assistant_medium,37,Male,Black,Government/Public sector,"40,001-60,000",Master,3.333,5,9.5,NA,NA,NA,NA,NA,NA,1,NA,1,3,NA,NA,0,3,0,3,0,NA,0,0,0,NA,0,3,NA,NA,0,3,0,3,0,NA,0,0,3,NA,3,3,NA,NA,3,3,3,3,3,NA,3,3,0.333333333333333,NA,0.333333333333333,1,NA,NA,0,1,0,1,0,NA,0,0,NA,NA,NA,NA,NA,NA,NA,NA,NA,NA,NA,NA,NA,NA,22438,NA,NA,5467,NA,NA,3859,NA,NA,2803,NA,NA,29664,NA
tqXcnRnP,assistant_medium,23,Male,Black,Private sector,"30,001-40,000",Bachelor,3.533,5,6,NA,NA,NA,NA,NA,NA,1,2,1,1,0,2,0,2,0,1,1,2,0,NA,3,0,1,3,0,2,0,4,0,4,2,5,0,NA,3,3,3,3,3,3,3,3,3,3,3,3,3,NA,0.333333333333333,0.666666666666667,0.333333333333333,0.333333333333333,0,0.666666666666667,0,0.666666666666667,0,0.333333333333333,0.333333333333333,0.666666666666667,0,NA,NA,NA,NA,NA,NA,NA,NA,NA,NA,NA,NA,NA,NA,NA,2452,NA,NA,14173,NA,NA,5846,NA,NA,17097,NA,NA,4285,NA
pcYMtlMP,structure_low,38,Female,Black,Private sector,"40,001-60,000",Bachelor,3.867,5,9,NA,NA,NA,NA,NA,NA,3,2,2,2,3,3,3,NA,NA,NA,NA,NA,NA,NA,6,0,4,3,6,3,2,NA,NA,NA,NA,NA,NA,NA,3,3,3,3,3,3,3,NA,NA,NA,NA,NA,NA,NA,1,0.666666666666667,0.666666666666667,0.666666666666667,1,1,1,NA,NA,NA,NA,NA,NA,NA,NA,NA,NA,NA,NA,NA,NA,NA,NA,NA,NA,NA,NA,NA,NA,NA,NA,NA,NA,NA,NA,NA,NA,NA,NA,NA,NA,NA
OFnUtaCC,structure_high,52,Female,Black,Private sector,"30,001-40,000",Bachelor,3.333,4,6,3.4,4,8.5,5,2,1,1,0,1,0,1,1,3,1,2,0,3,1,0,1,0,0,1,0,1,0,2,0,3,0,2,0,0,0,3,3,3,3,3,3,3,3,3,3,3,3,3,3,0.333333333333333,0,0.333333333333333,0,0.333333333333333,0.333333333333333,1,0.333333333333333,0.666666666666667,0,1,0.333333333333333,0,0.333333333333333,NA,NA,NA,NA,NA,NA,NA,NA,NA,NA,NA,NA,NA,NA,NA,NA,NA,NA,NA,NA,NA,NA,NA,NA,NA,NA,NA,NA
vBCBTuVp,information_low,35,Female,Black,Private sector,"<10,000",Bachelor,3.4,5,2,NA,NA,NA,NA,NA,NA,0,1,0,0,0,0,0,0,0,0,0,NA,0,0,0,0,0,0,0,0,0,0,0,0,0,NA,0,0,3,3,3,3,3,3,3,3,3,3,3,NA,3,3,0,0.333333333333333,0,0,0,0,0,0,0,0,0,NA,0,0,14721,NA,NA,NA,NA,NA,NA,NA,NA,NA,NA,NA,NA,NA,NA,NA,NA,NA,NA,NA,NA,NA,NA,NA,NA,NA,NA,NA
ZiVOpDIM,structure_high,61,Male,Black,Government/Public sector,">60,000",Master,2.8,5,1.5,NA,NA,NA,NA,NA,NA,3,2,1,1,0,NA,0,0,1,0,1,1,NA,1,0,0,0,0,0,NA,0,0,0,0,0,0,NA,0,3,3,3,3,3,NA,3,3,3,3,3,3,NA,3,1,0.666666666666667,0.333333333333333,0.333333333333333,0,NA,0,0,0.333333333333333,0,0.333333333333333,0.333333333333333,NA,0.333333333333333,NA,NA,NA,NA,NA,NA,NA,NA,NA,NA,NA,NA,NA,NA,NA,NA,NA,NA,NA,NA,NA,NA,NA,NA,NA,NA,NA,NA
HwFcBoGt,assistant_low,29,Female,Black,Private sector,">60,000",Master,4.133,5,3.5,NA,NA,NA,NA,NA,NA,2,3,1,3,0,3,0,1,0,2,0,0,NA,1,0,2,0,3,0,3,0,2,0,3,0,0,NA,2,3,3,3,3,3,3,3,3,3,3,3,3,NA,3,0.666666666666667,1,0.333333333333333,1,0,1,0,0.333333333333333,0,0.666666666666667,0,0,NA,0.333333333333333,NA,NA,NA,NA,NA,NA,NA,NA,NA,NA,NA,NA,NA,NA,7956,NA,NA,NA,NA,NA,NA,NA,NA,NA,NA,NA,NA,NA
NasYAScs,assistant_low,26,Male,Black,Student,"<10,000",Master,3.2,4,5,NA,NA,NA,NA,NA,NA,0,0,1,1,1,NA,NA,NA,NA,NA,NA,NA,NA,NA,0,0,1,3,0,NA,NA,NA,NA,NA,NA,NA,NA,NA,3,3,3,3,3,NA,NA,NA,NA,NA,NA,NA,NA,NA,0,0,0.333333333333333,0.333333333333333,0.333333333333333,NA,NA,NA,NA,NA,NA,NA,NA,NA,NA,NA,NA,NA,NA,NA,NA,NA,NA,NA,NA,NA,NA,NA,5707,NA,NA,NA,NA,NA,NA,NA,NA,NA,NA,NA,NA,NA
MOOKRedL,information_low,44,Male,Black,Private sector,">60,000",Senior high,2.667,5,11,2.86666666666667,5,6.5,6,1,1,0,0,1,0,0,1,0,1,0,0,1,0,0,0,0,0,0,0,0,1,0,3,0,0,2,0,0,0,3,3,3,3,3,3,3,3,3,3,3,3,3,3,0,0,0.333333333333333,0,0,0.333333333333333,0,0.333333333333333,0,0,0.333333333333333,0,0,0,13110,NA,NA,NA,NA,NA,NA,NA,NA,NA,NA,NA,NA,NA,NA,NA,NA,NA,NA,NA,NA,NA,NA,NA,NA,NA,NA,NA
SIYrzaFx,control,46,Female,Black,Government/Public sector,"20,001-30,000",Bachelor,3.133,4,5.5,NA,NA,NA,NA,NA,NA,0,NA,0,NA,0,1,0,NA,0,1,0,NA,NA,NA,0,NA,0,NA,0,1,0,NA,0,0,0,NA,NA,NA,3,NA,3,NA,3,3,3,NA,3,3,3,NA,NA,NA,0,NA,0,NA,0,0.333333333333333,0,NA,0,0.333333333333333,0,NA,NA,NA,NA,NA,NA,NA,NA,NA,NA,NA,NA,NA,NA,NA,NA,NA,NA,NA,NA,NA,NA,NA,NA,NA,NA,NA,NA,NA,NA,NA
MxJQXZbU,structure_low,29,Female,Black,Private sector,"20,001-30,000",Bachelor,3.667,5,13,NA,NA,NA,NA,NA,NA,2,NA,0,2,1,2,0,2,NA,1,1,NA,NA,3,1,NA,0,2,2,3,0,3,NA,1,2,NA,NA,3,3,NA,3,3,3,3,3,3,NA,3,3,NA,NA,3,0.666666666666667,NA,0,0.666666666666667,0.333333333333333,0.666666666666667,0,0.666666666666667,NA,0.333333333333333,0.333333333333333,NA,NA,1,NA,NA,NA,NA,NA,NA,NA,NA,NA,NA,NA,NA,NA,NA,NA,NA,NA,NA,NA,NA,NA,NA,NA,NA,NA,NA,NA,NA
xPvgOPol,control,57,Male,White,Private sector,"30,001-40,000",Bachelor,2.267,5,9,2.53333333333333,5,5,NA,NA,NA,0,0,1,1,0,1,1,0,0,0,0,1,0,1,0,0,1,2,0,2,2,0,0,0,0,1,0,3,3,3,3,3,3,3,3,3,3,3,3,3,3,3,0,0,0.333333333333333,0.333333333333333,0,0.333333333333333,0.333333333333333,0,0,0,0,0.333333333333333,0,0.333333333333333,NA,NA,NA,NA,NA,NA,NA,NA,NA,NA,NA,NA,NA,NA,NA,NA,NA,NA,NA,NA,NA,NA,NA,NA,NA,NA,NA,NA
Ovqpjtdc,structure_low,19,Female,Black,Government/Public sector,">60,000",Doctoral,3.467,5,8.5,3.26666666666667,5,9,7,1,1,2,1,1,1,1,1,1,1,1,1,1,0,1,1,1,1,2,3,1,3,1,2,1,5,1,0,1,5,3,3,3,3,3,3,3,3,3,3,3,3,3,3,0.666666666666667,0.333333333333333,0.333333333333333,0.333333333333333,0.333333333333333,0.333333333333333,0.333333333333333,0.333333333333333,0.333333333333333,0.333333333333333,0.333333333333333,0,0.333333333333333,0.333333333333333,NA,NA,NA,NA,NA,NA,NA,NA,NA,NA,NA,NA,NA,NA,NA,NA,NA,NA,NA,NA,NA,NA,NA,NA,NA,NA,NA,NA
FlIqluLV,assistant_low,39,Female,Black,Private sector,"10,001-20,000",Master,2.667,4,1,3,4,4.5,4,2,1,3,1,2,0,3,0,3,0,0,0,0,0,0,1,2,0,1,0,2,0,2,0,0,0,0,0,0,0,3,3,3,3,3,3,3,3,3,3,3,3,3,3,1,0.333333333333333,0.666666666666667,0,1,0,1,0,0,0,0,0,0,0.333333333333333,NA,NA,NA,NA,NA,NA,NA,NA,NA,NA,NA,NA,NA,NA,13485,NA,NA,NA,NA,NA,NA,NA,NA,NA,NA,NA,NA,NA
yIaLiHbz,control,32,Female,Black,Self-employed/Freelancer,"10,001-20,000",Bachelor,3.867,4,7,NA,NA,NA,NA,NA,NA,0,0,0,NA,0,0,0,0,0,0,NA,NA,NA,0,0,0,0,NA,0,0,0,0,0,0,NA,NA,NA,0,3,3,3,NA,3,3,3,3,3,3,NA,NA,NA,3,0,0,0,NA,0,0,0,0,0,0,NA,NA,NA,0,NA,NA,NA,NA,NA,NA,NA,NA,NA,NA,NA,NA,NA,NA,NA,NA,NA,NA,NA,NA,NA,NA,NA,NA,NA,NA,NA,NA
NuMdeKZj,information_low,43,Female,Mixed,Government/Public sector,"30,001-40,000",Doctoral,3,2,-2,NA,NA,NA,NA,NA,NA,1,1,2,1,NA,NA,NA,NA,NA,NA,NA,NA,NA,NA,1,0,3,5,NA,NA,NA,NA,NA,NA,NA,NA,NA,NA,3,3,3,3,NA,NA,NA,NA,NA,NA,NA,NA,NA,NA,0.333333333333333,0.333333333333333,0.666666666666667,0.333333333333333,NA,NA,NA,NA,NA,NA,NA,NA,NA,NA,3929,NA,NA,NA,NA,NA,NA,NA,NA,NA,NA,NA,NA,NA,NA,NA,NA,NA,NA,NA,NA,NA,NA,NA,NA,NA,NA,NA
FGLTeMiD,information_medium,37,Female,Black,Government/Public sector,">60,000",Bachelor,3.133,5,0,NA,NA,NA,NA,NA,NA,1,2,0,0,0,0,0,0,0,0,0,0,0,NA,1,1,0,0,0,0,0,0,0,0,0,0,0,NA,3,3,3,3,3,3,3,3,3,3,3,3,3,NA,0.333333333333333,0.666666666666667,0,0,0,0,0,0,0,0,0,0,0,NA,8836,NA,NA,1641,NA,NA,1358,NA,NA,8441,NA,NA,1140,NA,NA,NA,NA,NA,NA,NA,NA,NA,NA,NA,NA,NA,NA,NA
HfYVEXaM,assistant_low,22,Female,White,Self-employed/Freelancer,"<10,000",Bachelor,3.667,5,6,NA,NA,NA,NA,NA,NA,3,3,3,NA,3,NA,2,2,NA,3,NA,NA,NA,2,6,7,7,NA,9,NA,11,8,NA,10,NA,NA,NA,9,3,3,3,NA,3,NA,3,3,NA,3,NA,NA,NA,3,1,1,1,NA,1,NA,0.666666666666667,0.666666666666667,NA,1,NA,NA,NA,0.666666666666667,NA,NA,NA,NA,NA,NA,NA,NA,NA,NA,NA,NA,NA,NA,12528,NA,NA,NA,NA,NA,NA,NA,NA,NA,NA,NA,NA,NA
ZtANHMry,assistant_low,27,Female,White,Private sector,"40,001-60,000",Master,3.733,4,9.5,NA,NA,NA,NA,NA,NA,3,NA,NA,3,2,2,2,3,1,2,3,NA,1,2,9,NA,NA,6,8,6,11,9,5,6,11,NA,4,8,3,NA,NA,3,3,3,3,3,3,3,3,NA,3,3,1,NA,NA,1,0.666666666666667,0.666666666666667,0.666666666666667,1,0.333333333333333,0.666666666666667,1,NA,0.333333333333333,0.666666666666667,NA,NA,NA,NA,NA,NA,NA,NA,NA,NA,NA,NA,NA,NA,19169,NA,NA,NA,NA,NA,NA,NA,NA,NA,NA,NA,NA,NA
ubSdvHMb,information_low,21,Female,Black,Private sector,"30,001-40,000",Bachelor,2.133,4,3.5,NA,NA,NA,NA,NA,NA,1,NA,0,0,0,0,0,0,NA,0,NA,NA,NA,NA,0,NA,0,0,0,0,0,0,NA,0,NA,NA,NA,NA,3,NA,3,3,3,3,3,3,NA,3,NA,NA,NA,NA,0.333333333333333,NA,0,0,0,0,0,0,NA,0,NA,NA,NA,NA,2873,NA,NA,NA,NA,NA,NA,NA,NA,NA,NA,NA,NA,NA,NA,NA,NA,NA,NA,NA,NA,NA,NA,NA,NA,NA,NA,NA
lYIvElSN,structure_high,24,Male,Black,Private sector,"20,001-30,000",Bachelor,3.267,4,7,2.8,3,2,6,6,6,2,1,1,1,0,1,2,1,3,0,0,0,1,1,3,0,0,0,0,0,3,1,3,0,0,0,0,0,3,3,3,3,3,3,3,3,3,3,3,3,3,3,0.666666666666667,0.333333333333333,0.333333333333333,0.333333333333333,0,0.333333333333333,0.666666666666667,0.333333333333333,1,0,0,0,0.333333333333333,0.333333333333333,NA,NA,NA,NA,NA,NA,NA,NA,NA,NA,NA,NA,NA,NA,NA,NA,NA,NA,NA,NA,NA,NA,NA,NA,NA,NA,NA,NA
vAVnZSDb,assistant_medium,23,Female,Black,Private sector,">60,000",Bachelor,3.333,4,0,3,4,3,7,5,6,0,0,1,0,0,0,0,0,1,0,0,0,0,0,0,0,0,0,0,0,0,0,1,0,0,0,0,0,3,3,3,3,3,3,3,3,3,3,3,3,3,3,0,0,0.333333333333333,0,0,0,0,0,0.333333333333333,0,0,0,0,0,NA,NA,NA,NA,NA,NA,NA,NA,NA,NA,NA,NA,NA,NA,19713,NA,NA,14082,NA,NA,23490,NA,NA,16950,NA,NA,14217,NA
MTRUGVKQ,structure_medium,22,Female,Black,Private sector,"10,001-20,000",Bachelor,3.667,5,9,NA,NA,NA,NA,NA,NA,2,NA,0,0,NA,0,0,0,0,0,0,NA,0,0,1,NA,0,0,NA,0,0,0,0,0,0,NA,0,0,3,NA,3,3,NA,3,3,3,3,3,3,NA,3,3,0.666666666666667,NA,0,0,NA,0,0,0,0,0,0,NA,0,0,NA,NA,NA,NA,NA,NA,NA,NA,NA,NA,NA,NA,NA,NA,NA,NA,NA,NA,NA,NA,NA,NA,NA,NA,NA,NA,NA,NA
JZyTCxqq,assistant_low,25,Female,Black,Private sector,"40,001-60,000",Bachelor,3.533,4,1.5,NA,NA,NA,NA,NA,NA,3,0,0,0,NA,NA,NA,NA,NA,NA,NA,NA,NA,NA,2,0,0,0,NA,NA,NA,NA,NA,NA,NA,NA,NA,NA,3,3,3,3,NA,NA,NA,NA,NA,NA,NA,NA,NA,NA,1,0,0,0,NA,NA,NA,NA,NA,NA,NA,NA,NA,NA,NA,NA,NA,NA,NA,NA,NA,NA,NA,NA,NA,NA,NA,NA,2447,NA,NA,NA,NA,NA,NA,NA,NA,NA,NA,NA,NA,NA
LsCtkUMk,assistant_high,20,Male,Black,Student,"<10,000",College diploma,3,4,6.5,NA,NA,NA,NA,NA,NA,1,1,3,3,3,3,NA,1,NA,NA,NA,NA,NA,NA,3,0,1,2,2,1,NA,0,NA,NA,NA,NA,NA,NA,3,3,3,3,3,3,NA,3,NA,NA,NA,NA,NA,NA,0.333333333333333,0.333333333333333,1,1,1,1,NA,0.333333333333333,NA,NA,NA,NA,NA,NA,NA,NA,NA,NA,NA,NA,NA,NA,NA,NA,NA,NA,NA,NA,3688,2918,1788,2095,4110,2134,NA,3339,NA,NA,NA,NA,NA,NA
ZFLHIBFQ,structure_low,37,Male,Black,Government/Public sector,">60,000",Master,3.333,4,1.5,3.13333333333333,4,2,7,1,1,2,0,1,0,0,1,1,1,0,0,0,0,0,0,1,0,1,0,0,3,0,3,0,0,0,0,0,0,3,3,3,3,3,3,3,3,3,3,3,3,3,3,0.666666666666667,0,0.333333333333333,0,0,0.333333333333333,0.333333333333333,0.333333333333333,0,0,0,0,0,0,NA,NA,NA,NA,NA,NA,NA,NA,NA,NA,NA,NA,NA,NA,NA,NA,NA,NA,NA,NA,NA,NA,NA,NA,NA,NA,NA,NA
oYyZZPqY,information_medium,21,Female,Black,Private sector,">60,000",Master,3.533,5,9.5,3.86666666666667,5,12,6,2,2,0,1,3,1,3,0,3,0,3,1,1,0,1,0,0,3,1,3,2,0,2,0,1,3,1,0,1,0,3,3,3,3,3,3,3,3,3,3,3,3,3,3,0,0.333333333333333,1,0.333333333333333,1,0,1,0,1,0.333333333333333,0.333333333333333,0,0.333333333333333,0,20112,NA,NA,6092,NA,NA,5219,NA,NA,1909,NA,NA,12732,NA,NA,NA,NA,NA,NA,NA,NA,NA,NA,NA,NA,NA,NA,NA
HVyGeBQO,information_low,29,Female,Black,Private sector,"40,001-60,000",Bachelor,2.933,4,5.5,NA,NA,NA,NA,NA,NA,2,NA,0,NA,NA,NA,1,1,0,NA,NA,NA,0,NA,1,NA,0,NA,NA,NA,0,0,0,NA,NA,NA,0,NA,3,NA,3,NA,NA,NA,3,3,3,NA,NA,NA,3,NA,0.666666666666667,NA,0,NA,NA,NA,0.333333333333333,0.333333333333333,0,NA,NA,NA,0,NA,51914,NA,NA,NA,NA,NA,NA,NA,NA,NA,NA,NA,NA,NA,NA,NA,NA,NA,NA,NA,NA,NA,NA,NA,NA,NA,NA,NA
mMmfYjAF,structure_low,26,Male,Black,Government/Public sector,"10,001-20,000",Bachelor,3.333,2,6,NA,NA,NA,NA,NA,NA,0,NA,NA,NA,0,NA,NA,NA,NA,NA,NA,NA,NA,0,0,NA,NA,NA,0,NA,NA,NA,NA,NA,NA,NA,NA,0,3,NA,NA,NA,3,NA,NA,NA,NA,NA,NA,NA,NA,3,0,NA,NA,NA,0,NA,NA,NA,NA,NA,NA,NA,NA,0,NA,NA,NA,NA,NA,NA,NA,NA,NA,NA,NA,NA,NA,NA,NA,NA,NA,NA,NA,NA,NA,NA,NA,NA,NA,NA,NA,NA
rnZulvbF,information_high,60,Female,Black,Government/Public sector,">60,000",Doctoral,3.467,4,7.5,4.2,5,12,6,3,3,2,3,3,2,3,3,3,3,3,3,3,3,3,3,2,3,4,0,6,5,5,5,5,1,5,5,4,7,3,3,3,3,3,3,3,3,3,3,3,3,3,3,0.666666666666667,1,1,0.666666666666667,1,1,1,1,1,1,1,1,1,1,44857,10372,6578,6913,2670,5302,4336,3223,2870,112920,58187,3725,3390,4859,NA,NA,NA,NA,NA,NA,NA,NA,NA,NA,NA,NA,NA,NA
eCIjzICn,assistant_medium,26,Male,Black,Government/Public sector,"40,001-60,000",Bachelor,3.067,5,8,NA,NA,NA,NA,NA,NA,2,NA,NA,NA,NA,NA,2,NA,NA,NA,NA,NA,NA,NA,0,NA,NA,NA,NA,NA,1,NA,NA,NA,NA,NA,NA,NA,3,NA,NA,NA,NA,NA,3,NA,NA,NA,NA,NA,NA,NA,0.666666666666667,NA,NA,NA,NA,NA,0.666666666666667,NA,NA,NA,NA,NA,NA,NA,NA,NA,NA,NA,NA,NA,NA,NA,NA,NA,NA,NA,NA,NA,12383,NA,NA,NA,NA,NA,4177,NA,NA,NA,NA,NA,NA,NA
yczLKbrd,assistant_medium,30,Female,Black,Government/Public sector,"<10,000",Bachelor,3.267,5,4,3.66666666666667,5,10,7,4,4,2,1,1,3,3,3,3,3,2,3,3,3,3,3,0,1,0,3,2,3,0,3,0,3,1,3,2,3,3,3,3,3,3,3,3,3,3,3,3,3,3,3,0.666666666666667,0.333333333333333,0.333333333333333,1,1,1,1,1,0.666666666666667,1,1,1,1,1,NA,NA,NA,NA,NA,NA,NA,NA,NA,NA,NA,NA,NA,NA,21603,NA,NA,12337,NA,NA,5114,NA,NA,4758,NA,NA,10544,NA
HGOEGsIo,information_medium,33,Female,Black,Private sector,">60,000",Master,3.067,5,9,3.4,5,4.5,6,6,5,0,0,0,0,0,0,0,0,0,0,0,0,0,0,0,0,0,0,0,0,0,0,0,0,0,0,0,0,3,3,3,3,3,3,3,3,3,3,3,3,3,3,0,0,0,0,0,0,0,0,0,0,0,0,0,0,6446,NA,NA,2315,NA,NA,1411,NA,NA,4942,NA,NA,1583,NA,NA,NA,NA,NA,NA,NA,NA,NA,NA,NA,NA,NA,NA,NA
BodjLzRd,assistant_high,25,Male,Black,Private sector,">60,000",Bachelor,2.867,4,3,3.2,3,-2,4,6,4,2,2,3,1,2,1,3,1,3,0,3,0,3,1,4,2,10,0,0,0,1,1,12,0,10,0,4,0,3,3,3,3,3,3,3,3,3,3,3,3,3,3,0.666666666666667,0.666666666666667,1,0.333333333333333,0.666666666666667,0.333333333333333,1,0.333333333333333,1,0,1,0,1,0.333333333333333,NA,NA,NA,NA,NA,NA,NA,NA,NA,NA,NA,NA,NA,NA,17572,4823,2762,2867,2363,2829,2467,2393,2374,2424,2353,2265,2056,4656
TpxmpXwu,structure_medium,35,Female,White,Private sector,">60,000",Bachelor,3,4,6,NA,NA,NA,NA,NA,NA,2,NA,NA,NA,NA,NA,NA,0,NA,NA,NA,0,NA,0,2,NA,NA,NA,NA,NA,NA,0,NA,NA,NA,0,NA,0,3,NA,NA,NA,NA,NA,NA,3,NA,NA,NA,3,NA,3,0.666666666666667,NA,NA,NA,NA,NA,NA,0,NA,NA,NA,0,NA,0,NA,NA,NA,NA,NA,NA,NA,NA,NA,NA,NA,NA,NA,NA,NA,NA,NA,NA,NA,NA,NA,NA,NA,NA,NA,NA,NA,NA
FlEMfmqp,information_high,34,Male,Black,Government/Public sector,"40,001-60,000",Master,3.533,5,12,NA,NA,NA,NA,NA,NA,1,0,0,1,0,0,3,0,0,0,0,0,0,NA,0,0,0,0,0,0,5,0,0,0,0,0,0,NA,3,3,3,3,3,3,3,3,3,3,3,3,3,NA,0.333333333333333,0,0,0.333333333333333,0,0,1,0,0,0,0,0,0,NA,48979,17715,2666,2754,2921,5273,1272,10587,1547,2891,11712,2989,2066,NA,NA,NA,NA,NA,NA,NA,NA,NA,NA,NA,NA,NA,NA,NA
XbsdUeIo,structure_low,28,Male,Black,Private sector,"20,001-30,000",Bachelor,3.133,4,2.5,NA,NA,NA,NA,NA,NA,1,0,1,1,1,1,1,1,1,1,1,0,NA,0,2,0,2,3,1,2,1,4,1,1,1,0,NA,0,3,3,3,3,3,3,3,3,3,3,3,3,NA,3,0.333333333333333,0,0.333333333333333,0.333333333333333,0.333333333333333,0.333333333333333,0.333333333333333,0.333333333333333,0.333333333333333,0.333333333333333,0.333333333333333,0,NA,0,NA,NA,NA,NA,NA,NA,NA,NA,NA,NA,NA,NA,NA,NA,NA,NA,NA,NA,NA,NA,NA,NA,NA,NA,NA,NA,NA,NA
IQyqmOkh,structure_medium,30,Female,Black,Government/Public sector,">60,000",Bachelor,3.267,5,4.5,2.13333333333333,5,9,7,1,1,0,0,1,2,0,0,0,2,0,3,0,3,0,3,0,0,0,1,0,0,0,1,0,4,0,6,0,6,3,3,3,3,3,3,3,3,3,3,3,3,3,3,0,0,0.333333333333333,0.666666666666667,0,0,0,0.666666666666667,0,1,0,1,0,1,NA,NA,NA,NA,NA,NA,NA,NA,NA,NA,NA,NA,NA,NA,NA,NA,NA,NA,NA,NA,NA,NA,NA,NA,NA,NA,NA,NA
HfSmAEhz,structure_medium,50,Female,Black,Private sector,">60,000",Doctoral,3.133,5,3,3.06666666666667,5,2,4,3,5,3,1,0,2,1,1,1,0,0,3,0,0,2,0,4,2,0,6,2,4,5,0,0,10,0,0,3,0,3,3,3,3,3,3,3,3,3,3,3,3,3,3,1,0.333333333333333,0,0.666666666666667,0.333333333333333,0.333333333333333,0.333333333333333,0,0,1,0,0,0.666666666666667,0,NA,NA,NA,NA,NA,NA,NA,NA,NA,NA,NA,NA,NA,NA,NA,NA,NA,NA,NA,NA,NA,NA,NA,NA,NA,NA,NA,NA
YTRLdyjj,information_high,30,Male,Black,Private sector,">60,000",Bachelor,3.733,4,3,3.66666666666667,4,4.5,5,3,4,1,2,0,0,0,0,0,1,0,0,0,0,0,0,0,1,0,0,0,0,0,0,0,0,0,0,0,0,3,3,3,3,3,3,3,3,3,3,3,3,3,3,0.333333333333333,0.666666666666667,0,0,0,0,0,0.333333333333333,0,0,0,0,0,0,39775,50448,81023,1543,1569,1530,6054,2073,1730,13571,1869,3054,2214,53217,NA,NA,NA,NA,NA,NA,NA,NA,NA,NA,NA,NA,NA,NA
sJbnmHtj,information_high,39,Female,Black,Private sector,">60,000",Doctoral,4.067,5,4.5,NA,NA,NA,NA,NA,NA,3,2,0,2,2,NA,3,3,3,3,3,3,3,3,2,2,0,4,4,NA,9,5,8,6,8,6,8,6,3,3,3,3,3,NA,3,3,3,3,3,3,3,3,1,0.666666666666667,0,0.666666666666667,0.666666666666667,NA,1,1,1,1,1,1,1,1,12974,36742,4480,3905,2954,NA,2530,1257,162084,10379,2137,1559,4710,1481,NA,NA,NA,NA,NA,NA,NA,NA,NA,NA,NA,NA,NA,NA
RZktxDqr,structure_low,60,Female,Black,Government/Public sector,">60,000",Doctoral,4.533,4,5,NA,NA,NA,NA,NA,NA,3,1,0,NA,NA,0,3,NA,0,0,NA,NA,NA,NA,2,0,0,NA,NA,0,5,NA,0,0,NA,NA,NA,NA,3,3,3,NA,NA,3,3,NA,3,3,NA,NA,NA,NA,1,0.333333333333333,0,NA,NA,0,1,NA,0,0,NA,NA,NA,NA,NA,NA,NA,NA,NA,NA,NA,NA,NA,NA,NA,NA,NA,NA,NA,NA,NA,NA,NA,NA,NA,NA,NA,NA,NA,NA,NA,NA
OcICoRna,assistant_low,26,Female,Black,Government/Public sector,NA,Master,2.733,5,5.5,2.8,5,6,7,2,2,2,1,1,0,0,0,1,1,1,0,1,0,0,0,0,0,1,0,0,0,1,1,0,0,1,0,0,0,3,3,3,3,3,3,3,3,3,3,3,3,3,3,0.666666666666667,0.333333333333333,0.333333333333333,0,0,0,0.333333333333333,0.333333333333333,0.333333333333333,0,0.333333333333333,0,0,0,NA,NA,NA,NA,NA,NA,NA,NA,NA,NA,NA,NA,NA,NA,20403,NA,NA,NA,NA,NA,NA,NA,NA,NA,NA,NA,NA,NA
JuNGUCTk,assistant_high,22,Male,Black,Government/Public sector,">60,000",Bachelor,3,5,-0.5,NA,NA,NA,NA,NA,NA,0,0,0,1,0,3,0,3,2,2,0,1,0,NA,0,0,0,1,0,1,0,2,0,2,0,1,0,NA,3,3,3,3,3,3,3,3,3,3,3,3,3,NA,0,0,0,0.333333333333333,0,1,0,1,0.666666666666667,0.666666666666667,0,0.333333333333333,0,NA,NA,NA,NA,NA,NA,NA,NA,NA,NA,NA,NA,NA,NA,NA,10516,18664,12928,3157,2785,2255,2584,2173,1953,2362,2646,2249,2723,NA
RTpSTmqk,structure_low,53,Female,White,Government/Public sector,"30,001-40,000",Bachelor,4.067,5,5,NA,NA,NA,NA,NA,NA,2,1,3,1,2,NA,2,2,2,1,1,1,NA,NA,1,2,2,1,2,NA,2,4,2,0,1,3,NA,NA,3,3,3,3,3,NA,3,3,3,3,3,3,NA,NA,0.666666666666667,0.333333333333333,1,0.333333333333333,0.666666666666667,NA,0.666666666666667,0.666666666666667,0.666666666666667,0.333333333333333,0.333333333333333,0.333333333333333,NA,NA,NA,NA,NA,NA,NA,NA,NA,NA,NA,NA,NA,NA,NA,NA,NA,NA,NA,NA,NA,NA,NA,NA,NA,NA,NA,NA,NA,NA
HdOdyrBO,structure_low,41,Male,Black,Government/Public sector,"10,001-20,000",Doctoral,2.667,2,2,NA,NA,NA,NA,NA,NA,3,NA,NA,NA,0,NA,NA,NA,0,NA,NA,NA,NA,NA,1,NA,NA,NA,0,NA,NA,NA,0,NA,NA,NA,NA,NA,3,NA,NA,NA,3,NA,NA,NA,3,NA,NA,NA,NA,NA,1,NA,NA,NA,0,NA,NA,NA,0,NA,NA,NA,NA,NA,NA,NA,NA,NA,NA,NA,NA,NA,NA,NA,NA,NA,NA,NA,NA,NA,NA,NA,NA,NA,NA,NA,NA,NA,NA,NA,NA,NA
NwPlPGeM,assistant_high,28,Male,Black,Private sector,">60,000",Bachelor,3.067,5,12,3.46666666666667,5,12,7,2,1,0,3,2,3,2,3,0,3,2,3,1,2,2,3,0,1,1,3,4,3,0,4,1,4,2,4,1,5,3,3,3,3,3,3,3,3,3,3,3,3,3,3,0,1,0.666666666666667,1,0.666666666666667,1,0,1,0.666666666666667,1,0.333333333333333,0.666666666666667,0.666666666666667,1,NA,NA,NA,NA,NA,NA,NA,NA,NA,NA,NA,NA,NA,NA,23200,1965,3252,3792,3108,3989,4317,3144,3742,4778,3634,4813,3168,4881
NPTkFRNx,control,23,Female,Black,Government/Public sector,"40,001-60,000",Bachelor,3.2,5,0,NA,NA,NA,NA,NA,NA,2,2,0,0,0,0,0,0,0,0,0,1,1,NA,5,4,0,0,0,0,0,0,0,0,0,1,3,NA,3,3,3,3,3,3,3,3,3,3,3,3,3,NA,0.666666666666667,0.666666666666667,0,0,0,0,0,0,0,0,0,0.333333333333333,0.333333333333333,NA,NA,NA,NA,NA,NA,NA,NA,NA,NA,NA,NA,NA,NA,NA,NA,NA,NA,NA,NA,NA,NA,NA,NA,NA,NA,NA,NA,NA
YPAZztKT,structure_medium,25,Female,Black,Government/Public sector,NA,Bachelor,3.733,4,1,3.2,4,3,6,2,2,1,0,0,0,3,3,3,0,0,3,0,0,3,0,0,0,0,0,2,3,3,0,0,4,0,0,2,0,3,3,3,3,3,3,3,3,3,3,3,3,3,3,0.333333333333333,0,0,0,1,1,1,0,0,1,0,0,1,0,NA,NA,NA,NA,NA,NA,NA,NA,NA,NA,NA,NA,NA,NA,NA,NA,NA,NA,NA,NA,NA,NA,NA,NA,NA,NA,NA,NA
AkZySLpB,structure_low,55,Male,White,Government/Public sector,">60,000",Senior high,3.533,4,0,NA,NA,NA,NA,NA,NA,0,3,1,2,NA,2,0,3,0,2,0,3,0,NA,0,6,1,4,NA,5,0,6,0,7,0,7,0,NA,3,3,3,3,NA,3,3,3,3,3,3,3,3,NA,0,1,0.333333333333333,0.666666666666667,NA,0.666666666666667,0,1,0,0.666666666666667,0,1,0,NA,NA,NA,NA,NA,NA,NA,NA,NA,NA,NA,NA,NA,NA,NA,NA,NA,NA,NA,NA,NA,NA,NA,NA,NA,NA,NA,NA,NA
vhOItcet,structure_high,53,Male,White,Private sector,"40,001-60,000",Bachelor,3.667,4,3,3.66666666666667,4,3,6,2,5,2,1,3,2,2,1,1,1,1,2,1,1,1,2,0,1,0,3,0,1,0,1,0,1,0,1,0,2,3,3,3,3,3,3,3,3,3,3,3,3,3,3,0.666666666666667,0.333333333333333,1,0.666666666666667,0.666666666666667,0.333333333333333,0.333333333333333,0.333333333333333,0.333333333333333,0.666666666666667,0.333333333333333,0.333333333333333,0.333333333333333,0.666666666666667,NA,NA,NA,NA,NA,NA,NA,NA,NA,NA,NA,NA,NA,NA,NA,NA,NA,NA,NA,NA,NA,NA,NA,NA,NA,NA,NA,NA
wqxZVBlX,information_low,45,Female,Black,Private sector,"20,001-30,000",Master,3.933,5,-1,NA,NA,NA,NA,NA,NA,0,2,0,0,NA,0,1,1,0,0,0,0,0,0,0,2,0,0,NA,0,1,1,0,0,0,0,0,0,3,3,3,3,NA,3,3,3,3,3,3,3,3,3,0,0.666666666666667,0,0,NA,0,0.333333333333333,0.333333333333333,0,0,0,0,0,0,8594,NA,NA,NA,NA,NA,NA,NA,NA,NA,NA,NA,NA,NA,NA,NA,NA,NA,NA,NA,NA,NA,NA,NA,NA,NA,NA,NA
wOTQhJQK,structure_high,25,Female,Black,Government/Public sector,"<10,000",Bachelor,3.867,5,9,3,5,10.5,7,1,1,3,1,3,1,3,0,0,0,0,0,0,0,1,0,2,1,3,0,2,0,0,0,0,0,0,0,0,0,3,3,3,3,3,3,3,3,3,3,3,3,3,3,1,0.333333333333333,1,0.333333333333333,1,0,0,0,0,0,0,0,0.333333333333333,0,NA,NA,NA,NA,NA,NA,NA,NA,NA,NA,NA,NA,NA,NA,NA,NA,NA,NA,NA,NA,NA,NA,NA,NA,NA,NA,NA,NA
vGKBEqsE,assistant_medium,21,Female,Black,Private sector,"<10,000",Bachelor,3.333,5,8,3.2,5,9,7,2,2,3,1,2,2,2,2,1,0,2,1,2,1,1,0,3,1,2,4,4,1,3,0,3,2,3,0,1,0,3,3,3,3,3,3,3,3,3,3,3,3,3,3,1,0.333333333333333,0.666666666666667,0.666666666666667,0.666666666666667,0.666666666666667,0.333333333333333,0,0.666666666666667,0.333333333333333,0.666666666666667,0.333333333333333,0.333333333333333,0,NA,NA,NA,NA,NA,NA,NA,NA,NA,NA,NA,NA,NA,NA,16491,NA,NA,13486,NA,NA,5189,NA,NA,3771,NA,NA,6051,NA
IhJRDXWE,structure_high,20,Male,Other,Student,"10,001-20,000",Senior high,3.733,4,0,NA,NA,NA,NA,NA,NA,0,2,1,3,0,1,1,2,NA,NA,NA,NA,NA,NA,0,5,1,3,0,1,1,3,NA,NA,NA,NA,NA,NA,3,3,3,3,3,3,3,3,NA,NA,NA,NA,NA,NA,0,0.666666666666667,0.333333333333333,1,0,0.333333333333333,0.333333333333333,0.666666666666667,NA,NA,NA,NA,NA,NA,NA,NA,NA,NA,NA,NA,NA,NA,NA,NA,NA,NA,NA,NA,NA,NA,NA,NA,NA,NA,NA,NA,NA,NA,NA,NA,NA,NA
XqPTfUgT,information_low,29,Female,Asian,Private sector,"10,001-20,000",Bachelor,3.267,4,-1.5,NA,NA,NA,NA,NA,NA,0,NA,1,1,0,NA,0,NA,0,1,0,NA,NA,NA,0,NA,3,3,0,NA,0,NA,0,2,0,NA,NA,NA,3,NA,3,3,3,NA,3,NA,3,3,3,NA,NA,NA,0,NA,0.333333333333333,0.333333333333333,0,NA,0,NA,0,0.333333333333333,0,NA,NA,NA,12689,NA,NA,NA,NA,NA,NA,NA,NA,NA,NA,NA,NA,NA,NA,NA,NA,NA,NA,NA,NA,NA,NA,NA,NA,NA,NA,NA
WkEPYjgs,structure_medium,28,Female,Asian,Self-employed/Freelancer,"<10,000",Bachelor,3.4,4,3.5,NA,NA,NA,NA,NA,NA,2,3,3,3,3,3,3,3,3,NA,3,3,3,3,7,6,5,9,7,9,9,13,11,NA,6,12,11,13,3,3,3,3,3,3,3,3,3,NA,3,3,3,3,0.666666666666667,1,1,1,1,1,1,1,1,NA,1,1,1,1,NA,NA,NA,NA,NA,NA,NA,NA,NA,NA,NA,NA,NA,NA,NA,NA,NA,NA,NA,NA,NA,NA,NA,NA,NA,NA,NA,NA
ICYrfTPx,structure_medium,35,Male,Asian,Other,"40,001-60,000",Bachelor,3.467,4,4.5,NA,NA,NA,NA,NA,NA,2,3,1,3,3,3,NA,3,3,3,2,3,3,3,3,4,1,5,3,3,NA,3,4,5,5,3,9,6,3,3,3,3,3,3,NA,3,3,3,3,3,3,3,0.666666666666667,1,0.333333333333333,1,1,1,NA,1,1,1,0.666666666666667,1,1,1,NA,NA,NA,NA,NA,NA,NA,NA,NA,NA,NA,NA,NA,NA,NA,NA,NA,NA,NA,NA,NA,NA,NA,NA,NA,NA,NA,NA
zBQJcvep,information_medium,54,Male,Asian,Private sector,"40,001-60,000",Doctoral,4.4,4,2,4.26666666666667,4,6,6,1,1,3,3,2,3,3,3,3,3,3,3,3,3,2,3,4,3,3,5,3,8,4,8,3,8,4,8,4,5,3,3,3,3,3,3,3,3,3,3,3,3,3,3,1,1,0.666666666666667,1,1,1,1,1,1,1,1,1,0.666666666666667,1,17571,NA,NA,11062,NA,NA,12346,NA,NA,5063,NA,NA,2128,NA,NA,NA,NA,NA,NA,NA,NA,NA,NA,NA,NA,NA,NA,NA
lztRqnzc,control,27,Male,Asian,Self-employed/Freelancer,"40,001-60,000",Bachelor,3.2,4,3,NA,NA,NA,NA,NA,NA,1,1,1,1,0,0,0,NA,1,0,0,0,0,0,2,0,2,0,0,0,0,NA,1,0,0,0,0,0,3,3,3,3,3,3,3,NA,3,3,3,3,3,3,0.333333333333333,0.333333333333333,0.333333333333333,0.333333333333333,0,0,0,NA,0.333333333333333,0,0,0,0,0,NA,NA,NA,NA,NA,NA,NA,NA,NA,NA,NA,NA,NA,NA,NA,NA,NA,NA,NA,NA,NA,NA,NA,NA,NA,NA,NA,NA
oLBdYcpN,structure_low,23,Male,White,Self-employed/Freelancer,"<10,000",Bachelor,4.067,5,12,4.2,5,12,4,1,1,1,0,0,0,0,0,0,0,0,0,0,0,0,0,0,0,0,0,0,0,0,0,0,0,0,0,0,0,3,3,3,3,3,3,3,3,3,3,3,3,3,3,0.333333333333333,0,0,0,0,0,0,0,0,0,0,0,0,0,NA,NA,NA,NA,NA,NA,NA,NA,NA,NA,NA,NA,NA,NA,NA,NA,NA,NA,NA,NA,NA,NA,NA,NA,NA,NA,NA,NA
AvyWcIZL,information_high,21,Male,Asian,Self-employed/Freelancer,"<10,000",Bachelor,3.4,5,0.5,4,3,2,6,3,3,1,1,0,0,0,0,0,0,0,0,3,3,3,3,1,0,0,0,0,0,0,0,0,0,5,4,6,6,3,3,3,3,3,3,3,3,3,3,3,3,3,3,0.333333333333333,0.333333333333333,0,0,0,0,0,0,0,0,1,1,1,1,41413,3553,3174,10284,2681,3476,11270,6115,3999,3462,2957,2840,3001,3468,NA,NA,NA,NA,NA,NA,NA,NA,NA,NA,NA,NA,NA,NA
pyhgBFap,information_low,27,Male,Asian,Self-employed/Freelancer,"10,001-20,000",Bachelor,3,4,5,3.46666666666667,4,2,5,3,2,2,3,0,3,0,3,1,3,0,2,0,3,0,3,0,6,0,8,0,7,1,8,0,5,0,7,0,7,3,3,3,3,3,3,3,3,3,3,3,3,3,3,0.666666666666667,1,0,1,0,1,0.333333333333333,1,0,0.666666666666667,0,1,0,1,16746,NA,NA,NA,NA,NA,NA,NA,NA,NA,NA,NA,NA,NA,NA,NA,NA,NA,NA,NA,NA,NA,NA,NA,NA,NA,NA,NA
OymHfAsC,assistant_high,34,Male,Asian,Private sector,"20,001-30,000",Master,4.133,4,3.5,4.13333333333333,4,2,5,6,3,3,1,3,1,3,0,3,0,3,0,3,0,3,0,2,0,4,0,3,0,3,0,4,0,3,0,5,0,3,3,3,3,3,3,3,3,3,3,3,3,3,3,1,0.333333333333333,1,0.333333333333333,1,0,1,0,1,0,1,0,1,0,NA,NA,NA,NA,NA,NA,NA,NA,NA,NA,NA,NA,NA,NA,9132,7145,5431,11960,2075,8373,1280,2158,2355,1446,1847,3122,1243,1945
OOaxdORn,information_medium,26,Male,Asian,Private sector,"<10,000",Bachelor,3.867,5,4,NA,NA,NA,NA,NA,NA,3,3,3,NA,1,NA,3,3,3,2,1,NA,1,2,4,3,10,NA,4,NA,10,4,9,4,4,NA,4,3,3,3,3,NA,3,NA,3,3,3,3,3,NA,3,3,1,1,1,NA,0.333333333333333,NA,1,1,1,0.666666666666667,0.333333333333333,NA,0.333333333333333,0.666666666666667,28258,NA,NA,NA,NA,NA,1667,NA,NA,3219,NA,NA,1448,NA,NA,NA,NA,NA,NA,NA,NA,NA,NA,NA,NA,NA,NA,NA
VjQvuHDu,information_medium,20,Female,Asian,Self-employed/Freelancer,"<10,000",Bachelor,3.4,4,-1.5,3.66666666666667,3,1.5,5,4,4,3,3,3,3,3,3,3,2,2,3,3,3,3,2,8,6,9,6,10,9,8,9,8,8,8,9,9,9,3,3,3,3,3,3,3,3,3,3,3,3,3,3,1,1,1,1,1,1,1,0.666666666666667,0.666666666666667,1,1,1,1,0.666666666666667,54660,NA,NA,23315,NA,NA,46224,NA,NA,6049,NA,NA,7218,NA,NA,NA,NA,NA,NA,NA,NA,NA,NA,NA,NA,NA,NA,NA
wgiJkMhy,control,21,Female,Asian,Private sector,"<10,000",Bachelor,4.6,4,5,NA,NA,NA,NA,NA,NA,1,NA,2,0,2,0,1,0,2,0,1,0,1,0,1,NA,4,0,6,0,5,0,6,0,5,0,3,0,3,NA,3,3,3,3,3,3,3,3,3,3,3,3,0.333333333333333,NA,0.666666666666667,0,0.666666666666667,0,0.333333333333333,0,0.666666666666667,0,0.333333333333333,0,0.333333333333333,0,NA,NA,NA,NA,NA,NA,NA,NA,NA,NA,NA,NA,NA,NA,NA,NA,NA,NA,NA,NA,NA,NA,NA,NA,NA,NA,NA,NA
bLVHRORm,control,34,Female,White,Self-employed/Freelancer,"<10,000",Bachelor,3.4,4,4.5,NA,NA,NA,NA,NA,NA,1,0,2,0,1,1,1,0,0,NA,2,NA,NA,0,2,0,2,0,2,1,2,0,0,NA,2,NA,NA,0,3,3,3,3,3,3,3,3,3,NA,3,NA,NA,3,0.333333333333333,0,0.666666666666667,0,0.333333333333333,0.333333333333333,0.333333333333333,0,0,NA,0.666666666666667,NA,NA,0,NA,NA,NA,NA,NA,NA,NA,NA,NA,NA,NA,NA,NA,NA,NA,NA,NA,NA,NA,NA,NA,NA,NA,NA,NA,NA,NA,NA
YConzBgj,information_medium,44,Male,Asian,Private sector,"40,001-60,000",Bachelor,4.067,4,0.5,NA,NA,NA,NA,NA,NA,2,1,1,1,NA,0,2,0,1,0,1,0,2,0,2,1,2,3,NA,0,3,0,3,0,3,0,2,0,3,3,3,3,NA,3,3,3,3,3,3,3,3,3,0.666666666666667,0.333333333333333,0.333333333333333,0.333333333333333,NA,0,0.666666666666667,0,0.333333333333333,0,0.333333333333333,0,0.666666666666667,0,19569,NA,NA,1377,NA,NA,2347,NA,NA,1164,NA,NA,41263,NA,NA,NA,NA,NA,NA,NA,NA,NA,NA,NA,NA,NA,NA,NA
MDgjVClj,assistant_medium,26,Male,White,Private sector,"20,001-30,000",Bachelor,4,5,3.5,NA,NA,NA,NA,NA,NA,2,0,3,NA,2,NA,NA,NA,3,NA,2,0,NA,0,4,0,4,NA,6,NA,NA,NA,7,NA,7,0,NA,0,3,3,3,NA,3,NA,NA,NA,3,NA,3,3,NA,3,0.666666666666667,0,1,NA,0.666666666666667,NA,NA,NA,1,NA,0.666666666666667,0,NA,0,NA,NA,NA,NA,NA,NA,NA,NA,NA,NA,NA,NA,NA,NA,11922,NA,NA,NA,NA,NA,NA,NA,NA,NA,NA,NA,NA,NA
GsDgbySj,structure_high,23,Male,Other,Self-employed/Freelancer,"30,001-40,000",Bachelor,3.2,4,-4.5,3.66666666666667,4,-3.5,4,3,1,3,3,3,3,3,3,3,3,3,3,3,3,3,3,3,4,3,7,3,4,4,6,4,5,5,5,6,7,3,3,3,3,3,3,3,3,3,3,3,3,3,3,1,1,1,1,1,1,1,1,1,1,1,1,1,1,NA,NA,NA,NA,NA,NA,NA,NA,NA,NA,NA,NA,NA,NA,NA,NA,NA,NA,NA,NA,NA,NA,NA,NA,NA,NA,NA,NA
nATlirUc,structure_high,19,Female,Asian,Private sector,">60,000",Bachelor,2.333,5,3,2.06666666666667,5,4.5,6,1,1,0,3,1,3,0,3,1,2,0,3,1,3,0,3,0,3,0,3,0,3,0,4,0,2,0,4,0,5,3,3,3,3,3,3,3,3,3,3,3,3,3,3,0,1,0.333333333333333,1,0,1,0.333333333333333,0.666666666666667,0,1,0.333333333333333,1,0,1,NA,NA,NA,NA,NA,NA,NA,NA,NA,NA,NA,NA,NA,NA,NA,NA,NA,NA,NA,NA,NA,NA,NA,NA,NA,NA,NA,NA
KBGwKAFd,assistant_high,34,Female,Asian,Private sector,">60,000",Master,3.067,4,3.5,3,5,-0.5,5,5,7,2,1,2,0,0,0,1,0,0,1,0,0,0,0,2,2,0,0,0,0,0,0,0,0,0,0,0,0,3,3,3,3,3,3,3,3,3,3,3,3,3,3,0.666666666666667,0.333333333333333,0.666666666666667,0,0,0,0.333333333333333,0,0,0.333333333333333,0,0,0,0,NA,NA,NA,NA,NA,NA,NA,NA,NA,NA,NA,NA,NA,NA,11748,5525,1376,1014,2567,1923,1414,1335,191497,1192,66348,1934,5538,1089
iFSYOWXl,assistant_low,37,Male,Asian,Private sector,"10,001-20,000",Master,3.6,4,3.5,3.4,4,4,5,3,2,1,0,0,0,0,0,0,1,0,0,0,0,0,0,1,0,0,0,0,0,0,3,0,0,0,0,0,0,3,3,3,3,3,3,3,3,3,3,3,3,3,3,0.333333333333333,0,0,0,0,0,0,0.333333333333333,0,0,0,0,0,0,NA,NA,NA,NA,NA,NA,NA,NA,NA,NA,NA,NA,NA,NA,5735,NA,NA,NA,NA,NA,NA,NA,NA,NA,NA,NA,NA,NA
oPpKDxRB,structure_medium,25,Male,Asian,Self-employed/Freelancer,"20,001-30,000",Bachelor,3.467,5,3,3.2,5,0,3,4,1,0,2,0,3,2,3,3,3,3,3,3,3,3,3,0,3,0,6,6,8,11,9,12,10,11,7,13,9,3,3,3,3,3,3,3,3,3,3,3,3,3,3,0,0.666666666666667,0,1,0.666666666666667,1,1,1,1,1,1,1,1,1,NA,NA,NA,NA,NA,NA,NA,NA,NA,NA,NA,NA,NA,NA,NA,NA,NA,NA,NA,NA,NA,NA,NA,NA,NA,NA,NA,NA
pTNOfSGY,structure_low,38,Male,Asian,Self-employed/Freelancer,"10,001-20,000",Bachelor,3.667,3,0,3.53333333333333,3,1,5,5,3,3,3,1,3,1,3,0,3,2,3,1,1,0,3,2,2,0,3,0,3,0,3,3,3,1,3,0,4,3,3,3,3,3,3,3,3,3,3,3,3,3,3,1,1,0.333333333333333,1,0.333333333333333,1,0,1,0.666666666666667,1,0.333333333333333,0.333333333333333,0,1,NA,NA,NA,NA,NA,NA,NA,NA,NA,NA,NA,NA,NA,NA,NA,NA,NA,NA,NA,NA,NA,NA,NA,NA,NA,NA,NA,NA
NDgeAmfO,structure_high,23,Male,Asian,Self-employed/Freelancer,"20,001-30,000",Bachelor,3.533,4,0,3.93333333333333,4,-4,3,3,1,0,1,1,0,0,1,0,0,0,0,0,1,0,0,0,0,0,0,0,0,0,0,0,0,0,0,0,0,3,3,3,3,3,3,3,3,3,3,3,3,3,3,0,0.333333333333333,0.333333333333333,0,0,0.333333333333333,0,0,0,0,0,0.333333333333333,0,0,NA,NA,NA,NA,NA,NA,NA,NA,NA,NA,NA,NA,NA,NA,NA,NA,NA,NA,NA,NA,NA,NA,NA,NA,NA,NA,NA,NA
bULOpykS,assistant_low,18,Male,Asian,Student,"10,001-20,000",Senior high,3.333,4,2.5,3.4,4,1.5,3,3,3,1,0,0,0,0,0,0,0,0,0,0,0,0,0,2,0,0,0,0,0,0,0,0,0,0,0,0,0,3,3,3,3,3,3,3,3,3,3,3,3,3,3,0.333333333333333,0,0,0,0,0,0,0,0,0,0,0,0,0,NA,NA,NA,NA,NA,NA,NA,NA,NA,NA,NA,NA,NA,NA,13698,NA,NA,NA,NA,NA,NA,NA,NA,NA,NA,NA,NA,NA
iRyHONjG,information_high,21,Male,Asian,Self-employed/Freelancer,"10,001-20,000",Senior high,4.733,5,8,4.6,4,3,5,1,1,1,0,0,0,0,0,0,0,1,0,0,0,0,0,0,0,0,0,0,0,0,0,0,0,0,0,0,0,3,3,3,3,3,3,3,3,3,3,3,3,3,3,0.333333333333333,0,0,0,0,0,0,0,0.333333333333333,0,0,0,0,0,1336,2820,3546,1039,234,537,523,861,638,350,534,3210,439,389,NA,NA,NA,NA,NA,NA,NA,NA,NA,NA,NA,NA,NA,NA
fPmovzxy,information_high,24,Male,Asian,Self-employed/Freelancer,"10,001-20,000",Bachelor,2.867,4,9,NA,NA,NA,NA,NA,NA,3,NA,3,NA,NA,NA,NA,NA,NA,NA,NA,NA,NA,NA,6,NA,4,NA,NA,NA,NA,NA,NA,NA,NA,NA,NA,NA,3,NA,3,NA,NA,NA,NA,NA,NA,NA,NA,NA,NA,NA,1,NA,1,NA,NA,NA,NA,NA,NA,NA,NA,NA,NA,NA,13354,NA,5659,NA,NA,NA,NA,NA,NA,NA,NA,NA,NA,NA,NA,NA,NA,NA,NA,NA,NA,NA,NA,NA,NA,NA,NA,NA
zJosubKK,control,30,Male,Asian,Self-employed/Freelancer,"<10,000",Bachelor,3.067,4,3,NA,NA,NA,NA,NA,NA,1,0,1,1,0,0,0,NA,0,0,0,0,0,0,2,0,2,0,0,0,0,NA,0,0,0,0,0,0,3,3,3,3,3,3,3,NA,3,3,3,3,3,3,0.333333333333333,0,0.333333333333333,0.333333333333333,0,0,0,NA,0,0,0,0,0,0,NA,NA,NA,NA,NA,NA,NA,NA,NA,NA,NA,NA,NA,NA,NA,NA,NA,NA,NA,NA,NA,NA,NA,NA,NA,NA,NA,NA
dYZMfinD,assistant_medium,31,Male,Asian,Self-employed/Freelancer,"<10,000",Bachelor,2.867,5,10.5,NA,NA,NA,NA,NA,NA,3,1,3,0,3,1,3,0,3,0,3,1,3,NA,3,1,6,0,6,0,4,0,4,0,5,0,4,NA,3,3,3,3,3,3,3,3,3,3,3,3,3,NA,1,0.333333333333333,1,0,1,0.333333333333333,1,0,1,0,1,0.333333333333333,1,NA,NA,NA,NA,NA,NA,NA,NA,NA,NA,NA,NA,NA,NA,NA,20491,NA,NA,24407,NA,NA,2094,NA,NA,3389,NA,NA,4996,NA
sxDPdxOI,control,25,Female,Asian,Self-employed/Freelancer,"<10,000",Bachelor,3.8,3,1,3.73333333333333,4,1,NA,NA,NA,2,1,2,1,3,0,2,2,3,2,2,0,1,0,3,5,7,3,9,0,9,6,9,7,9,0,4,0,3,3,3,3,3,3,3,3,3,3,3,3,3,3,0.666666666666667,0.333333333333333,0.666666666666667,0.333333333333333,1,0,0.666666666666667,0.666666666666667,1,0.666666666666667,0.666666666666667,0,0.333333333333333,0,NA,NA,NA,NA,NA,NA,NA,NA,NA,NA,NA,NA,NA,NA,NA,NA,NA,NA,NA,NA,NA,NA,NA,NA,NA,NA,NA,NA
kfDtfLVu,assistant_low,21,Male,Asian,Student,"30,001-40,000",Senior high,2.733,4,2,2.53333333333333,4,1,4,5,5,2,3,3,2,3,2,3,2,3,3,0,2,2,3,6,9,10,9,9,9,7,10,11,9,0,9,11,9,3,3,3,3,3,3,3,3,3,3,3,3,3,3,0.666666666666667,1,1,0.666666666666667,1,0.666666666666667,1,0.666666666666667,1,1,0,0.666666666666667,0.666666666666667,1,NA,NA,NA,NA,NA,NA,NA,NA,NA,NA,NA,NA,NA,NA,8736,NA,NA,NA,NA,NA,NA,NA,NA,NA,NA,NA,NA,NA
PwVphXfc,information_medium,24,Male,White,Self-employed/Freelancer,"<10,000",Senior high,2.4,3,3.5,3.2,4,6.5,4,2,2,0,3,0,2,0,3,0,3,0,3,0,3,0,2,0,11,0,11,0,9,0,12,0,10,0,12,0,10,3,3,3,3,3,3,3,3,3,3,3,3,3,3,0,1,0,0.666666666666667,0,1,0,1,0,1,0,1,0,0.666666666666667,15429,NA,NA,3489,NA,NA,5872,NA,NA,1679,NA,NA,23045,NA,NA,NA,NA,NA,NA,NA,NA,NA,NA,NA,NA,NA,NA,NA
AysvSPUR,assistant_high,28,Male,White,Self-employed/Freelancer,">60,000",Bachelor,2.667,4,1.5,NA,NA,NA,NA,NA,NA,1,2,1,NA,0,2,1,2,1,3,1,3,0,3,1,5,1,NA,0,5,1,8,2,7,0,10,0,6,3,3,3,NA,3,3,3,3,3,3,3,3,3,3,0.333333333333333,0.666666666666667,0.333333333333333,NA,0,0.666666666666667,0.333333333333333,0.666666666666667,0.333333333333333,1,0.333333333333333,1,0,1,NA,NA,NA,NA,NA,NA,NA,NA,NA,NA,NA,NA,NA,NA,12649,10281,5447,NA,3005,3239,1363,2512,2327,1233,6680,3183,5119,3915
XUoPyHbA,structure_medium,36,Female,Black,Other,"10,001-20,000",Master,3.6,5,10,NA,NA,NA,NA,NA,NA,1,2,NA,NA,NA,NA,NA,NA,NA,NA,NA,NA,NA,NA,1,1,NA,NA,NA,NA,NA,NA,NA,NA,NA,NA,NA,NA,3,3,NA,NA,NA,NA,NA,NA,NA,NA,NA,NA,NA,NA,0.333333333333333,0.666666666666667,NA,NA,NA,NA,NA,NA,NA,NA,NA,NA,NA,NA,NA,NA,NA,NA,NA,NA,NA,NA,NA,NA,NA,NA,NA,NA,NA,NA,NA,NA,NA,NA,NA,NA,NA,NA,NA,NA,NA,NA
bNnWQNLI,information_high,48,Male,White,Private sector,">60,000",Master,2.6,4,0.5,3.6,4,9,3,3,3,0,0,2,1,0,1,0,3,0,0,0,0,0,1,0,0,1,3,0,0,0,9,0,0,0,0,0,0,3,3,3,3,3,3,3,3,3,3,3,3,3,3,0,0,0.666666666666667,0.333333333333333,0,0.333333333333333,0,1,0,0,0,0,0,0.333333333333333,44587,18190,3262,3730,2870,3488,3612,2845,2721,2738,3007,3251,2545,2654,NA,NA,NA,NA,NA,NA,NA,NA,NA,NA,NA,NA,NA,NA
JKWCIHJP,assistant_medium,46,Female,White,Self-employed/Freelancer,"20,001-30,000",Senior high,4,4,6.5,NA,NA,NA,NA,NA,NA,1,NA,0,1,0,1,0,1,NA,1,0,1,1,0,1,NA,0,3,0,2,0,2,NA,3,0,2,1,0,3,NA,3,3,3,3,3,3,NA,3,3,3,3,3,0.333333333333333,NA,0,0.333333333333333,0,0.333333333333333,0,0.333333333333333,NA,0.333333333333333,0,0.333333333333333,0.333333333333333,0,NA,NA,NA,NA,NA,NA,NA,NA,NA,NA,NA,NA,NA,NA,5968,NA,NA,2268,NA,NA,4491,NA,NA,4414,NA,NA,2131,NA
OOToOTIw,assistant_medium,26,Male,Mixed,Government/Public sector,"10,001-20,000",Bachelor,3.067,4,-2.5,3.6,4,8.5,5,4,3,0,3,1,1,0,0,0,0,0,1,0,0,0,1,0,3,0,1,0,0,0,0,0,0,0,0,0,0,3,3,3,3,3,3,3,3,3,3,3,3,3,3,0,1,0.333333333333333,0.333333333333333,0,0,0,0,0,0.333333333333333,0,0,0,0.333333333333333,NA,NA,NA,NA,NA,NA,NA,NA,NA,NA,NA,NA,NA,NA,15556,NA,NA,7659,NA,NA,3779,NA,NA,4938,NA,NA,1842,NA
ZLRAOGbZ,assistant_low,38,Male,White,Private sector,">60,000",Master,3.667,4,6,NA,NA,NA,NA,NA,NA,2,3,2,3,2,3,3,2,2,3,2,NA,2,3,9,4,10,5,10,6,11,8,11,7,10,NA,11,9,3,3,3,3,3,3,3,3,3,3,3,NA,3,3,0.666666666666667,1,0.666666666666667,1,0.666666666666667,1,1,0.666666666666667,0.666666666666667,1,0.666666666666667,NA,0.666666666666667,1,NA,NA,NA,NA,NA,NA,NA,NA,NA,NA,NA,NA,NA,NA,6334,NA,NA,NA,NA,NA,NA,NA,NA,NA,NA,NA,NA,NA
eeFoesuC,structure_high,37,Male,White,Private sector,"40,001-60,000",Master,3.2,4,2,NA,NA,NA,NA,NA,NA,1,1,0,2,0,1,1,3,1,1,1,2,1,NA,0,0,0,6,0,0,0,8,0,3,0,0,1,NA,3,3,3,3,3,3,3,3,3,3,3,3,3,NA,0.333333333333333,0.333333333333333,0,0.666666666666667,0,0.333333333333333,0.333333333333333,1,0.333333333333333,0.333333333333333,0.333333333333333,0.666666666666667,0.333333333333333,NA,NA,NA,NA,NA,NA,NA,NA,NA,NA,NA,NA,NA,NA,NA,NA,NA,NA,NA,NA,NA,NA,NA,NA,NA,NA,NA,NA,NA
ooDAIRzV,assistant_low,32,Female,White,Private sector,"30,001-40,000",Master,3.933,4,0,3.73333333333333,4,1.5,3,4,5,2,3,3,3,3,1,2,0,3,1,0,0,1,2,6,2,7,3,9,1,9,0,10,4,0,0,4,5,3,3,3,3,3,3,3,3,3,3,3,3,3,3,0.666666666666667,1,1,1,1,0.333333333333333,0.666666666666667,0,1,0.333333333333333,0,0,0.333333333333333,0.666666666666667,NA,NA,NA,NA,NA,NA,NA,NA,NA,NA,NA,NA,NA,NA,15086,NA,NA,NA,NA,NA,NA,NA,NA,NA,NA,NA,NA,NA
yzjOEUjw,control,21,Male,White,Student,"<10,000",Senior high,4.067,3,7,NA,NA,NA,NA,NA,NA,2,1,1,1,NA,0,1,2,0,0,1,NA,1,2,3,2,3,3,NA,0,1,8,0,0,3,NA,5,5,3,3,3,3,NA,3,3,3,3,3,3,NA,3,3,0.666666666666667,0.333333333333333,0.333333333333333,0.333333333333333,NA,0,0.333333333333333,0.666666666666667,0,0,0.333333333333333,NA,0.333333333333333,0.666666666666667,NA,NA,NA,NA,NA,NA,NA,NA,NA,NA,NA,NA,NA,NA,NA,NA,NA,NA,NA,NA,NA,NA,NA,NA,NA,NA,NA,NA
LzzzxEtz,structure_medium,32,Female,Black,Private sector,"20,001-30,000",Bachelor,3.467,4,4,3.53333333333333,4,4,6,4,1,1,0,0,0,0,0,0,0,2,3,0,3,3,3,0,0,0,0,0,0,0,0,1,3,0,2,2,2,3,3,3,3,3,3,3,3,3,3,3,3,3,3,0.333333333333333,0,0,0,0,0,0,0,0.666666666666667,1,0,1,1,1,NA,NA,NA,NA,NA,NA,NA,NA,NA,NA,NA,NA,NA,NA,NA,NA,NA,NA,NA,NA,NA,NA,NA,NA,NA,NA,NA,NA
NDfkKNdZ,assistant_medium,30,Male,Black,Government/Public sector,">60,000",Master,3.2,5,8.5,2.8,5,6,7,2,2,1,3,1,2,2,0,3,0,3,1,3,0,2,0,1,1,1,3,0,0,2,0,2,0,2,0,3,0,3,3,3,3,3,3,3,3,3,3,3,3,3,3,0.333333333333333,1,0.333333333333333,0.666666666666667,0.666666666666667,0,1,0,1,0.333333333333333,1,0,0.666666666666667,0,NA,NA,NA,NA,NA,NA,NA,NA,NA,NA,NA,NA,NA,NA,19611,NA,NA,3545,NA,NA,47795,NA,NA,4395,NA,NA,1683,NA
SxIPYcDr,assistant_low,35,Female,White,Self-employed/Freelancer,NA,Master,3.8,4,6,3.8,4,6,4,2,1,2,2,0,3,3,2,1,3,1,3,2,2,3,2,2,2,0,0,3,1,2,2,3,6,3,2,3,5,3,3,3,3,3,3,3,3,3,3,3,3,3,3,0.666666666666667,0.666666666666667,0,1,1,0.666666666666667,0.333333333333333,1,0.333333333333333,1,0.666666666666667,0.666666666666667,1,0.666666666666667,NA,NA,NA,NA,NA,NA,NA,NA,NA,NA,NA,NA,NA,NA,14772,NA,NA,NA,NA,NA,NA,NA,NA,NA,NA,NA,NA,NA
sZKCkept,assistant_medium,46,Female,White,Private sector,">60,000",Senior high,3.733,4,1,NA,NA,NA,NA,NA,NA,1,2,1,1,1,0,3,1,2,1,3,2,NA,NA,0,1,1,4,1,0,4,2,6,2,6,7,NA,NA,3,3,3,3,3,3,3,3,3,3,3,3,NA,NA,0.333333333333333,0.666666666666667,0.333333333333333,0.333333333333333,0.333333333333333,0,1,0.333333333333333,0.666666666666667,0.333333333333333,1,0.666666666666667,NA,NA,NA,NA,NA,NA,NA,NA,NA,NA,NA,NA,NA,NA,NA,NA,22437,NA,NA,27312,NA,NA,5914,NA,NA,3352,NA,NA,NA,NA
HHeFJsYR,information_medium,32,Female,White,Student,"<10,000",Senior high,3.067,4,2,3.73333333333333,4,3.5,5,2,2,0,0,0,0,1,2,3,3,3,3,3,2,3,3,0,0,0,0,1,4,5,6,8,6,3,6,7,7,3,3,3,3,3,3,3,3,3,3,3,3,3,3,0,0,0,0,0.333333333333333,0.666666666666667,1,1,1,1,1,0.666666666666667,1,1,15637,NA,NA,2594,NA,NA,10964,NA,NA,1438,NA,NA,1624,NA,NA,NA,NA,NA,NA,NA,NA,NA,NA,NA,NA,NA,NA,NA
MKaIlgRH,information_low,40,Female,White,Private sector,"10,001-20,000",Bachelor,3.667,4,3.5,3.53333333333333,5,10,5,3,5,2,1,0,0,0,3,0,2,0,1,0,2,0,0,3,1,0,0,0,7,0,7,0,3,0,6,0,0,3,3,3,3,3,3,3,3,3,3,3,3,3,3,0.666666666666667,0.333333333333333,0,0,0,1,0,0.666666666666667,0,0.333333333333333,0,0.666666666666667,0,0,43404,NA,NA,NA,NA,NA,NA,NA,NA,NA,NA,NA,NA,NA,NA,NA,NA,NA,NA,NA,NA,NA,NA,NA,NA,NA,NA,NA
jwlhxmyI,structure_medium,47,Male,White,Private sector,"40,001-60,000",Senior high,3.533,4,1,NA,NA,NA,NA,NA,NA,1,2,2,3,NA,0,0,NA,0,1,0,NA,0,2,0,2,5,2,NA,0,0,NA,0,2,0,NA,0,4,3,3,3,3,NA,3,3,NA,3,3,3,NA,3,3,0.333333333333333,0.666666666666667,0.666666666666667,1,NA,0,0,NA,0,0.333333333333333,0,NA,0,0.666666666666667,NA,NA,NA,NA,NA,NA,NA,NA,NA,NA,NA,NA,NA,NA,NA,NA,NA,NA,NA,NA,NA,NA,NA,NA,NA,NA,NA,NA
zgzZqArY,assistant_medium,36,Male,White,Other,"<10,000",Senior high,2.2,3,3,NA,NA,NA,NA,NA,NA,1,1,0,0,0,1,0,0,0,0,0,NA,0,0,0,0,0,0,0,0,0,0,0,0,0,NA,0,0,3,3,3,3,3,3,3,3,3,3,3,NA,3,3,0.333333333333333,0.333333333333333,0,0,0,0.333333333333333,0,0,0,0,0,NA,0,0,NA,NA,NA,NA,NA,NA,NA,NA,NA,NA,NA,NA,NA,NA,2571,NA,NA,209189,NA,NA,7344,NA,NA,8562,NA,NA,5935,NA
QRxAIHtL,structure_high,29,Male,Black,Private sector,"30,001-40,000",Bachelor,3.533,5,3.5,NA,NA,NA,NA,NA,NA,0,0,0,1,2,NA,0,0,1,0,0,NA,1,NA,0,0,0,0,2,NA,0,0,0,0,0,NA,0,NA,3,3,3,3,3,NA,3,3,3,3,3,NA,3,NA,0,0,0,0.333333333333333,0.666666666666667,NA,0,0,0.333333333333333,0,0,NA,0.333333333333333,NA,NA,NA,NA,NA,NA,NA,NA,NA,NA,NA,NA,NA,NA,NA,NA,NA,NA,NA,NA,NA,NA,NA,NA,NA,NA,NA,NA,NA
hjXEUZpK,structure_medium,37,Male,White,Private sector,"<10,000",Junior high,2.733,4,6,NA,NA,NA,NA,NA,NA,0,NA,NA,0,2,0,0,0,0,3,3,0,3,0,0,NA,NA,0,1,0,0,0,0,3,4,0,5,0,3,NA,NA,3,3,3,3,3,3,3,3,3,3,3,0,NA,NA,0,0.666666666666667,0,0,0,0,1,1,0,1,0,NA,NA,NA,NA,NA,NA,NA,NA,NA,NA,NA,NA,NA,NA,NA,NA,NA,NA,NA,NA,NA,NA,NA,NA,NA,NA,NA,NA
JHBfePby,assistant_high,42,Male,White,Private sector,"30,001-40,000",Master,4.2,4,2,4.46666666666667,5,0.5,5,3,4,2,1,0,0,1,1,0,0,2,2,0,1,0,0,5,0,0,0,0,0,0,0,3,3,0,0,0,0,3,3,3,3,3,3,3,3,3,3,3,3,3,3,0.666666666666667,0.333333333333333,0,0,0.333333333333333,0.333333333333333,0,0,0.666666666666667,0.666666666666667,0,0.333333333333333,0,0,NA,NA,NA,NA,NA,NA,NA,NA,NA,NA,NA,NA,NA,NA,7311,18192,3409,9170,3397,3101,2999,3501,3682,3258,3374,3208,3649,3151
NORTFWfm,information_medium,33,Male,White,Self-employed/Freelancer,"20,001-30,000",Bachelor,3.4,4,2.5,NA,NA,NA,NA,NA,NA,3,2,3,3,2,0,1,3,3,2,NA,2,0,3,3,5,5,8,4,0,4,8,6,6,NA,4,0,6,3,3,3,3,3,3,3,3,3,3,NA,3,3,3,1,0.666666666666667,1,1,0.666666666666667,0,0.333333333333333,1,1,0.666666666666667,NA,0.666666666666667,0,1,15616,NA,NA,1782,NA,NA,1624,NA,NA,995,NA,NA,2316,NA,NA,NA,NA,NA,NA,NA,NA,NA,NA,NA,NA,NA,NA,NA
HEkFYtcD,structure_high,49,Female,White,Government/Public sector,"20,001-30,000",Master,3.4,4,5,NA,NA,NA,NA,NA,NA,1,NA,1,0,1,0,0,0,0,1,0,0,0,0,0,NA,0,0,0,0,0,0,0,0,0,0,0,0,3,NA,3,3,3,3,3,3,3,3,3,3,3,3,0.333333333333333,NA,0.333333333333333,0,0.333333333333333,0,0,0,0,0.333333333333333,0,0,0,0,NA,NA,NA,NA,NA,NA,NA,NA,NA,NA,NA,NA,NA,NA,NA,NA,NA,NA,NA,NA,NA,NA,NA,NA,NA,NA,NA,NA
RntNPnvW,information_medium,33,Female,Mixed,Private sector,"40,001-60,000",Bachelor,3.4,4,4,NA,NA,NA,NA,NA,NA,2,3,0,3,NA,3,0,3,2,3,NA,3,0,3,2,3,0,9,NA,9,0,7,4,7,NA,3,0,6,3,3,3,3,NA,3,3,3,3,3,NA,3,3,3,0.666666666666667,1,0,1,NA,1,0,1,0.666666666666667,1,NA,1,0,1,5876,NA,NA,2310,NA,NA,2086,NA,NA,1654,NA,NA,2151,NA,NA,NA,NA,NA,NA,NA,NA,NA,NA,NA,NA,NA,NA,NA
lgyJhmxK,information_low,48,Male,White,Self-employed/Freelancer,"10,001-20,000",Senior high,3.667,4,5,4,5,6.5,4,1,1,3,3,3,3,2,3,3,3,3,3,3,3,3,3,5,7,4,10,6,10,6,10,6,10,5,10,6,12,3,3,3,3,3,3,3,3,3,3,3,3,3,3,1,1,1,1,0.666666666666667,1,1,1,1,1,1,1,1,1,16934,NA,NA,NA,NA,NA,NA,NA,NA,NA,NA,NA,NA,NA,NA,NA,NA,NA,NA,NA,NA,NA,NA,NA,NA,NA,NA,NA
FpRUGneR,control,23,Female,White,Other,"10,001-20,000",Senior high,4.4,5,5,NA,NA,NA,NA,NA,NA,2,3,NA,3,3,3,NA,3,3,3,2,2,2,2,10,9,NA,7,11,7,NA,12,13,9,10,10,10,8,3,3,NA,3,3,3,NA,3,3,3,3,3,3,3,0.666666666666667,1,NA,1,1,1,NA,1,1,1,0.666666666666667,0.666666666666667,0.666666666666667,0.666666666666667,NA,NA,NA,NA,NA,NA,NA,NA,NA,NA,NA,NA,NA,NA,NA,NA,NA,NA,NA,NA,NA,NA,NA,NA,NA,NA,NA,NA
CeuAMXRc,assistant_high,27,Female,White,Government/Public sector,"40,001-60,000",College diploma,3.8,4,4,NA,NA,NA,NA,NA,NA,2,2,2,1,NA,2,2,2,2,NA,1,2,2,NA,2,3,1,2,NA,6,1,6,1,NA,1,4,2,NA,3,3,3,3,NA,3,3,3,3,NA,3,3,3,NA,0.666666666666667,0.666666666666667,0.666666666666667,0.333333333333333,NA,0.666666666666667,0.666666666666667,0.666666666666667,0.666666666666667,NA,0.333333333333333,0.666666666666667,0.666666666666667,NA,NA,NA,NA,NA,NA,NA,NA,NA,NA,NA,NA,NA,NA,NA,16589,2752,2107,2439,NA,1837,2430,1724,2016,NA,1433,1622,3626,NA
BjqawKvq,structure_low,32,Male,White,Other,"10,001-20,000",College diploma,4.067,4,2,NA,NA,NA,NA,NA,NA,1,0,0,0,NA,NA,0,0,0,0,0,NA,NA,0,0,0,0,0,NA,NA,0,0,0,0,0,NA,NA,0,3,3,3,3,NA,NA,3,3,3,3,3,NA,NA,3,0.333333333333333,0,0,0,NA,NA,0,0,0,0,0,NA,NA,0,NA,NA,NA,NA,NA,NA,NA,NA,NA,NA,NA,NA,NA,NA,NA,NA,NA,NA,NA,NA,NA,NA,NA,NA,NA,NA,NA,NA
mRTtGSdV,structure_high,27,Male,Asian,Private sector,">60,000",Bachelor,3.333,4,4.5,NA,NA,NA,NA,NA,NA,3,2,3,3,3,NA,3,3,3,NA,3,3,3,3,6,9,8,11,8,NA,6,10,8,NA,7,10,6,12,3,3,3,3,3,NA,3,3,3,NA,3,3,3,3,1,0.666666666666667,1,1,1,NA,1,1,1,NA,1,1,1,1,NA,NA,NA,NA,NA,NA,NA,NA,NA,NA,NA,NA,NA,NA,NA,NA,NA,NA,NA,NA,NA,NA,NA,NA,NA,NA,NA,NA
HQGYfUZr,assistant_high,54,Male,Asian,Self-employed/Freelancer,"40,001-60,000",Master,3.4,4,1,3.93333333333333,3,0.5,7,5,6,1,1,1,1,1,1,0,1,1,0,0,0,0,0,0,0,2,2,0,3,0,0,2,0,0,0,0,0,3,3,3,3,3,3,3,3,3,3,3,3,3,3,0.333333333333333,0.333333333333333,0.333333333333333,0.333333333333333,0.333333333333333,0.333333333333333,0,0.333333333333333,0.333333333333333,0,0,0,0,0,NA,NA,NA,NA,NA,NA,NA,NA,NA,NA,NA,NA,NA,NA,7417,4523,4377,4520,4868,3233,2712,3517,3641,4212,3590,3330,4631,4457
MLAGyWCN,information_medium,46,Female,Asian,Self-employed/Freelancer,"40,001-60,000",Bachelor,3.4,3,1.5,3.33333333333333,3,4.5,5,5,5,3,0,1,0,1,0,1,0,1,1,2,0,2,0,2,0,1,0,2,0,2,0,2,1,5,0,5,0,3,3,3,3,3,3,3,3,3,3,3,3,3,3,1,0,0.333333333333333,0,0.333333333333333,0,0.333333333333333,0,0.333333333333333,0.333333333333333,0.666666666666667,0,0.666666666666667,0,928,NA,NA,21943,NA,NA,6372,NA,NA,10822,NA,NA,12452,NA,NA,NA,NA,NA,NA,NA,NA,NA,NA,NA,NA,NA,NA,NA
PeeghVoi,assistant_high,26,Female,Black,Private sector,"20,001-30,000",Bachelor,3.2,4,4,3.06666666666667,5,8,6,5,2,1,1,2,3,3,1,2,3,3,2,3,2,2,3,0,0,1,0,1,0,0,0,0,1,0,1,0,2,3,3,3,3,3,3,3,3,3,3,3,3,3,3,0.333333333333333,0.333333333333333,0.666666666666667,1,1,0.333333333333333,0.666666666666667,1,1,0.666666666666667,1,0.666666666666667,0.666666666666667,1,NA,NA,NA,NA,NA,NA,NA,NA,NA,NA,NA,NA,NA,NA,18904,6566,3030,2863,9746,1910,1812,3318,1405,1563,4953,6060,1906,6742
VllpKNap,assistant_low,45,Male,Other,Private sector,">60,000",Bachelor,3.467,5,10,NA,NA,NA,NA,NA,NA,2,NA,0,0,0,0,0,0,0,0,0,0,0,0,2,NA,0,0,0,0,0,0,0,0,0,0,0,0,3,NA,3,3,3,3,3,3,3,3,3,3,3,3,0.666666666666667,NA,0,0,0,0,0,0,0,0,0,0,0,0,NA,NA,NA,NA,NA,NA,NA,NA,NA,NA,NA,NA,NA,NA,4455,NA,NA,NA,NA,NA,NA,NA,NA,NA,NA,NA,NA,NA
mTquExFE,structure_high,20,Male,White,Student,"10,001-20,000",College diploma,3.067,2,3,3,4,1.5,3,3,2,2,2,3,3,3,3,3,2,3,3,3,3,3,3,4,6,6,8,5,8,7,9,6,9,5,11,6,11,3,3,3,3,3,3,3,3,3,3,3,3,3,3,0.666666666666667,0.666666666666667,1,1,1,1,1,0.666666666666667,1,1,1,1,1,1,NA,NA,NA,NA,NA,NA,NA,NA,NA,NA,NA,NA,NA,NA,NA,NA,NA,NA,NA,NA,NA,NA,NA,NA,NA,NA,NA,NA
CRnzxklU,structure_high,23,Female,Asian,Private sector,"20,001-30,000",Bachelor,2.867,3,0.5,3,4,2,5,4,1,2,3,2,2,3,3,2,3,3,3,3,3,2,3,3,3,3,7,3,5,4,2,6,1,4,3,2,5,3,3,3,3,3,3,3,3,3,3,3,3,3,3,0.666666666666667,1,0.666666666666667,0.666666666666667,1,1,0.666666666666667,1,1,1,1,1,0.666666666666667,1,NA,NA,NA,NA,NA,NA,NA,NA,NA,NA,NA,NA,NA,NA,NA,NA,NA,NA,NA,NA,NA,NA,NA,NA,NA,NA,NA,NA
eAqpwxDG,control,28,Male,Asian,Student,"10,001-20,000",Master,2.8,4,2.5,NA,NA,NA,NA,NA,NA,3,2,2,3,NA,1,2,3,3,2,2,2,2,3,4,4,3,5,NA,5,9,6,10,3,9,8,9,5,3,3,3,3,NA,3,3,3,3,3,3,3,3,3,1,0.666666666666667,0.666666666666667,1,NA,0.333333333333333,0.666666666666667,1,1,0.666666666666667,0.666666666666667,0.666666666666667,0.666666666666667,1,NA,NA,NA,NA,NA,NA,NA,NA,NA,NA,NA,NA,NA,NA,NA,NA,NA,NA,NA,NA,NA,NA,NA,NA,NA,NA,NA,NA
SooCaSIf,information_medium,48,Female,White,Self-employed/Freelancer,"10,001-20,000",Master,3.4,4,7.5,NA,NA,NA,NA,NA,NA,1,3,3,NA,NA,NA,NA,NA,3,NA,NA,NA,NA,NA,0,6,2,NA,NA,NA,NA,NA,3,NA,NA,NA,NA,NA,3,3,3,NA,NA,NA,NA,NA,3,NA,NA,NA,NA,NA,0.333333333333333,1,1,NA,NA,NA,NA,NA,1,NA,NA,NA,NA,NA,45639,NA,NA,NA,NA,NA,NA,NA,NA,NA,NA,NA,NA,NA,NA,NA,NA,NA,NA,NA,NA,NA,NA,NA,NA,NA,NA,NA
JNUUOYyG,assistant_medium,37,Male,White,Other,"10,001-20,000",Doctoral,3.133,3,-1.5,2.73333333333333,4,0.5,1,1,1,1,1,0,0,0,0,0,0,0,0,0,0,0,0,1,0,0,0,0,0,0,0,0,0,0,0,0,0,3,3,3,3,3,3,3,3,3,3,3,3,3,3,0.333333333333333,0.333333333333333,0,0,0,0,0,0,0,0,0,0,0,0,NA,NA,NA,NA,NA,NA,NA,NA,NA,NA,NA,NA,NA,NA,12498,NA,NA,4279,NA,NA,4006,NA,NA,3957,NA,NA,2065,NA
cDAMcVum,control,31,Male,White,Self-employed/Freelancer,"10,001-20,000",Senior high,3.6,4,4,3.53333333333333,4,1.5,NA,NA,NA,3,1,1,1,1,1,2,0,2,2,2,1,2,1,8,4,5,4,4,3,7,0,5,8,6,5,8,4,3,3,3,3,3,3,3,3,3,3,3,3,3,3,1,0.333333333333333,0.333333333333333,0.333333333333333,0.333333333333333,0.333333333333333,0.666666666666667,0,0.666666666666667,0.666666666666667,0.666666666666667,0.333333333333333,0.666666666666667,0.333333333333333,NA,NA,NA,NA,NA,NA,NA,NA,NA,NA,NA,NA,NA,NA,NA,NA,NA,NA,NA,NA,NA,NA,NA,NA,NA,NA,NA,NA
LEgvhSvW,assistant_high,25,Male,White,Other,"10,001-20,000",Senior high,3.667,4,2.5,3.33333333333333,4,6.5,6,1,1,1,2,2,1,3,2,2,2,2,3,3,2,3,0,4,3,7,2,7,4,4,3,5,4,11,3,12,0,3,3,3,3,3,3,3,3,3,3,3,3,3,3,0.333333333333333,0.666666666666667,0.666666666666667,0.333333333333333,1,0.666666666666667,0.666666666666667,0.666666666666667,0.666666666666667,1,1,0.666666666666667,1,0,NA,NA,NA,NA,NA,NA,NA,NA,NA,NA,NA,NA,NA,NA,18438,4897,4214,3586,3699,2675,2058,2803,2208,3377,5217,7546,1721,10357
xkfqgxKZ,assistant_low,23,Male,White,Student,"<10,000",Bachelor,3.933,4,5,NA,NA,NA,NA,NA,NA,3,3,2,2,2,3,3,3,3,1,1,1,NA,2,7,6,8,6,9,6,11,6,10,4,5,4,NA,6,3,3,3,3,3,3,3,3,3,3,3,3,NA,3,1,1,0.666666666666667,0.666666666666667,0.666666666666667,1,1,1,1,0.333333333333333,0.333333333333333,0.333333333333333,NA,0.666666666666667,NA,NA,NA,NA,NA,NA,NA,NA,NA,NA,NA,NA,NA,NA,10189,NA,NA,NA,NA,NA,NA,NA,NA,NA,NA,NA,NA,NA
MNMMhLWq,information_medium,33,Male,White,Private sector,">60,000",Bachelor,3.933,5,0.5,4.06666666666667,5,2.5,5,2,2,2,2,2,1,2,0,2,1,1,1,2,1,0,1,2,2,5,1,9,0,9,2,5,1,11,2,0,2,3,3,3,3,3,3,3,3,3,3,3,3,3,3,0.666666666666667,0.666666666666667,0.666666666666667,0.333333333333333,0.666666666666667,0,0.666666666666667,0.333333333333333,0.333333333333333,0.333333333333333,0.666666666666667,0.333333333333333,0,0.333333333333333,24875,NA,NA,4460,NA,NA,2876,NA,NA,12872,NA,NA,2849,NA,NA,NA,NA,NA,NA,NA,NA,NA,NA,NA,NA,NA,NA,NA
ueTpXTCi,structure_low,32,Male,White,Other,"20,001-30,000",Senior high,3.467,3,4,3.26666666666667,4,2,5,4,1,1,2,1,2,1,0,2,2,2,2,2,1,2,2,4,1,2,5,3,0,8,6,7,6,9,4,9,5,3,3,3,3,3,3,3,3,3,3,3,3,3,3,0.333333333333333,0.666666666666667,0.333333333333333,0.666666666666667,0.333333333333333,0,0.666666666666667,0.666666666666667,0.666666666666667,0.666666666666667,0.666666666666667,0.333333333333333,0.666666666666667,0.666666666666667,NA,NA,NA,NA,NA,NA,NA,NA,NA,NA,NA,NA,NA,NA,NA,NA,NA,NA,NA,NA,NA,NA,NA,NA,NA,NA,NA,NA
ZdGARCSi,information_medium,31,Male,White,Private sector,"20,001-30,000",Master,3.533,4,3.5,3.8,4,6,6,2,2,2,2,2,3,2,2,2,2,2,1,2,2,2,2,5,4,9,9,8,6,9,6,8,4,11,5,10,6,3,3,3,3,3,3,3,3,3,3,3,3,3,3,0.666666666666667,0.666666666666667,0.666666666666667,1,0.666666666666667,0.666666666666667,0.666666666666667,0.666666666666667,0.666666666666667,0.333333333333333,0.666666666666667,0.666666666666667,0.666666666666667,0.666666666666667,21631,NA,NA,9984,NA,NA,31727,NA,NA,3024,NA,NA,1457,NA,NA,NA,NA,NA,NA,NA,NA,NA,NA,NA,NA,NA,NA,NA
UaJASaPb,structure_medium,37,Female,White,Private sector,"10,001-20,000",Master,4.4,4,9,NA,NA,NA,NA,NA,NA,3,3,NA,3,NA,3,3,3,3,1,3,3,3,3,8,4,NA,6,NA,7,11,8,10,4,12,6,11,7,3,3,NA,3,NA,3,3,3,3,3,3,3,3,3,1,1,NA,1,NA,1,1,1,1,0.333333333333333,1,1,1,1,NA,NA,NA,NA,NA,NA,NA,NA,NA,NA,NA,NA,NA,NA,NA,NA,NA,NA,NA,NA,NA,NA,NA,NA,NA,NA,NA,NA
knRuIXxt,information_high,25,Male,White,Private sector,">60,000",College diploma,4.267,5,9,NA,NA,NA,NA,NA,NA,1,0,0,1,NA,0,0,0,0,NA,1,0,0,NA,0,0,0,0,NA,0,0,0,0,NA,0,0,0,NA,3,3,3,3,NA,3,3,3,3,NA,3,3,3,NA,0.333333333333333,0,0,0.333333333333333,NA,0,0,0,0,NA,0.333333333333333,0,0,NA,16005,14838,1611,2781,NA,4491,1199,1277,1869,NA,1200,1450,1067,NA,NA,NA,NA,NA,NA,NA,NA,NA,NA,NA,NA,NA,NA,NA
odnqlyTP,structure_low,34,Male,Black,Government/Public sector,">60,000",Bachelor,2.867,5,7.5,NA,NA,NA,NA,NA,NA,1,NA,0,2,0,3,0,2,0,2,0,3,0,3,0,NA,0,2,0,5,0,3,0,2,0,5,0,5,3,NA,3,3,3,3,3,3,3,3,3,3,3,3,0.333333333333333,NA,0,0.666666666666667,0,1,0,0.666666666666667,0,0.666666666666667,0,1,0,1,NA,NA,NA,NA,NA,NA,NA,NA,NA,NA,NA,NA,NA,NA,NA,NA,NA,NA,NA,NA,NA,NA,NA,NA,NA,NA,NA,NA
fxZNYnHv,information_medium,23,Male,White,Student,"<10,000",Bachelor,3.467,4,2,NA,NA,NA,NA,NA,NA,1,0,2,1,0,1,1,0,2,0,1,NA,NA,0,0,0,5,1,0,1,0,0,2,0,1,NA,NA,0,3,3,3,3,3,3,3,3,3,3,3,NA,NA,3,0.333333333333333,0,0.666666666666667,0.333333333333333,0,0.333333333333333,0.333333333333333,0,0.666666666666667,0,0.333333333333333,NA,NA,0,12507,NA,NA,10579,NA,NA,1965,NA,NA,1858,NA,NA,NA,NA,NA,NA,NA,NA,NA,NA,NA,NA,NA,NA,NA,NA,NA,NA
FncBzWPC,assistant_low,21,Female,White,Student,NA,Bachelor,3.333,4,6.5,NA,NA,NA,NA,NA,NA,2,2,1,0,1,1,1,0,1,0,2,NA,0,1,4,5,1,0,1,4,5,0,5,0,7,NA,0,4,3,3,3,3,3,3,3,3,3,3,3,NA,3,3,0.666666666666667,0.666666666666667,0.333333333333333,0,0.333333333333333,0.333333333333333,0.333333333333333,0,0.333333333333333,0,0.666666666666667,NA,0,0.333333333333333,NA,NA,NA,NA,NA,NA,NA,NA,NA,NA,NA,NA,NA,NA,9998,NA,NA,NA,NA,NA,NA,NA,NA,NA,NA,NA,NA,NA
VTywJmoO,structure_high,49,Male,White,Government/Public sector,"30,001-40,000",Bachelor,3.867,4,6,3.8,3,5.5,2,2,1,0,3,0,1,1,3,0,3,1,1,1,2,0,1,0,5,0,5,2,3,0,7,0,0,0,2,0,1,3,3,3,3,3,3,3,3,3,3,3,3,3,3,0,1,0,0.333333333333333,0.333333333333333,1,0,1,0.333333333333333,0.333333333333333,0.333333333333333,0.666666666666667,0,0.333333333333333,NA,NA,NA,NA,NA,NA,NA,NA,NA,NA,NA,NA,NA,NA,NA,NA,NA,NA,NA,NA,NA,NA,NA,NA,NA,NA,NA,NA
JlmEwjDH,structure_high,44,Female,White,Private sector,"20,001-30,000",College diploma,3.533,4,-6.5,3.33333333333333,2,-7.5,3,1,1,1,0,1,0,0,0,1,0,1,0,1,0,1,0,0,0,0,0,0,0,0,0,0,0,0,0,0,0,3,3,3,3,3,3,3,3,3,3,3,3,3,3,0.333333333333333,0,0.333333333333333,0,0,0,0.333333333333333,0,0.333333333333333,0,0.333333333333333,0,0.333333333333333,0,NA,NA,NA,NA,NA,NA,NA,NA,NA,NA,NA,NA,NA,NA,NA,NA,NA,NA,NA,NA,NA,NA,NA,NA,NA,NA,NA,NA
blFZHwpL,information_medium,42,Male,White,Private sector,"30,001-40,000",Senior high,3.733,4,4.5,3.73333333333333,4,7.5,5,1,1,1,1,2,2,0,2,1,1,1,2,1,2,1,2,2,4,6,8,0,9,3,4,3,10,3,11,3,10,3,3,3,3,3,3,3,3,3,3,3,3,3,3,0.333333333333333,0.333333333333333,0.666666666666667,0.666666666666667,0,0.666666666666667,0.333333333333333,0.333333333333333,0.333333333333333,0.666666666666667,0.333333333333333,0.666666666666667,0.333333333333333,0.666666666666667,30698,NA,NA,22191,NA,NA,892,NA,NA,5462,NA,NA,1133,NA,NA,NA,NA,NA,NA,NA,NA,NA,NA,NA,NA,NA,NA,NA
cDgspnFl,information_high,29,Male,White,Private sector,"30,001-40,000",Senior high,3.6,4,0.5,NA,NA,NA,NA,NA,NA,3,1,3,0,2,1,3,0,1,0,NA,2,3,0,6,0,6,0,5,0,7,0,0,0,NA,2,7,0,3,3,3,3,3,3,3,3,3,3,NA,3,3,3,1,0.333333333333333,1,0,0.666666666666667,0.333333333333333,1,0,0.333333333333333,0,NA,0.666666666666667,1,0,73017,10486,5536,1128,1653,1353,998,2104,2169,2762,NA,1034,1408,4911,NA,NA,NA,NA,NA,NA,NA,NA,NA,NA,NA,NA,NA,NA
liIrSNWF,information_low,44,Male,White,Private sector,"40,001-60,000",Master,3.667,4,-2,NA,NA,NA,NA,NA,NA,1,NA,1,1,1,1,NA,NA,1,NA,NA,0,NA,1,1,NA,1,2,2,4,NA,NA,4,NA,NA,0,NA,2,3,NA,3,3,3,3,NA,NA,3,NA,NA,3,NA,3,0.333333333333333,NA,0.333333333333333,0.333333333333333,0.333333333333333,0.333333333333333,NA,NA,0.333333333333333,NA,NA,0,NA,0.333333333333333,15331,NA,NA,NA,NA,NA,NA,NA,NA,NA,NA,NA,NA,NA,NA,NA,NA,NA,NA,NA,NA,NA,NA,NA,NA,NA,NA,NA
XytVOVoX,assistant_high,38,Male,White,Private sector,">60,000",Senior high,4.267,4,2.5,4.33333333333333,4,9.5,6,3,5,3,3,3,2,1,3,0,3,2,3,1,3,1,3,8,8,9,9,2,8,0,11,9,13,3,13,0,15,3,3,3,3,3,3,3,3,3,3,3,3,3,3,1,1,1,0.666666666666667,0.333333333333333,1,0,1,0.666666666666667,1,0.333333333333333,1,0.333333333333333,1,NA,NA,NA,NA,NA,NA,NA,NA,NA,NA,NA,NA,NA,NA,16666,5833,3164,2524,3909,2476,2257,2288,2338,2623,2346,2392,2680,2592
drQYpIUr,information_medium,44,Male,White,Private sector,NA,Master,3.467,4,7.5,NA,NA,NA,NA,NA,NA,3,2,3,2,NA,NA,NA,NA,NA,NA,NA,NA,NA,NA,3,6,3,10,NA,NA,NA,NA,NA,NA,NA,NA,NA,NA,3,3,3,3,NA,NA,NA,NA,NA,NA,NA,NA,NA,NA,1,0.666666666666667,1,0.666666666666667,NA,NA,NA,NA,NA,NA,NA,NA,NA,NA,16749,NA,NA,3632,NA,NA,NA,NA,NA,NA,NA,NA,NA,NA,NA,NA,NA,NA,NA,NA,NA,NA,NA,NA,NA,NA,NA,NA
GuSTQUDC,structure_low,48,Female,White,Other,"40,001-60,000",Master,3.8,5,9,4.2,5,10,6,2,1,3,0,3,0,3,0,3,0,3,0,3,0,2,0,3,0,2,0,3,0,3,0,3,0,3,0,3,0,3,3,3,3,3,3,3,3,3,3,3,3,3,3,1,0,1,0,1,0,1,0,1,0,1,0,0.666666666666667,0,NA,NA,NA,NA,NA,NA,NA,NA,NA,NA,NA,NA,NA,NA,NA,NA,NA,NA,NA,NA,NA,NA,NA,NA,NA,NA,NA,NA
knfDFYLd,information_high,29,Male,White,Private sector,"20,001-30,000",Bachelor,3.8,4,-1,NA,NA,NA,NA,NA,NA,1,1,1,3,0,3,1,3,0,2,0,3,NA,NA,1,1,0,5,0,12,0,11,0,10,0,11,NA,NA,3,3,3,3,3,3,3,3,3,3,3,3,NA,NA,0.333333333333333,0.333333333333333,0.333333333333333,1,0,1,0.333333333333333,1,0,0.666666666666667,0,1,NA,NA,14769,9605,1346,1895,1167,1163,2082,954,1135,1673,7976,686,NA,NA,NA,NA,NA,NA,NA,NA,NA,NA,NA,NA,NA,NA,NA,NA
XtPWWjSq,assistant_medium,25,Male,White,Private sector,"30,001-40,000",Master,3.067,4,1,3.8,3,1,3,4,4,0,0,0,0,0,1,0,0,0,0,0,0,0,0,0,0,0,0,0,0,0,0,0,0,0,0,0,0,3,3,3,3,3,3,3,3,3,3,3,3,3,3,0,0,0,0,0,0.333333333333333,0,0,0,0,0,0,0,0,NA,NA,NA,NA,NA,NA,NA,NA,NA,NA,NA,NA,NA,NA,15120,NA,NA,6033,NA,NA,12021,NA,NA,11860,NA,NA,3568,NA
cNcjiBnY,assistant_medium,23,Male,White,Student,"10,001-20,000",Bachelor,3.4,4,1,NA,NA,NA,NA,NA,NA,2,0,1,0,NA,NA,1,0,0,0,0,NA,NA,NA,2,0,3,0,NA,NA,3,0,0,0,0,NA,NA,NA,3,3,3,3,NA,NA,3,3,3,3,3,NA,NA,NA,0.666666666666667,0,0.333333333333333,0,NA,NA,0.333333333333333,0,0,0,0,NA,NA,NA,NA,NA,NA,NA,NA,NA,NA,NA,NA,NA,NA,NA,NA,NA,5431,NA,NA,20772,NA,NA,7006,NA,NA,2474,NA,NA,NA,NA
ZsWRMVpW,information_high,28,Female,Black,Student,"<10,000",Master,3.133,5,4,NA,NA,NA,NA,NA,NA,0,NA,NA,NA,NA,NA,NA,NA,NA,NA,NA,NA,NA,NA,0,NA,NA,NA,NA,NA,NA,NA,NA,NA,NA,NA,NA,NA,3,NA,NA,NA,NA,NA,NA,NA,NA,NA,NA,NA,NA,NA,0,NA,NA,NA,NA,NA,NA,NA,NA,NA,NA,NA,NA,NA,17693,NA,NA,NA,NA,NA,NA,NA,NA,NA,NA,NA,NA,NA,NA,NA,NA,NA,NA,NA,NA,NA,NA,NA,NA,NA,NA,NA
yhiVwusO,information_low,38,Male,White,Private sector,">60,000",Master,3.733,4,1,3.46666666666667,4,4,3,2,3,2,2,2,2,2,2,2,2,2,1,1,1,2,2,4,4,5,4,5,6,7,6,7,5,5,4,10,5,3,3,3,3,3,3,3,3,3,3,3,3,3,3,0.666666666666667,0.666666666666667,0.666666666666667,0.666666666666667,0.666666666666667,0.666666666666667,0.666666666666667,0.666666666666667,0.666666666666667,0.333333333333333,0.333333333333333,0.333333333333333,0.666666666666667,0.666666666666667,25951,NA,NA,NA,NA,NA,NA,NA,NA,NA,NA,NA,NA,NA,NA,NA,NA,NA,NA,NA,NA,NA,NA,NA,NA,NA,NA,NA
depPSATr,structure_high,34,Female,Asian,Other,"<10,000",Bachelor,4.067,5,6,NA,NA,NA,NA,NA,NA,3,2,2,2,3,1,NA,0,2,2,3,2,3,1,4,1,2,6,2,4,NA,0,6,2,5,3,7,0,3,3,3,3,3,3,NA,3,3,3,3,3,3,3,1,0.666666666666667,0.666666666666667,0.666666666666667,1,0.333333333333333,NA,0,0.666666666666667,0.666666666666667,1,0.666666666666667,1,0.333333333333333,NA,NA,NA,NA,NA,NA,NA,NA,NA,NA,NA,NA,NA,NA,NA,NA,NA,NA,NA,NA,NA,NA,NA,NA,NA,NA,NA,NA
sdkGePlf,control,22,Male,Mixed,Student,"10,001-20,000",Senior high,3.2,5,2.5,NA,NA,NA,NA,NA,NA,3,2,2,3,3,2,2,3,3,3,3,3,NA,3,2,3,0,4,1,6,2,8,2,5,3,6,NA,6,3,3,3,3,3,3,3,3,3,3,3,3,NA,3,1,0.666666666666667,0.666666666666667,1,1,0.666666666666667,0.666666666666667,1,1,1,1,1,NA,1,NA,NA,NA,NA,NA,NA,NA,NA,NA,NA,NA,NA,NA,NA,NA,NA,NA,NA,NA,NA,NA,NA,NA,NA,NA,NA,NA,NA
nfzcFAoA,assistant_high,20,Male,NA,Student,"<10,000",College diploma,3.4,5,2,NA,NA,NA,NA,NA,NA,1,NA,1,0,0,1,2,0,1,0,0,0,1,1,3,NA,2,0,0,0,1,0,0,0,0,0,0,0,3,NA,3,3,3,3,3,3,3,3,3,3,3,3,0.333333333333333,NA,0.333333333333333,0,0,0.333333333333333,0.666666666666667,0,0.333333333333333,0,0,0,0.333333333333333,0.333333333333333,NA,NA,NA,NA,NA,NA,NA,NA,NA,NA,NA,NA,NA,NA,17036,NA,6767,2409,16264,2438,1376,1596,1359,1439,1329,1667,1664,2047
wAVELoPM,control,32,Male,Mixed,Other,"<10,000",Bachelor,3.933,4,0.5,3.73333333333333,4,-1,NA,NA,NA,0,0,0,0,0,0,0,0,0,0,0,0,0,0,0,0,0,0,0,0,0,0,0,0,0,0,0,0,3,3,3,3,3,3,3,3,3,3,3,3,3,3,0,0,0,0,0,0,0,0,0,0,0,0,0,0,NA,NA,NA,NA,NA,NA,NA,NA,NA,NA,NA,NA,NA,NA,NA,NA,NA,NA,NA,NA,NA,NA,NA,NA,NA,NA,NA,NA
HsVdntSy,assistant_low,40,Male,White,Private sector,"<10,000",Bachelor,2.733,4,3,2.4,4,4,6,3,2,1,0,0,0,1,0,2,0,0,0,0,0,0,0,0,0,0,0,2,0,2,0,0,0,0,0,0,0,3,3,3,3,3,3,3,3,3,3,3,3,3,3,0.333333333333333,0,0,0,0.333333333333333,0,0.666666666666667,0,0,0,0,0,0,0,NA,NA,NA,NA,NA,NA,NA,NA,NA,NA,NA,NA,NA,NA,12892,NA,NA,NA,NA,NA,NA,NA,NA,NA,NA,NA,NA,NA
rQElByEj,assistant_high,43,Male,White,Self-employed/Freelancer,"10,001-20,000",Bachelor,3.333,3,6,3.2,4,3.5,5,1,1,3,0,3,0,1,3,0,0,0,0,3,0,1,0,5,0,6,0,0,4,0,0,0,0,6,0,2,0,3,3,3,3,3,3,3,3,3,3,3,3,3,3,1,0,1,0,0.333333333333333,1,0,0,0,0,1,0,0.333333333333333,0,NA,NA,NA,NA,NA,NA,NA,NA,NA,NA,NA,NA,NA,NA,10208,5134,15997,3312,3348,1477,2802,1885,3645,2739,3509,1908,2414,3056
kSKYqlFt,assistant_medium,29,Female,Mixed,Student,"10,001-20,000",Master,3.933,4,-1,NA,NA,NA,NA,NA,NA,1,NA,NA,NA,NA,NA,NA,NA,NA,NA,NA,NA,NA,NA,1,NA,NA,NA,NA,NA,NA,NA,NA,NA,NA,NA,NA,NA,3,NA,NA,NA,NA,NA,NA,NA,NA,NA,NA,NA,NA,NA,0.333333333333333,NA,NA,NA,NA,NA,NA,NA,NA,NA,NA,NA,NA,NA,NA,NA,NA,NA,NA,NA,NA,NA,NA,NA,NA,NA,NA,NA,33184,NA,NA,NA,NA,NA,NA,NA,NA,NA,NA,NA,NA,NA
IyfBVopH,structure_high,26,Male,White,Self-employed/Freelancer,"<10,000",Bachelor,3.733,4,2.5,3.86666666666667,4,8.5,4,2,1,2,3,2,3,3,2,3,3,2,3,3,3,3,3,7,6,8,8,9,8,11,12,11,10,13,10,12,8,3,3,3,3,3,3,3,3,3,3,3,3,3,3,0.666666666666667,1,0.666666666666667,1,1,0.666666666666667,1,1,0.666666666666667,1,1,1,1,1,NA,NA,NA,NA,NA,NA,NA,NA,NA,NA,NA,NA,NA,NA,NA,NA,NA,NA,NA,NA,NA,NA,NA,NA,NA,NA,NA,NA
jRHAlomR,assistant_high,21,Male,NA,Student,"<10,000",Bachelor,4.2,4,-1,4.46666666666667,4,5,3,5,5,1,1,0,1,0,0,0,1,0,1,1,0,0,0,1,0,0,0,0,0,0,0,0,0,0,0,0,0,3,3,3,3,3,3,3,3,3,3,3,3,3,3,0.333333333333333,0.333333333333333,0,0.333333333333333,0,0,0,0.333333333333333,0,0.333333333333333,0.333333333333333,0,0,0,NA,NA,NA,NA,NA,NA,NA,NA,NA,NA,NA,NA,NA,NA,11110,5794,4491,4481,4679,2878,1803,4190,5282,3944,30458,2593,10844,4244
jcsnMctH,structure_low,22,Female,Other,Private sector,"<10,000",Bachelor,4.133,5,7,NA,NA,NA,NA,NA,NA,2,NA,0,0,2,1,1,0,2,0,2,0,3,1,2,NA,0,0,4,5,2,0,4,0,4,0,6,5,3,NA,3,3,3,3,3,3,3,3,3,3,3,3,0.666666666666667,NA,0,0,0.666666666666667,0.333333333333333,0.333333333333333,0,0.666666666666667,0,0.666666666666667,0,1,0.333333333333333,NA,NA,NA,NA,NA,NA,NA,NA,NA,NA,NA,NA,NA,NA,NA,NA,NA,NA,NA,NA,NA,NA,NA,NA,NA,NA,NA,NA
xqYfSnZI,assistant_high,29,Female,White,Private sector,"10,001-20,000",Senior high,4.133,4,1.5,NA,NA,NA,NA,NA,NA,3,1,3,3,3,2,3,1,NA,1,NA,NA,NA,3,5,1,5,1,7,3,6,0,NA,1,NA,NA,NA,3,3,3,3,3,3,3,3,3,NA,3,NA,NA,NA,3,1,0.333333333333333,1,1,1,0.666666666666667,1,0.333333333333333,NA,0.333333333333333,NA,NA,NA,1,NA,NA,NA,NA,NA,NA,NA,NA,NA,NA,NA,NA,NA,NA,16800,8859,2418,2094,2618,5130,2214,3218,NA,2982,NA,NA,NA,3265
YGQogBnV,assistant_medium,28,Female,Mixed,Private sector,"<10,000",Master,4.133,2,2,4,4,5,5,3,2,1,3,2,1,1,1,1,2,2,3,1,0,3,2,0,5,2,3,1,2,0,4,1,8,1,0,3,6,3,3,3,3,3,3,3,3,3,3,3,3,3,3,0.333333333333333,1,0.666666666666667,0.333333333333333,0.333333333333333,0.333333333333333,0.333333333333333,0.666666666666667,0.666666666666667,1,0.333333333333333,0,1,0.666666666666667,NA,NA,NA,NA,NA,NA,NA,NA,NA,NA,NA,NA,NA,NA,7857,NA,NA,4083,NA,NA,3711,NA,NA,3099,NA,NA,3073,NA
NZCofpUv,information_low,30,Female,Asian,Self-employed/Freelancer,"10,001-20,000",Bachelor,3.733,5,1,3.53333333333333,5,0,6,1,4,1,1,1,1,1,0,0,1,0,0,1,0,0,0,0,1,1,0,1,0,0,3,0,0,1,0,0,0,3,3,3,3,3,3,3,3,3,3,3,3,3,3,0.333333333333333,0.333333333333333,0.333333333333333,0.333333333333333,0.333333333333333,0,0,0.333333333333333,0,0,0.333333333333333,0,0,0,28479,NA,NA,NA,NA,NA,NA,NA,NA,NA,NA,NA,NA,NA,NA,NA,NA,NA,NA,NA,NA,NA,NA,NA,NA,NA,NA,NA
krQWwDxo,assistant_medium,21,Female,NA,Student,"<10,000",Bachelor,3,4,1,NA,NA,NA,NA,NA,NA,1,0,NA,NA,0,0,NA,1,0,NA,NA,1,0,0,2,0,NA,NA,0,0,NA,3,0,NA,NA,4,0,0,3,3,NA,NA,3,3,NA,3,3,NA,NA,3,3,3,0.333333333333333,0,NA,NA,0,0,NA,0.333333333333333,0,NA,NA,0.333333333333333,0,0,NA,NA,NA,NA,NA,NA,NA,NA,NA,NA,NA,NA,NA,NA,18411,NA,NA,NA,NA,NA,NA,NA,NA,NA,NA,NA,2687,NA
szXtkssM,assistant_medium,28,Male,White,Self-employed/Freelancer,"<10,000",Bachelor,3.6,4,4,3.66666666666667,4,1,5,4,4,3,2,3,2,3,2,3,2,3,1,3,2,3,2,3,2,6,5,8,4,5,7,8,3,7,6,8,5,3,3,3,3,3,3,3,3,3,3,3,3,3,3,1,0.666666666666667,1,0.666666666666667,1,0.666666666666667,1,0.666666666666667,1,0.333333333333333,1,0.666666666666667,1,0.666666666666667,NA,NA,NA,NA,NA,NA,NA,NA,NA,NA,NA,NA,NA,NA,35102,NA,NA,15264,NA,NA,6353,NA,NA,20221,NA,NA,9093,NA
EIjDTawG,structure_medium,19,Male,Mixed,Student,"<10,000",Senior high,3.333,4,-0.5,NA,NA,NA,NA,NA,NA,3,1,2,0,2,0,NA,0,3,0,1,NA,NA,NA,4,1,5,0,4,0,NA,0,8,0,2,NA,NA,NA,3,3,3,3,3,3,NA,3,3,3,3,NA,NA,NA,1,0.333333333333333,0.666666666666667,0,0.666666666666667,0,NA,0,1,0,0.333333333333333,NA,NA,NA,NA,NA,NA,NA,NA,NA,NA,NA,NA,NA,NA,NA,NA,NA,NA,NA,NA,NA,NA,NA,NA,NA,NA,NA,NA,NA,NA,NA
bCPTXfDX,information_medium,34,Female,Black,Other,"<10,000",Senior high,4.6,4,0,NA,NA,NA,NA,NA,NA,1,0,NA,0,NA,0,0,0,0,0,0,0,0,0,5,0,NA,0,NA,0,0,0,0,0,0,0,0,0,3,3,NA,3,NA,3,3,3,3,3,3,3,3,3,0.333333333333333,0,NA,0,NA,0,0,0,0,0,0,0,0,0,19351,NA,NA,7197,NA,NA,3120,NA,NA,17118,NA,NA,2557,NA,NA,NA,NA,NA,NA,NA,NA,NA,NA,NA,NA,NA,NA,NA
qYAeWmBD,assistant_low,27,Male,White,Private sector,"20,001-30,000",Bachelor,2.867,3,1.5,3.26666666666667,4,1.5,3,5,6,0,3,3,2,2,1,0,0,0,2,2,0,0,0,0,7,7,8,4,3,0,0,0,6,8,0,0,0,3,3,3,3,3,3,3,3,3,3,3,3,3,3,0,1,1,0.666666666666667,0.666666666666667,0.333333333333333,0,0,0,0.666666666666667,0.666666666666667,0,0,0,NA,NA,NA,NA,NA,NA,NA,NA,NA,NA,NA,NA,NA,NA,10890,NA,NA,NA,NA,NA,NA,NA,NA,NA,NA,NA,NA,NA
dlveoiKU,control,34,Male,White,Private sector,">60,000",Bachelor,3.733,4,-3,NA,NA,NA,NA,NA,NA,3,0,0,NA,NA,NA,NA,1,1,2,NA,NA,NA,NA,4,0,0,NA,NA,NA,NA,2,3,5,NA,NA,NA,NA,3,3,3,NA,NA,NA,NA,3,3,3,NA,NA,NA,NA,1,0,0,NA,NA,NA,NA,0.333333333333333,0.333333333333333,0.666666666666667,NA,NA,NA,NA,NA,NA,NA,NA,NA,NA,NA,NA,NA,NA,NA,NA,NA,NA,NA,NA,NA,NA,NA,NA,NA,NA,NA,NA,NA,NA,NA,NA
EFXoScEi,assistant_medium,21,Male,Black,Government/Public sector,">60,000",Doctoral,3.267,5,5,3.93333333333333,4,9,6,4,3,0,0,0,1,0,0,0,0,0,1,0,0,0,0,0,0,0,1,0,0,0,0,0,0,0,0,0,0,3,3,3,3,3,3,3,3,3,3,3,3,3,3,0,0,0,0.333333333333333,0,0,0,0,0,0.333333333333333,0,0,0,0,NA,NA,NA,NA,NA,NA,NA,NA,NA,NA,NA,NA,NA,NA,15962,NA,NA,7038,NA,NA,4677,NA,NA,7229,NA,NA,4889,NA
kNEcJpPN,information_low,28,Male,White,Other,"10,001-20,000",Senior high,3.533,4,0,3.06666666666667,4,1,6,1,1,3,1,3,3,2,3,3,3,3,3,2,3,2,3,2,4,8,5,9,9,8,10,9,10,8,11,9,11,3,3,3,3,3,3,3,3,3,3,3,3,3,3,1,0.333333333333333,1,1,0.666666666666667,1,1,1,1,1,0.666666666666667,1,0.666666666666667,1,24163,NA,NA,NA,NA,NA,NA,NA,NA,NA,NA,NA,NA,NA,NA,NA,NA,NA,NA,NA,NA,NA,NA,NA,NA,NA,NA,NA
IjPPJPsW,assistant_medium,43,Female,White,Self-employed/Freelancer,"<10,000",College diploma,4.267,5,9,4.53333333333333,5,4,4,4,4,3,1,2,0,3,0,3,0,3,0,3,0,3,0,3,1,6,0,6,0,8,0,7,0,9,0,6,0,3,3,3,3,3,3,3,3,3,3,3,3,3,3,1,0.333333333333333,0.666666666666667,0,1,0,1,0,1,0,1,0,1,0,NA,NA,NA,NA,NA,NA,NA,NA,NA,NA,NA,NA,NA,NA,12258,NA,NA,5517,NA,NA,4942,NA,NA,2793,NA,NA,2065,NA
BMIMovrd,structure_high,33,Female,Other,Government/Public sector,"20,001-30,000",Master,4.267,4,-0.5,4.2,4,0,5,2,2,1,3,3,2,3,3,2,3,3,3,2,2,2,3,2,7,6,8,6,7,6,9,8,9,4,7,3,9,3,3,3,3,3,3,3,3,3,3,3,3,3,3,0.333333333333333,1,1,0.666666666666667,1,1,0.666666666666667,1,1,1,0.666666666666667,0.666666666666667,0.666666666666667,1,NA,NA,NA,NA,NA,NA,NA,NA,NA,NA,NA,NA,NA,NA,NA,NA,NA,NA,NA,NA,NA,NA,NA,NA,NA,NA,NA,NA
FrUtWjps,structure_medium,30,Female,Mixed,Self-employed/Freelancer,"<10,000",Senior high,2.933,5,12,2.6,5,7,5,7,7,3,3,1,1,0,0,3,0,0,3,0,0,3,0,4,5,2,2,0,0,10,0,0,8,0,0,6,0,3,3,3,3,3,3,3,3,3,3,3,3,3,3,1,1,0.333333333333333,0.333333333333333,0,0,1,0,0,1,0,0,1,0,NA,NA,NA,NA,NA,NA,NA,NA,NA,NA,NA,NA,NA,NA,NA,NA,NA,NA,NA,NA,NA,NA,NA,NA,NA,NA,NA,NA
xMkNZfuW,structure_high,43,Female,White,Self-employed/Freelancer,"10,001-20,000",Master,4.333,3,-1,4.2,3,-1.5,5,2,1,3,0,3,1,3,1,1,1,0,0,0,0,1,0,5,0,5,0,4,0,0,0,0,0,0,0,0,0,3,3,3,3,3,3,3,3,3,3,3,3,3,3,1,0,1,0.333333333333333,1,0.333333333333333,0.333333333333333,0.333333333333333,0,0,0,0,0.333333333333333,0,NA,NA,NA,NA,NA,NA,NA,NA,NA,NA,NA,NA,NA,NA,NA,NA,NA,NA,NA,NA,NA,NA,NA,NA,NA,NA,NA,NA
vDzIzcWo,information_low,27,Male,Mixed,Self-employed/Freelancer,"10,001-20,000",Senior high,3.267,4,5,3.66666666666667,4,1,6,2,2,2,1,3,0,3,0,3,0,3,0,1,0,3,0,7,1,8,0,8,0,8,0,10,0,4,0,9,0,3,3,3,3,3,3,3,3,3,3,3,3,3,3,0.666666666666667,0.333333333333333,1,0,1,0,1,0,1,0,0.333333333333333,0,1,0,32102,NA,NA,NA,NA,NA,NA,NA,NA,NA,NA,NA,NA,NA,NA,NA,NA,NA,NA,NA,NA,NA,NA,NA,NA,NA,NA,NA
JGxUmOZg,information_high,34,Female,White,Other,"<10,000",Bachelor,3.333,4,2,3.2,3,-1,5,3,3,2,1,1,2,2,3,1,1,1,3,1,2,2,1,4,3,2,3,3,4,3,4,3,6,5,3,2,4,3,3,3,3,3,3,3,3,3,3,3,3,3,3,0.666666666666667,0.333333333333333,0.333333333333333,0.666666666666667,0.666666666666667,1,0.333333333333333,0.333333333333333,0.333333333333333,1,0.333333333333333,0.666666666666667,0.666666666666667,0.333333333333333,19626,593,472,7590,726,1559,631,1285,696,1170,1638,1023,1308,1667,NA,NA,NA,NA,NA,NA,NA,NA,NA,NA,NA,NA,NA,NA
uxXCSNsS,structure_medium,28,Male,Mixed,Self-employed/Freelancer,"10,001-20,000",Bachelor,4.733,5,9,NA,NA,NA,NA,NA,NA,3,1,3,3,3,2,3,0,3,1,3,3,3,NA,6,1,7,6,9,6,9,0,9,5,12,10,9,NA,3,3,3,3,3,3,3,3,3,3,3,3,3,NA,1,0.333333333333333,1,1,1,0.666666666666667,1,0,1,0.333333333333333,1,1,1,NA,NA,NA,NA,NA,NA,NA,NA,NA,NA,NA,NA,NA,NA,NA,NA,NA,NA,NA,NA,NA,NA,NA,NA,NA,NA,NA,NA,NA
RfhVoeYI,assistant_medium,28,Male,Other,Self-employed/Freelancer,"<10,000",Senior high,3.333,4,2,4.26666666666667,4,6.5,4,3,2,1,2,1,3,0,3,0,3,0,3,0,3,0,3,2,3,1,8,0,9,0,9,0,9,0,10,0,9,3,3,3,3,3,3,3,3,3,3,3,3,3,3,0.333333333333333,0.666666666666667,0.333333333333333,1,0,1,0,1,0,1,0,1,0,1,NA,NA,NA,NA,NA,NA,NA,NA,NA,NA,NA,NA,NA,NA,14675,NA,NA,15556,NA,NA,19453,NA,NA,13473,NA,NA,11112,NA
jcvLwMLY,structure_high,28,Male,Asian,Self-employed/Freelancer,"10,001-20,000",Bachelor,3.8,4,7,3.86666666666667,4,6,3,3,1,0,2,2,3,3,2,3,3,3,2,2,2,3,3,0,6,4,7,10,5,6,9,10,11,9,6,13,10,3,3,3,3,3,3,3,3,3,3,3,3,3,3,0,0.666666666666667,0.666666666666667,1,1,0.666666666666667,1,1,1,0.666666666666667,0.666666666666667,0.666666666666667,1,1,NA,NA,NA,NA,NA,NA,NA,NA,NA,NA,NA,NA,NA,NA,NA,NA,NA,NA,NA,NA,NA,NA,NA,NA,NA,NA,NA,NA
HCsJGDek,information_high,26,Male,Asian,Private sector,"10,001-20,000",Bachelor,3.2,4,4.5,NA,NA,NA,NA,NA,NA,0,0,1,1,1,0,0,0,NA,0,NA,0,0,1,0,0,2,2,2,0,0,0,NA,0,NA,0,0,0,3,3,3,3,3,3,3,3,NA,3,NA,3,3,3,0,0,0.333333333333333,0.333333333333333,0.333333333333333,0,0,0,NA,0,NA,0,0,0.333333333333333,14024,3451,7985,3030,2840,1219,1384,2012,NA,3839,NA,2489,1955,1972,NA,NA,NA,NA,NA,NA,NA,NA,NA,NA,NA,NA,NA,NA
LtiyNyVc,assistant_high,20,Male,Asian,Private sector,"10,001-20,000",College diploma,3.533,4,-2,NA,NA,NA,NA,NA,NA,2,1,3,1,3,2,3,0,3,NA,2,3,1,3,5,1,8,1,6,3,7,0,10,NA,8,6,0,8,3,3,3,3,3,3,3,3,3,NA,3,3,3,3,0.666666666666667,0.333333333333333,1,0.333333333333333,1,0.666666666666667,1,0,1,NA,0.666666666666667,1,0.333333333333333,1,NA,NA,NA,NA,NA,NA,NA,NA,NA,NA,NA,NA,NA,NA,8405,17864,9215,4734,1960,2188,1551,1633,2729,NA,1899,1988,6075,2938
dIKxEtKF,assistant_low,25,Male,Asian,Private sector,"<10,000",Bachelor,3.6,4,0,3.73333333333333,4,1,6,2,2,3,3,3,1,2,2,3,3,3,2,1,3,2,3,3,5,2,5,3,5,6,11,6,11,4,13,6,14,3,3,3,3,3,3,3,3,3,3,3,3,3,3,1,1,1,0.333333333333333,0.666666666666667,0.666666666666667,1,1,1,0.666666666666667,0.333333333333333,1,0.666666666666667,1,NA,NA,NA,NA,NA,NA,NA,NA,NA,NA,NA,NA,NA,NA,18504,NA,NA,NA,NA,NA,NA,NA,NA,NA,NA,NA,NA,NA
uRXSlNNN,structure_medium,20,Male,Asian,Self-employed/Freelancer,"30,001-40,000",Bachelor,3.333,4,2.5,3.26666666666667,4,3.5,5,4,5,2,3,3,2,3,3,3,3,3,2,3,3,3,3,1,6,9,8,10,7,11,7,10,8,10,8,9,6,3,3,3,3,3,3,3,3,3,3,3,3,3,3,0.666666666666667,1,1,0.666666666666667,1,1,1,1,1,0.666666666666667,1,1,1,1,NA,NA,NA,NA,NA,NA,NA,NA,NA,NA,NA,NA,NA,NA,NA,NA,NA,NA,NA,NA,NA,NA,NA,NA,NA,NA,NA,NA
ncWYMxUe,structure_high,23,Male,Asian,Private sector,"10,001-20,000",Bachelor,3.933,5,12.5,3.86666666666667,5,10.5,7,1,1,2,3,2,2,3,3,2,2,2,3,3,3,3,2,4,6,11,5,10,4,10,5,10,6,13,5,11,6,3,3,3,3,3,3,3,3,3,3,3,3,3,3,0.666666666666667,1,0.666666666666667,0.666666666666667,1,1,0.666666666666667,0.666666666666667,0.666666666666667,1,1,1,1,0.666666666666667,NA,NA,NA,NA,NA,NA,NA,NA,NA,NA,NA,NA,NA,NA,NA,NA,NA,NA,NA,NA,NA,NA,NA,NA,NA,NA,NA,NA
joDmlTvB,structure_medium,27,Male,Asian,Private sector,"20,001-30,000",Bachelor,3.267,5,4,2.26666666666667,4,2,6,2,3,0,0,0,3,0,0,3,0,0,3,0,0,3,0,0,0,0,8,0,0,6,0,0,10,0,0,6,0,3,3,3,3,3,3,3,3,3,3,3,3,3,3,0,0,0,1,0,0,1,0,0,1,0,0,1,0,NA,NA,NA,NA,NA,NA,NA,NA,NA,NA,NA,NA,NA,NA,NA,NA,NA,NA,NA,NA,NA,NA,NA,NA,NA,NA,NA,NA
kuDUSVrt,structure_low,25,Male,Asian,Student,"<10,000",Bachelor,3.333,4,1.5,3.66666666666667,4,2.5,6,3,2,1,1,1,0,0,1,1,1,0,0,3,1,0,2,1,3,1,0,0,5,1,3,0,0,2,4,0,7,3,3,3,3,3,3,3,3,3,3,3,3,3,3,0.333333333333333,0.333333333333333,0.333333333333333,0,0,0.333333333333333,0.333333333333333,0.333333333333333,0,0,1,0.333333333333333,0,0.666666666666667,NA,NA,NA,NA,NA,NA,NA,NA,NA,NA,NA,NA,NA,NA,NA,NA,NA,NA,NA,NA,NA,NA,NA,NA,NA,NA,NA,NA
EhFEvNuJ,assistant_medium,30,Male,Asian,Private sector,"30,001-40,000",Bachelor,4.2,5,4,3.73333333333333,5,10,5,5,1,0,2,0,0,1,1,2,1,3,0,0,0,2,0,0,0,0,0,1,0,4,0,7,0,0,0,2,0,3,3,3,3,3,3,3,3,3,3,3,3,3,3,0,0.666666666666667,0,0,0.333333333333333,0.333333333333333,0.666666666666667,0.333333333333333,1,0,0,0,0.666666666666667,0,NA,NA,NA,NA,NA,NA,NA,NA,NA,NA,NA,NA,NA,NA,27956,NA,NA,11333,NA,NA,7549,NA,NA,6518,NA,NA,11314,NA
brOXtSYK,assistant_high,20,Male,Asian,Private sector,"30,001-40,000",Bachelor,3.933,4,2.5,4.6,4,6,3,4,4,2,2,1,3,0,2,0,3,1,2,0,3,0,3,4,5,2,8,0,11,0,13,1,11,0,14,0,16,3,3,3,3,3,3,3,3,3,3,3,3,3,3,0.666666666666667,0.666666666666667,0.333333333333333,1,0,0.666666666666667,0,1,0.333333333333333,0.666666666666667,0,1,0,1,NA,NA,NA,NA,NA,NA,NA,NA,NA,NA,NA,NA,NA,NA,13868,10426,18650,29974,3311,3485,3985,5273,3632,3891,3599,3284,3564,3698
PXAtPQms,assistant_high,29,Male,Asian,Self-employed/Freelancer,"10,001-20,000",Bachelor,2.933,4,1.5,NA,NA,NA,NA,NA,NA,3,NA,NA,NA,NA,NA,NA,NA,NA,NA,NA,NA,NA,NA,0,NA,NA,NA,NA,NA,NA,NA,NA,NA,NA,NA,NA,NA,3,NA,NA,NA,NA,NA,NA,NA,NA,NA,NA,NA,NA,NA,1,NA,NA,NA,NA,NA,NA,NA,NA,NA,NA,NA,NA,NA,NA,NA,NA,NA,NA,NA,NA,NA,NA,NA,NA,NA,NA,NA,19774,NA,NA,NA,NA,NA,NA,NA,NA,NA,NA,NA,NA,NA
oStanwHx,assistant_low,22,Male,Asian,Private sector,"<10,000",Bachelor,3.8,4,4.5,NA,NA,NA,NA,NA,NA,3,2,3,0,0,0,2,0,3,NA,NA,NA,2,1,0,0,2,0,0,0,6,0,5,NA,NA,NA,5,0,3,3,3,3,3,3,3,3,3,NA,NA,NA,3,3,1,0.666666666666667,1,0,0,0,0.666666666666667,0,1,NA,NA,NA,0.666666666666667,0.333333333333333,NA,NA,NA,NA,NA,NA,NA,NA,NA,NA,NA,NA,NA,NA,18561,NA,NA,NA,NA,NA,NA,NA,NA,NA,NA,NA,NA,NA
NQsIcDIS,assistant_medium,20,Male,Asian,Student,"10,001-20,000",Senior high,3.333,5,11.5,3.73333333333333,5,6.5,7,3,3,3,2,1,2,1,2,1,1,0,2,0,1,1,2,2,1,5,2,4,2,3,1,0,4,0,2,4,5,3,3,3,3,3,3,3,3,3,3,3,3,3,3,1,0.666666666666667,0.333333333333333,0.666666666666667,0.333333333333333,0.666666666666667,0.333333333333333,0.333333333333333,0,0.666666666666667,0,0.333333333333333,0.333333333333333,0.666666666666667,NA,NA,NA,NA,NA,NA,NA,NA,NA,NA,NA,NA,NA,NA,17721,NA,NA,23598,NA,NA,7599,NA,NA,3801,NA,NA,5430,NA
hMKUjbkz,control,27,Male,Asian,Private sector,"<10,000",Bachelor,4.2,4,5.5,4.33333333333333,3,1.5,NA,NA,NA,2,2,3,2,3,2,3,3,2,3,3,2,2,3,3,5,4,4,3,8,4,4,4,6,4,9,5,8,3,3,3,3,3,3,3,3,3,3,3,3,3,3,0.666666666666667,0.666666666666667,1,0.666666666666667,1,0.666666666666667,1,1,0.666666666666667,1,1,0.666666666666667,0.666666666666667,1,NA,NA,NA,NA,NA,NA,NA,NA,NA,NA,NA,NA,NA,NA,NA,NA,NA,NA,NA,NA,NA,NA,NA,NA,NA,NA,NA,NA
HfDXjzbf,information_medium,18,Male,Asian,Student,"<10,000",Senior high,3.867,4,8,3.66666666666667,5,9,5,3,5,0,0,2,0,1,0,1,0,3,0,2,0,3,0,0,0,6,0,5,0,4,0,9,0,8,0,8,0,3,3,3,3,3,3,3,3,3,3,3,3,3,3,0,0,0.666666666666667,0,0.333333333333333,0,0.333333333333333,0,1,0,0.666666666666667,0,1,0,40785,NA,NA,1169,NA,NA,976,NA,NA,1429,NA,NA,751,NA,NA,NA,NA,NA,NA,NA,NA,NA,NA,NA,NA,NA,NA,NA
xjyPabUo,information_medium,20,Male,Asian,Private sector,"<10,000",Bachelor,3.867,4,2,3.8,4,3,4,4,4,2,1,0,0,1,1,0,2,1,1,1,1,2,0,0,2,0,0,4,3,0,4,4,2,3,4,3,0,3,3,3,3,3,3,3,3,3,3,3,3,3,3,0.666666666666667,0.333333333333333,0,0,0.333333333333333,0.333333333333333,0,0.666666666666667,0.333333333333333,0.333333333333333,0.333333333333333,0.333333333333333,0.666666666666667,0,4410,NA,NA,5792,NA,NA,826,NA,NA,1004,NA,NA,2393,NA,NA,NA,NA,NA,NA,NA,NA,NA,NA,NA,NA,NA,NA,NA
CMjavmCy,control,27,Male,Asian,Private sector,"40,001-60,000",Bachelor,3.8,4,2.5,3.66666666666667,4,4,NA,NA,NA,2,1,1,2,2,2,2,1,2,2,2,2,2,2,6,2,4,4,3,5,6,4,7,4,7,5,7,4,3,3,3,3,3,3,3,3,3,3,3,3,3,3,0.666666666666667,0.333333333333333,0.333333333333333,0.666666666666667,0.666666666666667,0.666666666666667,0.666666666666667,0.333333333333333,0.666666666666667,0.666666666666667,0.666666666666667,0.666666666666667,0.666666666666667,0.666666666666667,NA,NA,NA,NA,NA,NA,NA,NA,NA,NA,NA,NA,NA,NA,NA,NA,NA,NA,NA,NA,NA,NA,NA,NA,NA,NA,NA,NA
qAnkbzkN,structure_medium,32,Male,Black,Private sector,"40,001-60,000",Master,2.533,4,0,2.46666666666667,5,5.5,7,1,3,0,3,0,3,2,3,3,3,3,3,3,3,2,3,0,4,0,5,0,5,8,5,5,6,8,6,9,8,3,3,3,3,3,3,3,3,3,3,3,3,3,3,0,1,0,1,0.666666666666667,1,1,1,1,1,1,1,0.666666666666667,1,NA,NA,NA,NA,NA,NA,NA,NA,NA,NA,NA,NA,NA,NA,NA,NA,NA,NA,NA,NA,NA,NA,NA,NA,NA,NA,NA,NA
fKDCvBqz,information_high,25,Male,Asian,Private sector,"10,001-20,000",Bachelor,3.467,2,0,3.93333333333333,5,8,6,4,3,0,0,1,1,0,0,1,0,0,1,1,0,0,0,0,0,1,3,0,0,0,0,0,3,0,0,0,0,3,3,3,3,3,3,3,3,3,3,3,3,3,3,0,0,0.333333333333333,0.333333333333333,0,0,0.333333333333333,0,0,0.333333333333333,0.333333333333333,0,0,0,16982,2961,2273,2273,7506,2308,2291,3282,2312,2279,2419,2273,2273,3143,NA,NA,NA,NA,NA,NA,NA,NA,NA,NA,NA,NA,NA,NA
bpVeFqcd,structure_low,23,Male,Asian,Student,"40,001-60,000",Bachelor,3.733,4,4.5,NA,NA,NA,NA,NA,NA,1,0,3,1,1,0,NA,0,1,1,2,NA,0,0,1,0,2,0,0,0,NA,0,1,2,1,NA,0,0,3,3,3,3,3,3,NA,3,3,3,3,NA,3,3,0.333333333333333,0,1,0.333333333333333,0.333333333333333,0,NA,0,0.333333333333333,0.333333333333333,0.666666666666667,NA,0,0,NA,NA,NA,NA,NA,NA,NA,NA,NA,NA,NA,NA,NA,NA,NA,NA,NA,NA,NA,NA,NA,NA,NA,NA,NA,NA,NA,NA
WbJogBsO,information_high,23,Male,Asian,Student,">60,000",Bachelor,4,4,4.5,NA,NA,NA,NA,NA,NA,1,1,1,1,2,1,0,NA,0,1,NA,0,0,0,0,1,0,1,2,1,0,NA,0,0,NA,0,0,0,3,3,3,3,3,3,3,NA,3,3,NA,3,3,3,0.333333333333333,0.333333333333333,0.333333333333333,0.333333333333333,0.666666666666667,0.333333333333333,0,NA,0,0.333333333333333,NA,0,0,0,19998,3189,1779,1108,1021,997,1474,NA,1849,1564,NA,1130,919,1752,NA,NA,NA,NA,NA,NA,NA,NA,NA,NA,NA,NA,NA,NA
qGfxTOLH,structure_low,29,Male,Asian,Student,"<10,000",Junior high,2.933,2,4.5,3.13333333333333,5,2,5,5,5,2,3,1,3,1,3,1,1,0,2,0,3,0,3,0,4,0,3,0,0,0,0,0,0,0,0,0,0,3,3,3,3,3,3,3,3,3,3,3,3,3,3,0.666666666666667,1,0.333333333333333,1,0.333333333333333,1,0.333333333333333,0.333333333333333,0,0.666666666666667,0,1,0,1,NA,NA,NA,NA,NA,NA,NA,NA,NA,NA,NA,NA,NA,NA,NA,NA,NA,NA,NA,NA,NA,NA,NA,NA,NA,NA,NA,NA
KtWmLJqi,assistant_low,21,Male,Asian,Student,"10,001-20,000",Bachelor,4.533,1,12,4.33333333333333,4,7,7,1,1,0,2,0,0,0,0,0,1,0,1,0,0,0,0,0,4,0,0,0,0,0,1,0,1,0,0,0,0,3,3,3,3,3,3,3,3,3,3,3,3,3,3,0,0.666666666666667,0,0,0,0,0,0.333333333333333,0,0.333333333333333,0,0,0,0,NA,NA,NA,NA,NA,NA,NA,NA,NA,NA,NA,NA,NA,NA,8911,NA,NA,NA,NA,NA,NA,NA,NA,NA,NA,NA,NA,NA
yPIZPRui,assistant_low,18,Female,White,Student,"<10,000",Senior high,3.667,4,2,3.8,4,3,5,3,3,3,2,0,2,0,3,0,0,0,0,0,3,0,0,5,4,0,8,0,8,0,0,0,0,0,9,0,0,3,3,3,3,3,3,3,3,3,3,3,3,3,3,1,0.666666666666667,0,0.666666666666667,0,1,0,0,0,0,0,1,0,0,NA,NA,NA,NA,NA,NA,NA,NA,NA,NA,NA,NA,NA,NA,12109,NA,NA,NA,NA,NA,NA,NA,NA,NA,NA,NA,NA,NA
hOdxTmzd,control,19,Male,Asian,Student,"20,001-30,000",Bachelor,4.067,4,6,4.06666666666667,4,3.5,NA,NA,NA,2,0,1,0,0,0,0,0,0,0,0,0,0,0,4,0,2,0,0,0,0,0,0,0,0,0,0,0,3,3,3,3,3,3,3,3,3,3,3,3,3,3,0.666666666666667,0,0.333333333333333,0,0,0,0,0,0,0,0,0,0,0,NA,NA,NA,NA,NA,NA,NA,NA,NA,NA,NA,NA,NA,NA,NA,NA,NA,NA,NA,NA,NA,NA,NA,NA,NA,NA,NA,NA
QqMMMQHh,control,22,Male,Asian,Student,"<10,000",Bachelor,3.333,4,6,3.26666666666667,5,0.5,NA,NA,NA,2,0,3,0,2,0,3,0,1,0,2,0,3,0,3,0,3,0,3,0,3,0,2,0,3,0,3,0,3,3,3,3,3,3,3,3,3,3,3,3,3,3,0.666666666666667,0,1,0,0.666666666666667,0,1,0,0.333333333333333,0,0.666666666666667,0,1,0,NA,NA,NA,NA,NA,NA,NA,NA,NA,NA,NA,NA,NA,NA,NA,NA,NA,NA,NA,NA,NA,NA,NA,NA,NA,NA,NA,NA
YfMpevMb,information_medium,21,Male,Asian,Student,"<10,000",Bachelor,3.467,4,3,3.53333333333333,4,6,6,4,3,0,0,0,0,0,0,0,0,0,0,0,0,0,0,0,0,0,0,0,0,0,0,0,0,0,0,0,0,3,3,3,3,3,3,3,3,3,3,3,3,3,3,0,0,0,0,0,0,0,0,0,0,0,0,0,0,19119,NA,NA,5385,NA,NA,2482,NA,NA,2770,NA,NA,3055,NA,NA,NA,NA,NA,NA,NA,NA,NA,NA,NA,NA,NA,NA,NA
eVRuNsOH,information_medium,36,Male,Asian,Self-employed/Freelancer,"20,001-30,000",Master,3.867,4,8,4.2,4,3,6,6,6,0,3,3,3,1,3,0,3,0,3,0,3,0,2,0,4,3,6,2,6,0,6,0,5,0,5,0,6,3,3,3,3,3,3,3,3,3,3,3,3,3,3,0,1,1,1,0.333333333333333,1,0,1,0,1,0,1,0,0.666666666666667,12714,NA,NA,5666,NA,NA,3917,NA,NA,4006,NA,NA,2799,NA,NA,NA,NA,NA,NA,NA,NA,NA,NA,NA,NA,NA,NA,NA
VfcuyoyI,assistant_high,26,Male,Asian,Government/Public sector,"<10,000",Bachelor,3.933,4,8.5,3.53333333333333,4,3.5,7,3,2,3,3,0,1,0,0,1,1,0,1,1,1,0,0,3,3,0,0,0,0,0,0,0,0,0,0,0,0,3,3,3,3,3,3,3,3,3,3,3,3,3,3,1,1,0,0.333333333333333,0,0,0.333333333333333,0.333333333333333,0,0.333333333333333,0.333333333333333,0.333333333333333,0,0,NA,NA,NA,NA,NA,NA,NA,NA,NA,NA,NA,NA,NA,NA,13336,22081,8050,20682,3543,4884,3042,2029,4309,1775,1694,1552,1280,2520
QcIyvKmg,control,22,Male,Asian,Private sector,"10,001-20,000",Bachelor,3.6,5,5.5,3.53333333333333,4,5,NA,NA,NA,1,0,0,0,0,0,0,0,0,0,0,0,0,0,4,0,0,0,0,0,0,0,0,0,0,0,0,0,3,3,3,3,3,3,3,3,3,3,3,3,3,3,0.333333333333333,0,0,0,0,0,0,0,0,0,0,0,0,0,NA,NA,NA,NA,NA,NA,NA,NA,NA,NA,NA,NA,NA,NA,NA,NA,NA,NA,NA,NA,NA,NA,NA,NA,NA,NA,NA,NA
SlMTpdNP,structure_low,25,Female,Asian,Self-employed/Freelancer,">60,000",Master,3.867,5,12,NA,NA,NA,NA,NA,NA,2,2,1,NA,NA,NA,NA,NA,NA,NA,NA,NA,NA,NA,1,1,1,NA,NA,NA,NA,NA,NA,NA,NA,NA,NA,NA,3,3,3,NA,NA,NA,NA,NA,NA,NA,NA,NA,NA,NA,0.666666666666667,0.666666666666667,0.333333333333333,NA,NA,NA,NA,NA,NA,NA,NA,NA,NA,NA,NA,NA,NA,NA,NA,NA,NA,NA,NA,NA,NA,NA,NA,NA,NA,NA,NA,NA,NA,NA,NA,NA,NA,NA,NA,NA,NA,NA
VecqAAzs,information_medium,18,Male,Asian,Student,"<10,000",Senior high,3.6,4,3,NA,NA,NA,NA,NA,NA,0,0,1,0,0,0,0,0,NA,NA,NA,NA,NA,NA,0,0,2,0,0,0,0,0,NA,NA,NA,NA,NA,NA,3,3,3,3,3,3,3,3,NA,NA,NA,NA,NA,NA,0,0,0.333333333333333,0,0,0,0,0,NA,NA,NA,NA,NA,NA,19130,NA,NA,1197,NA,NA,1353,NA,NA,NA,NA,NA,NA,NA,NA,NA,NA,NA,NA,NA,NA,NA,NA,NA,NA,NA,NA,NA
AVVYhLWA,assistant_low,20,Male,Asian,Student,"<10,000",Bachelor,4.4,4,2.5,4.53333333333333,5,9,4,2,2,1,2,0,2,0,3,0,2,0,3,0,2,0,2,0,4,0,8,0,8,0,9,0,9,0,9,0,11,3,3,3,3,3,3,3,3,3,3,3,3,3,3,0.333333333333333,0.666666666666667,0,0.666666666666667,0,1,0,0.666666666666667,0,1,0,0.666666666666667,0,0.666666666666667,NA,NA,NA,NA,NA,NA,NA,NA,NA,NA,NA,NA,NA,NA,57897,NA,NA,NA,NA,NA,NA,NA,NA,NA,NA,NA,NA,NA
ystKBIzo,structure_low,36,Male,White,Self-employed/Freelancer,"40,001-60,000",Bachelor,3.867,3,0.5,4.06666666666667,4,-2.5,3,1,1,1,0,0,0,0,0,0,0,0,0,0,0,0,0,0,0,0,0,0,0,0,0,0,0,0,0,0,0,3,3,3,3,3,3,3,3,3,3,3,3,3,3,0.333333333333333,0,0,0,0,0,0,0,0,0,0,0,0,0,NA,NA,NA,NA,NA,NA,NA,NA,NA,NA,NA,NA,NA,NA,NA,NA,NA,NA,NA,NA,NA,NA,NA,NA,NA,NA,NA,NA
InPSmtLo,control,25,Male,Asian,Student,"<10,000",Master,3.533,4,2.5,2.93333333333333,4,1.5,NA,NA,NA,0,0,0,0,0,0,0,0,0,0,0,0,0,0,0,0,0,0,0,0,0,0,0,0,0,0,0,0,3,3,3,3,3,3,3,3,3,3,3,3,3,3,0,0,0,0,0,0,0,0,0,0,0,0,0,0,NA,NA,NA,NA,NA,NA,NA,NA,NA,NA,NA,NA,NA,NA,NA,NA,NA,NA,NA,NA,NA,NA,NA,NA,NA,NA,NA,NA
MufxTjBf,information_medium,26,Male,Asian,Government/Public sector,"20,001-30,000",Bachelor,3.267,4,4.5,3.46666666666667,4,7.5,6,1,2,3,3,3,3,3,3,3,3,2,3,3,3,3,3,2,7,2,5,4,8,3,10,3,9,6,9,7,6,3,3,3,3,3,3,3,3,3,3,3,3,3,3,1,1,1,1,1,1,1,1,0.666666666666667,1,1,1,1,1,28632,NA,NA,7215,NA,NA,4740,NA,NA,20346,NA,NA,6623,NA,NA,NA,NA,NA,NA,NA,NA,NA,NA,NA,NA,NA,NA,NA
OqElRmCo,structure_high,23,Male,Asian,Government/Public sector,"<10,000",Bachelor,3.467,4,1,NA,NA,NA,NA,NA,NA,1,3,1,0,0,NA,NA,NA,NA,NA,NA,NA,NA,NA,1,2,0,0,0,NA,NA,NA,NA,NA,NA,NA,NA,NA,3,3,3,3,3,NA,NA,NA,NA,NA,NA,NA,NA,NA,0.333333333333333,1,0.333333333333333,0,0,NA,NA,NA,NA,NA,NA,NA,NA,NA,NA,NA,NA,NA,NA,NA,NA,NA,NA,NA,NA,NA,NA,NA,NA,NA,NA,NA,NA,NA,NA,NA,NA,NA,NA,NA,NA,NA
BetuTRWf,information_low,20,Male,Asian,Private sector,"10,001-20,000",Bachelor,3.4,5,10,3.06666666666667,5,-2.5,7,3,5,0,0,0,0,0,0,0,0,0,0,0,0,0,0,0,0,0,0,0,0,0,0,0,0,0,0,0,0,3,3,3,3,3,3,3,3,3,3,3,3,3,3,0,0,0,0,0,0,0,0,0,0,0,0,0,0,34529,NA,NA,NA,NA,NA,NA,NA,NA,NA,NA,NA,NA,NA,NA,NA,NA,NA,NA,NA,NA,NA,NA,NA,NA,NA,NA,NA
LEAMwfIc,information_low,34,Female,White,Private sector,"20,001-30,000",Master,3.8,4,3,NA,NA,NA,NA,NA,NA,1,0,0,0,0,0,0,0,0,0,0,NA,0,0,1,0,0,0,0,0,0,0,0,0,0,NA,0,0,3,3,3,3,3,3,3,3,3,3,3,NA,3,3,0.333333333333333,0,0,0,0,0,0,0,0,0,0,NA,0,0,14331,NA,NA,NA,NA,NA,NA,NA,NA,NA,NA,NA,NA,NA,NA,NA,NA,NA,NA,NA,NA,NA,NA,NA,NA,NA,NA,NA
VhcMkbIy,assistant_low,25,Female,Black,Government/Public sector,"40,001-60,000",Bachelor,3.067,5,2.5,NA,NA,NA,NA,NA,NA,2,NA,1,0,NA,0,NA,0,0,0,NA,NA,0,NA,1,NA,0,0,NA,0,NA,0,0,0,NA,NA,0,NA,3,NA,3,3,NA,3,NA,3,3,3,NA,NA,3,NA,0.666666666666667,NA,0.333333333333333,0,NA,0,NA,0,0,0,NA,NA,0,NA,NA,NA,NA,NA,NA,NA,NA,NA,NA,NA,NA,NA,NA,NA,4993,NA,NA,NA,NA,NA,NA,NA,NA,NA,NA,NA,NA,NA
cHGoqvjA,control,23,Male,White,Other,"<10,000",Senior high,4,4,8,NA,NA,NA,NA,NA,NA,3,NA,NA,NA,NA,NA,NA,NA,NA,NA,NA,NA,NA,NA,7,NA,NA,NA,NA,NA,NA,NA,NA,NA,NA,NA,NA,NA,3,NA,NA,NA,NA,NA,NA,NA,NA,NA,NA,NA,NA,NA,1,NA,NA,NA,NA,NA,NA,NA,NA,NA,NA,NA,NA,NA,NA,NA,NA,NA,NA,NA,NA,NA,NA,NA,NA,NA,NA,NA,NA,NA,NA,NA,NA,NA,NA,NA,NA,NA,NA,NA,NA,NA
OAYBdojJ,assistant_medium,26,Male,Asian,Self-employed/Freelancer,"<10,000",Bachelor,4.133,5,4.5,4.13333333333333,5,7.5,7,2,2,3,3,3,3,3,3,3,3,3,3,3,3,3,3,3,8,6,8,6,9,9,12,9,11,8,9,10,10,3,3,3,3,3,3,3,3,3,3,3,3,3,3,1,1,1,1,1,1,1,1,1,1,1,1,1,1,NA,NA,NA,NA,NA,NA,NA,NA,NA,NA,NA,NA,NA,NA,6458,NA,NA,4281,NA,NA,4561,NA,NA,3933,NA,NA,3081,NA
ambibbBO,structure_medium,21,Male,Asian,Student,"<10,000",Senior high,3,5,5,3.26666666666667,5,2,7,2,2,1,0,0,0,0,1,0,2,0,2,1,1,1,1,0,0,0,0,0,1,0,4,0,2,0,2,2,1,3,3,3,3,3,3,3,3,3,3,3,3,3,3,0.333333333333333,0,0,0,0,0.333333333333333,0,0.666666666666667,0,0.666666666666667,0.333333333333333,0.333333333333333,0.333333333333333,0.333333333333333,NA,NA,NA,NA,NA,NA,NA,NA,NA,NA,NA,NA,NA,NA,NA,NA,NA,NA,NA,NA,NA,NA,NA,NA,NA,NA,NA,NA
XrMXQLJr,assistant_high,23,Male,Asian,Student,"<10,000",Bachelor,3.4,5,6,3.26666666666667,5,7.5,6,4,2,2,3,3,1,1,1,1,0,1,1,1,1,1,1,3,2,3,1,3,2,2,0,2,4,2,1,2,0,3,3,3,3,3,3,3,3,3,3,3,3,3,3,0.666666666666667,1,1,0.333333333333333,0.333333333333333,0.333333333333333,0.333333333333333,0,0.333333333333333,0.333333333333333,0.333333333333333,0.333333333333333,0.333333333333333,0.333333333333333,NA,NA,NA,NA,NA,NA,NA,NA,NA,NA,NA,NA,NA,NA,112920,19768,15927,5784,3159,5365,2434,55075,1961,3742,3704,2784,6927,1973
eOqLWheo,control,26,Male,Asian,Private sector,"20,001-30,000",Bachelor,3.4,5,5.5,2.8,4,2,NA,NA,NA,0,0,0,0,1,0,0,2,3,2,0,3,1,3,0,0,0,0,4,0,0,5,4,5,0,6,2,6,3,3,3,3,3,3,3,3,3,3,3,3,3,3,0,0,0,0,0.333333333333333,0,0,0.666666666666667,1,0.666666666666667,0,1,0.333333333333333,1,NA,NA,NA,NA,NA,NA,NA,NA,NA,NA,NA,NA,NA,NA,NA,NA,NA,NA,NA,NA,NA,NA,NA,NA,NA,NA,NA,NA
FftilUPu,assistant_high,41,Female,Black,Private sector,"10,001-20,000",Bachelor,3.733,5,2,NA,NA,NA,NA,NA,NA,0,NA,NA,2,2,3,1,NA,NA,NA,0,NA,1,3,0,NA,NA,2,0,4,0,NA,NA,NA,0,NA,0,1,3,NA,NA,3,3,3,3,NA,NA,NA,3,NA,3,3,0,NA,NA,0.666666666666667,0.666666666666667,1,0.333333333333333,NA,NA,NA,0,NA,0.333333333333333,1,NA,NA,NA,NA,NA,NA,NA,NA,NA,NA,NA,NA,NA,NA,22383,NA,NA,7962,20624,2695,2453,NA,NA,NA,4461,NA,4807,3392
lDlLVQDh,assistant_medium,27,Male,Asian,Government/Public sector,"20,001-30,000",Master,3.467,4,0,3.6,4,3,6,3,3,2,1,0,3,3,0,3,3,3,3,3,3,0,3,2,2,0,3,9,0,8,3,8,5,4,5,0,7,3,3,3,3,3,3,3,3,3,3,3,3,3,3,0.666666666666667,0.333333333333333,0,1,1,0,1,1,1,1,1,1,0,1,NA,NA,NA,NA,NA,NA,NA,NA,NA,NA,NA,NA,NA,NA,22888,NA,NA,5236,NA,NA,12124,NA,NA,4983,NA,NA,4417,NA
awEFAOMF,control,27,Male,Asian,Private sector,"10,001-20,000",Master,3.933,4,2,NA,NA,NA,NA,NA,NA,0,NA,NA,NA,NA,NA,NA,NA,NA,NA,NA,NA,NA,NA,0,NA,NA,NA,NA,NA,NA,NA,NA,NA,NA,NA,NA,NA,3,NA,NA,NA,NA,NA,NA,NA,NA,NA,NA,NA,NA,NA,0,NA,NA,NA,NA,NA,NA,NA,NA,NA,NA,NA,NA,NA,NA,NA,NA,NA,NA,NA,NA,NA,NA,NA,NA,NA,NA,NA,NA,NA,NA,NA,NA,NA,NA,NA,NA,NA,NA,NA,NA,NA
BPdHkAzs,control,25,Male,White,Private sector,NA,Bachelor,4.2,5,8,3.73333333333333,5,7,NA,NA,NA,0,1,1,1,0,1,1,0,1,1,1,1,0,1,0,0,1,0,0,0,1,0,1,1,1,1,0,1,3,3,3,3,3,3,3,3,3,3,3,3,3,3,0,0.333333333333333,0.333333333333333,0.333333333333333,0,0.333333333333333,0.333333333333333,0,0.333333333333333,0.333333333333333,0.333333333333333,0.333333333333333,0,0.333333333333333,NA,NA,NA,NA,NA,NA,NA,NA,NA,NA,NA,NA,NA,NA,NA,NA,NA,NA,NA,NA,NA,NA,NA,NA,NA,NA,NA,NA
XWHBkjrQ,assistant_high,30,Male,Asian,Government/Public sector,"40,001-60,000",Bachelor,4.067,4,-0.5,NA,NA,NA,NA,NA,NA,1,NA,NA,NA,NA,NA,NA,NA,NA,NA,NA,NA,3,0,1,NA,NA,NA,NA,NA,NA,NA,NA,NA,NA,NA,4,0,3,NA,NA,NA,NA,NA,NA,NA,NA,NA,NA,NA,3,3,0.333333333333333,NA,NA,NA,NA,NA,NA,NA,NA,NA,NA,NA,1,0,NA,NA,NA,NA,NA,NA,NA,NA,NA,NA,NA,NA,NA,NA,15274,NA,NA,NA,NA,NA,NA,NA,NA,NA,NA,NA,2512,2415
FdHncAdQ,assistant_low,39,Female,White,Self-employed/Freelancer,"<10,000",Bachelor,2.2,5,9,NA,NA,NA,NA,NA,NA,2,NA,0,0,1,0,3,0,2,0,2,0,3,0,2,NA,0,0,5,0,7,0,6,0,10,0,9,0,3,NA,3,3,3,3,3,3,3,3,3,3,3,3,0.666666666666667,NA,0,0,0.333333333333333,0,1,0,0.666666666666667,0,0.666666666666667,0,1,0,NA,NA,NA,NA,NA,NA,NA,NA,NA,NA,NA,NA,NA,NA,7365,NA,NA,NA,NA,NA,NA,NA,NA,NA,NA,NA,NA,NA
LCVfGEzH,assistant_medium,24,Male,Asian,Self-employed/Freelancer,"<10,000",College diploma,3.733,4,2,NA,NA,NA,NA,NA,NA,1,1,0,NA,0,1,0,0,0,0,0,1,0,0,0,0,0,NA,0,0,0,0,0,0,0,0,0,0,3,3,3,NA,3,3,3,3,3,3,3,3,3,3,0.333333333333333,0.333333333333333,0,NA,0,0.333333333333333,0,0,0,0,0,0.333333333333333,0,0,NA,NA,NA,NA,NA,NA,NA,NA,NA,NA,NA,NA,NA,NA,113002,NA,NA,NA,NA,NA,11080,NA,NA,2839,NA,NA,7695,NA
PEHvMuAA,structure_low,34,Male,White,Private sector,"40,001-60,000",Master,3.733,5,10,3.06666666666667,4,5.5,5,3,4,2,1,1,3,0,3,0,3,0,2,0,3,0,1,2,1,3,9,0,9,0,11,0,7,0,10,0,5,3,3,3,3,3,3,3,3,3,3,3,3,3,3,0.666666666666667,0.333333333333333,0.333333333333333,1,0,1,0,1,0,0.666666666666667,0,1,0,0.333333333333333,NA,NA,NA,NA,NA,NA,NA,NA,NA,NA,NA,NA,NA,NA,NA,NA,NA,NA,NA,NA,NA,NA,NA,NA,NA,NA,NA,NA
pUOdYtpK,information_high,26,Male,Asian,Private sector,"10,001-20,000",Bachelor,3.8,5,4,4.8,5,7,6,3,3,3,3,3,3,3,2,3,3,2,3,3,3,3,3,8,4,9,6,9,8,12,9,10,8,12,9,10,7,3,3,3,3,3,3,3,3,3,3,3,3,3,3,1,1,1,1,1,0.666666666666667,1,1,0.666666666666667,1,1,1,1,1,30527,5955,2923,3438,5017,2273,2418,2604,2566,3003,2770,2289,2320,2359,NA,NA,NA,NA,NA,NA,NA,NA,NA,NA,NA,NA,NA,NA
nNPNnILx,structure_high,38,Male,Asian,Private sector,"10,001-20,000",Bachelor,3.267,4,7,3.13333333333333,4,4,6,5,4,3,3,3,3,2,3,2,3,3,3,3,2,2,3,9,4,10,6,9,5,11,6,11,8,11,6,11,8,3,3,3,3,3,3,3,3,3,3,3,3,3,3,1,1,1,1,0.666666666666667,1,0.666666666666667,1,1,1,1,0.666666666666667,0.666666666666667,1,NA,NA,NA,NA,NA,NA,NA,NA,NA,NA,NA,NA,NA,NA,NA,NA,NA,NA,NA,NA,NA,NA,NA,NA,NA,NA,NA,NA
bYAXmatW,information_high,30,Male,Mixed,Other,"<10,000",Bachelor,3.667,4,5,3.73333333333333,5,8.5,7,4,2,0,0,0,0,0,0,0,0,0,0,0,0,0,0,0,0,0,0,0,0,0,0,0,0,0,0,0,0,3,3,3,3,3,3,3,3,3,3,3,3,3,3,0,0,0,0,0,0,0,0,0,0,0,0,0,0,47568,42368,13388,4595,5144,4827,4726,3900,2950,3541,2849,5378,3136,3060,NA,NA,NA,NA,NA,NA,NA,NA,NA,NA,NA,NA,NA,NA
TWEFhXdo,assistant_high,23,Male,Asian,Private sector,"10,001-20,000",Bachelor,3.8,5,-1,NA,NA,NA,NA,NA,NA,3,1,0,2,0,0,0,0,NA,0,0,1,0,2,5,1,0,4,0,0,0,0,NA,0,0,0,0,10,3,3,3,3,3,3,3,3,NA,3,3,3,3,3,1,0.333333333333333,0,0.666666666666667,0,0,0,0,NA,0,0,0.333333333333333,0,0.666666666666667,NA,NA,NA,NA,NA,NA,NA,NA,NA,NA,NA,NA,NA,NA,10317,5317,2228,3124,2246,2987,2594,5107,NA,2029,3256,4824,3063,3650
mYphXXZp,information_high,25,Female,White,Private sector,"10,001-20,000",Master,3.867,5,6,NA,NA,NA,NA,NA,NA,0,2,0,2,1,2,0,NA,0,3,0,3,1,3,0,2,0,2,0,0,0,NA,0,2,0,1,0,3,3,3,3,3,3,3,3,NA,3,3,3,3,3,3,0,0.666666666666667,0,0.666666666666667,0.333333333333333,0.666666666666667,0,NA,0,1,0,1,0.333333333333333,1,33770,13994,1511,1988,1687,13315,3527,NA,1704,1616,2768,1823,1646,4087,NA,NA,NA,NA,NA,NA,NA,NA,NA,NA,NA,NA,NA,NA
rFbAVzwj,assistant_low,25,Male,Other,Government/Public sector,"<10,000",Bachelor,3.333,5,-2.5,NA,NA,NA,NA,NA,NA,3,0,3,0,0,0,1,0,2,0,NA,0,3,2,5,0,7,0,0,0,1,0,0,0,NA,0,2,0,3,3,3,3,3,3,3,3,3,3,NA,3,3,3,1,0,1,0,0,0,0.333333333333333,0,0.666666666666667,0,NA,0,1,0.666666666666667,NA,NA,NA,NA,NA,NA,NA,NA,NA,NA,NA,NA,NA,NA,8591,NA,NA,NA,NA,NA,NA,NA,NA,NA,NA,NA,NA,NA
OyKuiDKo,assistant_high,48,Female,White,Government/Public sector,"30,001-40,000",Bachelor,3.867,5,6.5,3.93333333333333,4,4,7,5,3,3,0,3,0,3,2,3,1,3,0,3,0,2,1,4,0,2,0,2,0,2,0,6,0,4,0,5,0,3,3,3,3,3,3,3,3,3,3,3,3,3,3,1,0,1,0,1,0.666666666666667,1,0.333333333333333,1,0,1,0,0.666666666666667,0.333333333333333,NA,NA,NA,NA,NA,NA,NA,NA,NA,NA,NA,NA,NA,NA,11696,14293,11898,3062,5011,2232,2208,2351,6947,10244,4995,3862,1608,2071
fpXUVseN,information_low,57,Male,Asian,Private sector,"30,001-40,000",Bachelor,3.733,4,0.5,2.86666666666667,4,2,5,3,5,1,0,1,1,1,1,0,0,0,0,1,0,0,0,2,0,1,2,3,3,0,0,0,0,3,0,0,0,3,3,3,3,3,3,3,3,3,3,3,3,3,3,0.333333333333333,0,0.333333333333333,0.333333333333333,0.333333333333333,0.333333333333333,0,0,0,0,0.333333333333333,0,0,0,13968,NA,NA,NA,NA,NA,NA,NA,NA,NA,NA,NA,NA,NA,NA,NA,NA,NA,NA,NA,NA,NA,NA,NA,NA,NA,NA,NA
XWRxwcMv,structure_low,25,Male,Asian,Private sector,"10,001-20,000",Bachelor,2.933,4,-3.5,3.13333333333333,4,0.5,5,2,2,0,2,0,1,0,0,1,1,1,1,1,1,1,1,0,2,0,2,0,0,3,3,3,3,4,3,4,3,3,3,3,3,3,3,3,3,3,3,3,3,3,3,0,0.666666666666667,0,0.333333333333333,0,0,0.333333333333333,0.333333333333333,0.333333333333333,0.333333333333333,0.333333333333333,0.333333333333333,0.333333333333333,0.333333333333333,NA,NA,NA,NA,NA,NA,NA,NA,NA,NA,NA,NA,NA,NA,NA,NA,NA,NA,NA,NA,NA,NA,NA,NA,NA,NA,NA,NA
nMyFDXXr,structure_medium,23,Male,White,Student,"10,001-20,000",Bachelor,3.467,5,4.5,3.46666666666667,4,4.5,3,6,2,3,0,1,0,2,0,2,0,3,0,2,0,3,0,3,0,1,0,4,0,6,0,8,0,4,0,7,0,3,3,3,3,3,3,3,3,3,3,3,3,3,3,1,0,0.333333333333333,0,0.666666666666667,0,0.666666666666667,0,1,0,0.666666666666667,0,1,0,NA,NA,NA,NA,NA,NA,NA,NA,NA,NA,NA,NA,NA,NA,NA,NA,NA,NA,NA,NA,NA,NA,NA,NA,NA,NA,NA,NA
bOxLgrNr,structure_low,31,Female,White,Private sector,"10,001-20,000",Bachelor,3.933,4,2.5,4.06666666666667,4,3,7,3,1,3,3,2,2,2,1,1,2,0,2,0,0,1,2,4,2,6,4,5,4,3,4,0,5,0,0,3,4,3,3,3,3,3,3,3,3,3,3,3,3,3,3,1,1,0.666666666666667,0.666666666666667,0.666666666666667,0.333333333333333,0.333333333333333,0.666666666666667,0,0.666666666666667,0,0,0.333333333333333,0.666666666666667,NA,NA,NA,NA,NA,NA,NA,NA,NA,NA,NA,NA,NA,NA,NA,NA,NA,NA,NA,NA,NA,NA,NA,NA,NA,NA,NA,NA
tFaCABcE,structure_low,26,Female,Other,Private sector,"30,001-40,000",Bachelor,4,5,3,3.6,5,6,7,1,2,1,3,0,2,0,3,0,3,2,3,2,3,2,1,0,1,0,0,0,3,0,2,0,3,1,1,3,3,3,3,3,3,3,3,3,3,3,3,3,3,3,3,0.333333333333333,1,0,0.666666666666667,0,1,0,1,0.666666666666667,1,0.666666666666667,1,0.666666666666667,0.333333333333333,NA,NA,NA,NA,NA,NA,NA,NA,NA,NA,NA,NA,NA,NA,NA,NA,NA,NA,NA,NA,NA,NA,NA,NA,NA,NA,NA,NA
fjVyLshp,assistant_medium,30,Female,Asian,Private sector,"10,001-20,000",Bachelor,3.533,5,7.5,NA,NA,NA,NA,NA,NA,3,2,3,NA,NA,NA,NA,3,3,3,3,NA,1,NA,5,2,3,NA,NA,NA,NA,4,5,3,5,NA,1,NA,3,3,3,NA,NA,NA,NA,3,3,3,3,NA,3,NA,1,0.666666666666667,1,NA,NA,NA,NA,1,1,1,1,NA,0.333333333333333,NA,NA,NA,NA,NA,NA,NA,NA,NA,NA,NA,NA,NA,NA,NA,25259,NA,NA,NA,NA,NA,NA,NA,NA,8251,NA,NA,26291,NA
jWCjJPcI,assistant_high,25,Female,White,Self-employed/Freelancer,"10,001-20,000",Bachelor,3.533,5,0,NA,NA,NA,NA,NA,NA,3,2,3,NA,3,3,3,3,3,NA,NA,NA,3,3,5,4,6,NA,7,6,9,5,9,NA,NA,NA,11,9,3,3,3,NA,3,3,3,3,3,NA,NA,NA,3,3,1,0.666666666666667,1,NA,1,1,1,1,1,NA,NA,NA,1,1,NA,NA,NA,NA,NA,NA,NA,NA,NA,NA,NA,NA,NA,NA,14284,11844,21038,NA,9771,6293,4219,4695,4322,NA,NA,NA,1496,5836
QFtgYWUG,information_high,37,Male,White,Private sector,"20,001-30,000",Bachelor,3.533,5,7,3.93333333333333,4,9,2,2,3,3,3,3,3,3,3,3,3,3,3,3,3,3,3,5,6,7,9,6,6,7,8,7,9,7,6,10,7,3,3,3,3,3,3,3,3,3,3,3,3,3,3,1,1,1,1,1,1,1,1,1,1,1,1,1,1,52811,29038,29616,4220,3535,9089,10749,3441,7495,7458,3826,10583,4630,3398,NA,NA,NA,NA,NA,NA,NA,NA,NA,NA,NA,NA,NA,NA
fuuduNEq,structure_medium,25,Male,White,Government/Public sector,"<10,000",Bachelor,3.467,4,0,3.46666666666667,4,3,5,3,5,2,2,2,2,2,1,2,2,3,2,3,1,3,2,2,3,4,3,4,2,6,6,9,3,9,3,9,5,3,3,3,3,3,3,3,3,3,3,3,3,3,3,0.666666666666667,0.666666666666667,0.666666666666667,0.666666666666667,0.666666666666667,0.333333333333333,0.666666666666667,0.666666666666667,1,0.666666666666667,1,0.333333333333333,1,0.666666666666667,NA,NA,NA,NA,NA,NA,NA,NA,NA,NA,NA,NA,NA,NA,NA,NA,NA,NA,NA,NA,NA,NA,NA,NA,NA,NA,NA,NA
UWmghRxI,information_high,32,Male,Asian,Private sector,"<10,000",Bachelor,4,5,3,NA,NA,NA,NA,NA,NA,1,NA,3,3,3,NA,3,NA,3,NA,NA,NA,3,3,2,NA,2,6,2,NA,3,NA,5,NA,NA,NA,6,6,3,NA,3,3,3,NA,3,NA,3,NA,NA,NA,3,3,0.333333333333333,NA,1,1,1,NA,1,NA,1,NA,NA,NA,1,1,14721,NA,14983,2908,1830,NA,3352,NA,1276,NA,NA,NA,1085,1213,NA,NA,NA,NA,NA,NA,NA,NA,NA,NA,NA,NA,NA,NA
ZGJmufJI,information_medium,25,Male,Other,Government/Public sector,"<10,000",Bachelor,3.667,4,3,3.13333333333333,4,2,5,5,5,3,0,2,0,0,0,3,0,2,0,3,0,3,0,3,0,8,0,0,0,9,0,9,0,10,0,9,0,3,3,3,3,3,3,3,3,3,3,3,3,3,3,1,0,0.666666666666667,0,0,0,1,0,0.666666666666667,0,1,0,1,0,928,NA,NA,1230,NA,NA,2223,NA,NA,3292,NA,NA,3178,NA,NA,NA,NA,NA,NA,NA,NA,NA,NA,NA,NA,NA,NA,NA
cGEFtsOu,control,28,Male,White,Government/Public sector,"<10,000",Bachelor,3.467,4,-2.5,3.26666666666667,4,-2.5,NA,NA,NA,0,0,0,0,0,1,0,0,0,0,0,0,0,0,0,0,0,0,0,1,0,0,0,0,0,0,0,0,3,3,3,3,3,3,3,3,3,3,3,3,3,3,0,0,0,0,0,0.333333333333333,0,0,0,0,0,0,0,0,NA,NA,NA,NA,NA,NA,NA,NA,NA,NA,NA,NA,NA,NA,NA,NA,NA,NA,NA,NA,NA,NA,NA,NA,NA,NA,NA,NA
TueMQdZf,assistant_low,30,Female,White,Private sector,"<10,000",Bachelor,3.267,4,-3,3.73333333333333,5,1.5,5,6,5,2,0,0,0,0,0,0,2,3,2,3,1,3,1,1,0,0,0,0,0,0,1,4,0,3,4,4,4,3,3,3,3,3,3,3,3,3,3,3,3,3,3,0.666666666666667,0,0,0,0,0,0,0.666666666666667,1,0.666666666666667,1,0.333333333333333,1,0.333333333333333,NA,NA,NA,NA,NA,NA,NA,NA,NA,NA,NA,NA,NA,NA,6620,NA,NA,NA,NA,NA,NA,NA,NA,NA,NA,NA,NA,NA
RQAqmsry,assistant_high,23,Male,White,Self-employed/Freelancer,"20,001-30,000",Bachelor,3.533,4,6.5,3.33333333333333,4,1.5,3,5,7,2,0,0,1,0,1,1,0,0,0,1,0,0,0,1,0,0,2,0,0,0,0,0,0,0,0,0,0,3,3,3,3,3,3,3,3,3,3,3,3,3,3,0.666666666666667,0,0,0.333333333333333,0,0.333333333333333,0.333333333333333,0,0,0,0.333333333333333,0,0,0,NA,NA,NA,NA,NA,NA,NA,NA,NA,NA,NA,NA,NA,NA,1115,9954,3243,2507,3024,2858,3273,2544,2734,7916,2587,2977,2695,2389
XpfjIgWR,structure_high,27,Female,White,Government/Public sector,"<10,000",Bachelor,3.2,4,2,NA,NA,NA,NA,NA,NA,1,NA,2,2,1,1,1,2,2,1,1,2,1,NA,0,NA,0,2,0,3,1,2,1,2,1,4,1,NA,3,NA,3,3,3,3,3,3,3,3,3,3,3,NA,0.333333333333333,NA,0.666666666666667,0.666666666666667,0.333333333333333,0.333333333333333,0.333333333333333,0.666666666666667,0.666666666666667,0.333333333333333,0.333333333333333,0.666666666666667,0.333333333333333,NA,NA,NA,NA,NA,NA,NA,NA,NA,NA,NA,NA,NA,NA,NA,NA,NA,NA,NA,NA,NA,NA,NA,NA,NA,NA,NA,NA,NA
fipexuBc,structure_high,20,Male,White,Government/Public sector,">60,000",Bachelor,3.133,5,0.5,NA,NA,NA,NA,NA,NA,1,NA,3,1,3,0,3,0,2,1,3,1,3,0,2,NA,6,0,8,0,8,0,6,0,9,0,9,0,3,NA,3,3,3,3,3,3,3,3,3,3,3,3,0.333333333333333,NA,1,0.333333333333333,1,0,1,0,0.666666666666667,0.333333333333333,1,0.333333333333333,1,0,NA,NA,NA,NA,NA,NA,NA,NA,NA,NA,NA,NA,NA,NA,NA,NA,NA,NA,NA,NA,NA,NA,NA,NA,NA,NA,NA,NA
AhhSJwTr,information_medium,24,Male,Black,Government/Public sector,"<10,000",Bachelor,3,4,5,3.2,4,1.5,6,2,1,2,0,0,1,1,0,0,0,1,0,1,1,0,1,1,0,0,2,0,0,0,0,0,0,1,2,0,2,3,3,3,3,3,3,3,3,3,3,3,3,3,3,0.666666666666667,0,0,0.333333333333333,0.333333333333333,0,0,0,0.333333333333333,0,0.333333333333333,0.333333333333333,0,0.333333333333333,29562,NA,NA,14171,NA,NA,15502,NA,NA,4381,NA,NA,3268,NA,NA,NA,NA,NA,NA,NA,NA,NA,NA,NA,NA,NA,NA,NA
sUEOnhnW,information_high,31,Female,Other,Private sector,"10,001-20,000",Master,3.267,4,0,NA,NA,NA,NA,NA,NA,2,0,3,0,3,0,3,NA,3,0,NA,0,3,0,2,0,3,0,3,0,3,NA,3,0,NA,0,1,0,3,3,3,3,3,3,3,NA,3,3,NA,3,3,3,0.666666666666667,0,1,0,1,0,1,NA,1,0,NA,0,1,0,9594,6975,11642,2783,10322,7088,4224,NA,3040,1430,NA,2678,1841,9136,NA,NA,NA,NA,NA,NA,NA,NA,NA,NA,NA,NA,NA,NA
tmUaLJIV,information_medium,28,Male,White,Other,"10,001-20,000",Bachelor,3.4,4,4.5,3.53333333333333,4,8,6,1,1,2,3,1,3,0,0,1,3,1,0,1,1,0,3,2,3,1,6,0,0,1,8,1,0,1,4,0,5,3,3,3,3,3,3,3,3,3,3,3,3,3,3,0.666666666666667,1,0.333333333333333,1,0,0,0.333333333333333,1,0.333333333333333,0,0.333333333333333,0.333333333333333,0,1,43552,NA,NA,4149,NA,NA,10712,NA,NA,4232,NA,NA,3860,NA,NA,NA,NA,NA,NA,NA,NA,NA,NA,NA,NA,NA,NA,NA
buzRtFvg,information_high,26,Male,Mixed,Student,"<10,000",Senior high,3.333,4,0,3.06666666666667,4,1,4,6,7,0,2,0,0,0,0,0,0,2,0,0,0,0,0,0,5,0,0,0,0,0,0,7,0,0,0,0,0,3,3,3,3,3,3,3,3,3,3,3,3,3,3,0,0.666666666666667,0,0,0,0,0,0,0.666666666666667,0,0,0,0,0,17832,15361,3131,1868,2234,1482,1865,3263,1621,2034,2150,1554,5028,2142,NA,NA,NA,NA,NA,NA,NA,NA,NA,NA,NA,NA,NA,NA
gBKMjXEi,assistant_low,25,Female,Asian,Private sector,"<10,000",Bachelor,3.8,4,1,NA,NA,NA,NA,NA,NA,1,0,2,3,1,1,2,0,1,2,1,0,NA,0,0,0,2,7,1,3,3,0,3,3,1,0,NA,0,3,3,3,3,3,3,3,3,3,3,3,3,NA,3,0.333333333333333,0,0.666666666666667,1,0.333333333333333,0.333333333333333,0.666666666666667,0,0.333333333333333,0.666666666666667,0.333333333333333,0,NA,0,NA,NA,NA,NA,NA,NA,NA,NA,NA,NA,NA,NA,NA,NA,3399,NA,NA,NA,NA,NA,NA,NA,NA,NA,NA,NA,NA,NA
aGmmrLeI,structure_medium,26,Male,White,Self-employed/Freelancer,"<10,000",Bachelor,4.133,4,5,NA,NA,NA,NA,NA,NA,3,0,3,0,3,NA,2,1,NA,NA,NA,0,NA,NA,3,0,3,0,5,NA,5,0,NA,NA,NA,0,NA,NA,3,3,3,3,3,NA,3,3,NA,NA,NA,3,NA,NA,1,0,1,0,1,NA,0.666666666666667,0.333333333333333,NA,NA,NA,0,NA,NA,NA,NA,NA,NA,NA,NA,NA,NA,NA,NA,NA,NA,NA,NA,NA,NA,NA,NA,NA,NA,NA,NA,NA,NA,NA,NA,NA,NA
llgLLgaD,information_high,22,Male,Asian,Self-employed/Freelancer,"30,001-40,000",Bachelor,4.2,4,3.5,NA,NA,NA,NA,NA,NA,3,3,3,3,NA,3,3,3,3,NA,3,NA,3,3,3,3,1,3,NA,5,7,5,8,NA,7,NA,9,2,3,3,3,3,NA,3,3,3,3,NA,3,NA,3,3,1,1,1,1,NA,1,1,1,1,NA,1,NA,1,1,11223,11275,6387,13984,NA,224272,941,1154,2072,NA,2358,NA,1302,749,NA,NA,NA,NA,NA,NA,NA,NA,NA,NA,NA,NA,NA,NA
xasdKEhB,information_high,33,Male,Mixed,Student,"<10,000",Bachelor,3,5,0,3.13333333333333,4,8.5,4,4,4,1,1,3,3,3,3,3,3,3,3,3,3,3,3,1,3,7,5,6,6,6,5,6,7,6,7,6,8,3,3,3,3,3,3,3,3,3,3,3,3,3,3,0.333333333333333,0.333333333333333,1,1,1,1,1,1,1,1,1,1,1,1,60859,112920,32630,2472,7437,2453,3200,3069,2285,2930,3795,3177,3439,2273,NA,NA,NA,NA,NA,NA,NA,NA,NA,NA,NA,NA,NA,NA
MLrmNBJh,structure_medium,23,Male,White,Private sector,"10,001-20,000",Bachelor,2.867,4,0,2.6,4,1,6,5,3,2,3,0,2,0,2,2,0,1,3,1,2,0,3,2,6,0,9,0,8,6,0,2,8,1,9,0,12,3,3,3,3,3,3,3,3,3,3,3,3,3,3,0.666666666666667,1,0,0.666666666666667,0,0.666666666666667,0.666666666666667,0,0.333333333333333,1,0.333333333333333,0.666666666666667,0,1,NA,NA,NA,NA,NA,NA,NA,NA,NA,NA,NA,NA,NA,NA,NA,NA,NA,NA,NA,NA,NA,NA,NA,NA,NA,NA,NA,NA
ijCKeMOi,assistant_low,25,Male,Asian,Private sector,"<10,000",Bachelor,3.733,4,0,3.46666666666667,4,1.5,6,3,1,2,3,2,2,3,2,0,2,1,3,3,3,1,2,2,7,6,11,6,11,0,11,5,14,7,14,5,10,3,3,3,3,3,3,3,3,3,3,3,3,3,3,0.666666666666667,1,0.666666666666667,0.666666666666667,1,0.666666666666667,0,0.666666666666667,0.333333333333333,1,1,1,0.333333333333333,0.666666666666667,NA,NA,NA,NA,NA,NA,NA,NA,NA,NA,NA,NA,NA,NA,23993,NA,NA,NA,NA,NA,NA,NA,NA,NA,NA,NA,NA,NA
fwjKmOkd,assistant_medium,18,Male,Asian,Student,"40,001-60,000",Senior high,3.533,4,5,NA,NA,NA,NA,NA,NA,3,2,1,0,0,3,0,1,0,1,NA,1,NA,1,4,1,3,0,0,6,0,1,0,2,NA,2,NA,0,3,3,3,3,3,3,3,3,3,3,NA,3,NA,3,1,0.666666666666667,0.333333333333333,0,0,1,0,0.333333333333333,0,0.333333333333333,NA,0.333333333333333,NA,0.333333333333333,NA,NA,NA,NA,NA,NA,NA,NA,NA,NA,NA,NA,NA,NA,16377,NA,NA,15956,NA,NA,1580,NA,NA,2003,NA,NA,NA,NA
ykGvFYhQ,structure_low,34,Female,Other,Self-employed/Freelancer,"<10,000",Master,3.2,4,0.5,3.33333333333333,4,6,5,1,5,2,2,0,3,0,2,3,3,3,3,3,2,3,0,1,8,0,8,0,3,3,6,3,8,2,7,6,0,3,3,3,3,3,3,3,3,3,3,3,3,3,3,0.666666666666667,0.666666666666667,0,1,0,0.666666666666667,1,1,1,1,1,0.666666666666667,1,0,NA,NA,NA,NA,NA,NA,NA,NA,NA,NA,NA,NA,NA,NA,NA,NA,NA,NA,NA,NA,NA,NA,NA,NA,NA,NA,NA,NA
ChmiNxxv,structure_medium,24,Male,White,Government/Public sector,"20,001-30,000",Bachelor,2.933,4,1,3,4,0,6,3,3,0,0,0,0,0,0,0,0,0,0,0,0,0,0,0,0,0,0,0,0,0,0,0,0,0,0,0,0,3,3,3,3,3,3,3,3,3,3,3,3,3,3,0,0,0,0,0,0,0,0,0,0,0,0,0,0,NA,NA,NA,NA,NA,NA,NA,NA,NA,NA,NA,NA,NA,NA,NA,NA,NA,NA,NA,NA,NA,NA,NA,NA,NA,NA,NA,NA
HMzbVOht,information_medium,35,Male,White,Private sector,"<10,000",Bachelor,3.4,4,2,3.26666666666667,5,6,5,3,3,2,0,2,0,2,0,3,0,3,1,2,0,2,0,1,0,2,0,0,0,1,0,3,3,0,0,6,0,3,3,3,3,3,3,3,3,3,3,3,3,3,3,0.666666666666667,0,0.666666666666667,0,0.666666666666667,0,1,0,1,0.333333333333333,0.666666666666667,0,0.666666666666667,0,12216,NA,NA,1058,NA,NA,726,NA,NA,798,NA,NA,838,NA,NA,NA,NA,NA,NA,NA,NA,NA,NA,NA,NA,NA,NA,NA
cffQrKYD,structure_high,38,Female,Asian,Self-employed/Freelancer,"20,001-30,000",Bachelor,3.533,4,3.5,3.66666666666667,5,6,6,3,3,3,2,1,2,0,0,3,0,0,2,3,0,3,0,6,1,2,1,0,0,11,0,0,2,11,0,11,0,3,3,3,3,3,3,3,3,3,3,3,3,3,3,1,0.666666666666667,0.333333333333333,0.666666666666667,0,0,1,0,0,0.666666666666667,1,0,1,0,NA,NA,NA,NA,NA,NA,NA,NA,NA,NA,NA,NA,NA,NA,NA,NA,NA,NA,NA,NA,NA,NA,NA,NA,NA,NA,NA,NA
YamCVSNf,information_high,29,Male,Other,Government/Public sector,"20,001-30,000",Bachelor,3.333,5,12,NA,NA,NA,NA,NA,NA,1,NA,0,0,0,NA,0,0,NA,0,0,NA,0,0,0,NA,0,0,0,NA,0,0,NA,0,0,NA,0,0,3,NA,3,3,3,NA,3,3,NA,3,3,NA,3,3,0.333333333333333,NA,0,0,0,NA,0,0,NA,0,0,NA,0,0,713,NA,1090,1286,6123,NA,946,1373,NA,1836,1220,NA,2128,2146,NA,NA,NA,NA,NA,NA,NA,NA,NA,NA,NA,NA,NA,NA
YUtNuITP,information_low,46,Female,Asian,Other,"<10,000",Bachelor,3.4,4,2,3.26666666666667,4,4,5,4,5,2,0,0,0,0,0,0,0,0,0,0,0,0,0,1,0,0,0,0,0,0,0,0,0,0,0,0,0,3,3,3,3,3,3,3,3,3,3,3,3,3,3,0.666666666666667,0,0,0,0,0,0,0,0,0,0,0,0,0,7118,NA,NA,NA,NA,NA,NA,NA,NA,NA,NA,NA,NA,NA,NA,NA,NA,NA,NA,NA,NA,NA,NA,NA,NA,NA,NA,NA
RhlYBCxN,information_low,32,Male,White,Self-employed/Freelancer,"10,001-20,000",Senior high,3.533,3,8.5,NA,NA,NA,NA,NA,NA,3,1,2,NA,1,1,3,0,3,3,0,2,2,2,4,1,7,NA,2,1,3,0,5,3,0,3,3,6,3,3,3,NA,3,3,3,3,3,3,3,3,3,3,1,0.333333333333333,0.666666666666667,NA,0.333333333333333,0.333333333333333,1,0,1,1,0,0.666666666666667,0.666666666666667,0.666666666666667,24347,NA,NA,NA,NA,NA,NA,NA,NA,NA,NA,NA,NA,NA,NA,NA,NA,NA,NA,NA,NA,NA,NA,NA,NA,NA,NA,NA
ZnjpjzEa,information_low,20,Male,White,Self-employed/Freelancer,"<10,000",Bachelor,3.733,5,0,3.53333333333333,4,0,4,1,1,3,0,3,3,3,3,3,2,2,3,3,3,2,2,8,0,7,1,6,1,7,0,10,2,9,1,9,0,3,3,3,3,3,3,3,3,3,3,3,3,3,3,1,0,1,1,1,1,1,0.666666666666667,0.666666666666667,1,1,1,0.666666666666667,0.666666666666667,20199,NA,NA,NA,NA,NA,NA,NA,NA,NA,NA,NA,NA,NA,NA,NA,NA,NA,NA,NA,NA,NA,NA,NA,NA,NA,NA,NA
kXhyoFLO,information_low,35,Female,Other,Self-employed/Freelancer,"10,001-20,000",Bachelor,2.867,3,0,3.33333333333333,4,1,6,3,5,3,0,2,0,1,0,2,0,3,0,3,0,2,0,2,0,4,0,2,0,4,0,5,0,7,0,5,0,3,3,3,3,3,3,3,3,3,3,3,3,3,3,1,0,0.666666666666667,0,0.333333333333333,0,0.666666666666667,0,1,0,1,0,0.666666666666667,0,35576,NA,NA,NA,NA,NA,NA,NA,NA,NA,NA,NA,NA,NA,NA,NA,NA,NA,NA,NA,NA,NA,NA,NA,NA,NA,NA,NA
bazsbiMq,structure_medium,21,Male,Black,Student,"<10,000",College diploma,3.333,4,4,NA,NA,NA,NA,NA,NA,2,1,0,2,NA,3,NA,3,NA,3,1,2,0,3,0,3,0,9,NA,7,NA,6,NA,6,0,2,0,9,3,3,3,3,NA,3,NA,3,NA,3,3,3,3,3,0.666666666666667,0.333333333333333,0,0.666666666666667,NA,1,NA,1,NA,1,0.333333333333333,0.666666666666667,0,1,NA,NA,NA,NA,NA,NA,NA,NA,NA,NA,NA,NA,NA,NA,NA,NA,NA,NA,NA,NA,NA,NA,NA,NA,NA,NA,NA,NA
dhJZACtw,information_low,19,Male,Mixed,Student,"<10,000",Senior high,2.467,5,6.5,2.66666666666667,5,0.5,6,2,2,1,0,1,1,1,0,1,0,1,1,1,1,0,1,1,0,2,4,3,0,4,0,3,4,3,5,0,5,3,3,3,3,3,3,3,3,3,3,3,3,3,3,0.333333333333333,0,0.333333333333333,0.333333333333333,0.333333333333333,0,0.333333333333333,0,0.333333333333333,0.333333333333333,0.333333333333333,0.333333333333333,0,0.333333333333333,31359,NA,NA,NA,NA,NA,NA,NA,NA,NA,NA,NA,NA,NA,NA,NA,NA,NA,NA,NA,NA,NA,NA,NA,NA,NA,NA,NA
cmwOshaG,information_high,22,Female,Black,Student,"10,001-20,000",Bachelor,3.133,4,-3,NA,NA,NA,NA,NA,NA,3,0,2,2,3,NA,3,2,3,2,3,2,3,2,2,0,2,3,2,NA,3,3,3,4,3,3,3,5,3,3,3,3,3,NA,3,3,3,3,3,3,3,3,1,0,0.666666666666667,0.666666666666667,1,NA,1,0.666666666666667,1,0.666666666666667,1,0.666666666666667,1,0.666666666666667,59533,17153,16994,2492,2213,NA,3988,1820,4940,4252,4453,3562,2737,3320,NA,NA,NA,NA,NA,NA,NA,NA,NA,NA,NA,NA,NA,NA
ktSxtNgZ,structure_high,39,Male,Other,Government/Public sector,"30,001-40,000",Bachelor,3.267,4,4,3.13333333333333,4,6.5,4,3,2,0,0,1,0,2,2,2,2,1,1,1,1,0,1,0,0,3,0,3,1,4,1,3,1,4,1,0,1,3,3,3,3,3,3,3,3,3,3,3,3,3,3,0,0,0.333333333333333,0,0.666666666666667,0.666666666666667,0.666666666666667,0.666666666666667,0.333333333333333,0.333333333333333,0.333333333333333,0.333333333333333,0,0.333333333333333,NA,NA,NA,NA,NA,NA,NA,NA,NA,NA,NA,NA,NA,NA,NA,NA,NA,NA,NA,NA,NA,NA,NA,NA,NA,NA,NA,NA
dBOZReWv,control,31,Male,Asian,Private sector,"<10,000",Bachelor,3.333,5,0,NA,NA,NA,NA,NA,NA,0,2,3,1,1,3,NA,3,0,3,1,2,2,2,0,3,3,5,2,10,NA,13,0,17,0,11,3,11,3,3,3,3,3,3,NA,3,3,3,3,3,3,3,0,0.666666666666667,1,0.333333333333333,0.333333333333333,1,NA,1,0,1,0.333333333333333,0.666666666666667,0.666666666666667,0.666666666666667,NA,NA,NA,NA,NA,NA,NA,NA,NA,NA,NA,NA,NA,NA,NA,NA,NA,NA,NA,NA,NA,NA,NA,NA,NA,NA,NA,NA
gQCDEUea,information_medium,24,Female,Other,Private sector,"<10,000",Bachelor,3.867,4,2,3.8,4,6,6,5,2,2,1,1,0,0,0,1,0,1,1,0,0,1,1,1,3,1,0,0,0,2,0,2,3,0,0,2,2,3,3,3,3,3,3,3,3,3,3,3,3,3,3,0.666666666666667,0.333333333333333,0.333333333333333,0,0,0,0.333333333333333,0,0.333333333333333,0.333333333333333,0,0,0.333333333333333,0.333333333333333,19002,NA,NA,13796,NA,NA,6796,NA,NA,11156,NA,NA,3614,NA,NA,NA,NA,NA,NA,NA,NA,NA,NA,NA,NA,NA,NA,NA
rcsXEVUl,structure_high,19,Male,White,Self-employed/Freelancer,"<10,000",Senior high,3,5,12,2.8,4,9,7,1,4,0,1,3,0,0,1,0,1,1,1,0,1,1,0,0,0,3,0,0,0,0,0,0,1,0,0,0,0,3,3,3,3,3,3,3,3,3,3,3,3,3,3,0,0.333333333333333,1,0,0,0.333333333333333,0,0.333333333333333,0.333333333333333,0.333333333333333,0,0.333333333333333,0.333333333333333,0,NA,NA,NA,NA,NA,NA,NA,NA,NA,NA,NA,NA,NA,NA,NA,NA,NA,NA,NA,NA,NA,NA,NA,NA,NA,NA,NA,NA
ReqWOhJo,assistant_high,31,Male,Other,Self-employed/Freelancer,"10,001-20,000",Bachelor,3,4,6,3.2,4,-1,7,6,4,3,3,3,2,3,3,3,3,3,3,3,3,3,3,5,5,7,5,8,7,8,9,8,8,9,8,7,8,3,3,3,3,3,3,3,3,3,3,3,3,3,3,1,1,1,0.666666666666667,1,1,1,1,1,1,1,1,1,1,NA,NA,NA,NA,NA,NA,NA,NA,NA,NA,NA,NA,NA,NA,19907,5125,17491,4954,8526,4924,11228,4790,13160,2924,4104,14955,7788,4509
KbPjqYTS,assistant_low,34,Female,White,Self-employed/Freelancer,"10,001-20,000",Bachelor,3.733,4,8,NA,NA,NA,NA,NA,NA,2,0,2,0,3,NA,0,2,0,0,1,3,0,0,7,0,8,0,11,NA,0,8,0,0,4,9,0,0,3,3,3,3,3,NA,3,3,3,3,3,3,3,3,0.666666666666667,0,0.666666666666667,0,1,NA,0,0.666666666666667,0,0,0.333333333333333,1,0,0,NA,NA,NA,NA,NA,NA,NA,NA,NA,NA,NA,NA,NA,NA,13344,NA,NA,NA,NA,NA,NA,NA,NA,NA,NA,NA,NA,NA
DFgwDHtw,information_medium,39,Female,White,Self-employed/Freelancer,"10,001-20,000",Bachelor,3.333,3,0,NA,NA,NA,NA,NA,NA,1,1,1,0,NA,NA,NA,NA,NA,NA,NA,NA,NA,NA,3,1,2,0,NA,NA,NA,NA,NA,NA,NA,NA,NA,NA,3,3,3,3,NA,NA,NA,NA,NA,NA,NA,NA,NA,NA,0.333333333333333,0.333333333333333,0.333333333333333,0,NA,NA,NA,NA,NA,NA,NA,NA,NA,NA,9597,NA,NA,1117,NA,NA,NA,NA,NA,NA,NA,NA,NA,NA,NA,NA,NA,NA,NA,NA,NA,NA,NA,NA,NA,NA,NA,NA
DpNaBiAp,information_medium,28,Male,Black,Government/Public sector,"<10,000",Bachelor,2.867,4,3,2.93333333333333,4,-1.5,6,4,3,3,0,0,0,1,0,3,0,3,3,1,1,2,1,3,0,0,0,1,0,4,0,5,4,0,3,2,4,3,3,3,3,3,3,3,3,3,3,3,3,3,3,1,0,0,0,0.333333333333333,0,1,0,1,1,0.333333333333333,0.333333333333333,0.666666666666667,0.333333333333333,82157,NA,NA,29732,NA,NA,3909,NA,NA,31032,NA,NA,6191,NA,NA,NA,NA,NA,NA,NA,NA,NA,NA,NA,NA,NA,NA,NA
YHznIkKw,structure_medium,27,Male,Asian,Self-employed/Freelancer,"<10,000",Bachelor,3.867,5,3,NA,NA,NA,NA,NA,NA,3,NA,NA,NA,NA,NA,NA,NA,NA,NA,NA,NA,NA,NA,2,NA,NA,NA,NA,NA,NA,NA,NA,NA,NA,NA,NA,NA,3,NA,NA,NA,NA,NA,NA,NA,NA,NA,NA,NA,NA,NA,1,NA,NA,NA,NA,NA,NA,NA,NA,NA,NA,NA,NA,NA,NA,NA,NA,NA,NA,NA,NA,NA,NA,NA,NA,NA,NA,NA,NA,NA,NA,NA,NA,NA,NA,NA,NA,NA,NA,NA,NA,NA
UwmQTaRF,structure_medium,21,Male,Asian,Self-employed/Freelancer,"<10,000",Bachelor,3.4,5,7.5,NA,NA,NA,NA,NA,NA,1,NA,NA,NA,NA,NA,NA,NA,NA,NA,NA,NA,NA,NA,0,NA,NA,NA,NA,NA,NA,NA,NA,NA,NA,NA,NA,NA,3,NA,NA,NA,NA,NA,NA,NA,NA,NA,NA,NA,NA,NA,0.333333333333333,NA,NA,NA,NA,NA,NA,NA,NA,NA,NA,NA,NA,NA,NA,NA,NA,NA,NA,NA,NA,NA,NA,NA,NA,NA,NA,NA,NA,NA,NA,NA,NA,NA,NA,NA,NA,NA,NA,NA,NA,NA
VWQOThsE,assistant_low,24,Female,White,Self-employed/Freelancer,"20,001-30,000",Bachelor,3.067,5,2,3.26666666666667,4,2,4,2,2,2,2,0,3,0,2,0,2,0,2,0,3,0,1,2,1,0,4,0,0,0,3,0,4,0,5,0,3,3,3,3,3,3,3,3,3,3,3,3,3,3,3,0.666666666666667,0.666666666666667,0,1,0,0.666666666666667,0,0.666666666666667,0,0.666666666666667,0,1,0,0.333333333333333,NA,NA,NA,NA,NA,NA,NA,NA,NA,NA,NA,NA,NA,NA,11529,NA,NA,NA,NA,NA,NA,NA,NA,NA,NA,NA,NA,NA
gPNjKdwt,information_medium,22,Male,Other,Student,"<10,000",Senior high,3.067,4,-2.5,2.66666666666667,3,-3,4,5,5,2,0,1,0,0,0,0,0,0,0,0,0,0,0,1,0,1,0,0,0,0,0,0,0,0,0,0,0,3,3,3,3,3,3,3,3,3,3,3,3,3,3,0.666666666666667,0,0.333333333333333,0,0,0,0,0,0,0,0,0,0,0,33343,NA,NA,1916,NA,NA,1286,NA,NA,1377,NA,NA,4181,NA,NA,NA,NA,NA,NA,NA,NA,NA,NA,NA,NA,NA,NA,NA
oukDTvqY,information_medium,26,Male,Black,Government/Public sector,"<10,000",Bachelor,3.333,5,5,NA,NA,NA,NA,NA,NA,3,0,3,1,1,2,0,0,0,NA,2,3,1,2,2,0,3,4,1,4,0,0,0,NA,2,5,1,3,3,3,3,3,3,3,3,3,3,NA,3,3,3,3,1,0,1,0.333333333333333,0.333333333333333,0.666666666666667,0,0,0,NA,0.666666666666667,1,0.333333333333333,0.666666666666667,27680,NA,NA,2443,NA,NA,3989,NA,NA,NA,NA,NA,1550,NA,NA,NA,NA,NA,NA,NA,NA,NA,NA,NA,NA,NA,NA,NA
EuBBHJXo,information_high,25,Male,Black,Private sector,"<10,000",Bachelor,2.467,5,3.5,2.66666666666667,4,9.5,6,3,3,0,1,1,3,0,0,0,0,0,0,0,0,0,0,0,1,1,6,0,0,0,0,0,0,0,0,0,0,3,3,3,3,3,3,3,3,3,3,3,3,3,3,0,0.333333333333333,0.333333333333333,1,0,0,0,0,0,0,0,0,0,0,35549,23018,19096,2770,14151,3323,2615,2391,4734,2919,2620,2544,2642,27180,NA,NA,NA,NA,NA,NA,NA,NA,NA,NA,NA,NA,NA,NA
eXzksRjK,assistant_high,25,Male,Asian,Self-employed/Freelancer,"<10,000",Bachelor,3.6,4,5,3.33333333333333,4,6,6,3,3,3,3,2,3,3,3,3,3,2,3,3,3,3,2,3,6,3,7,3,5,3,9,4,6,4,7,4,7,3,3,3,3,3,3,3,3,3,3,3,3,3,3,1,1,0.666666666666667,1,1,1,1,1,0.666666666666667,1,1,1,1,0.666666666666667,NA,NA,NA,NA,NA,NA,NA,NA,NA,NA,NA,NA,NA,NA,10360,4151,1946,13603,2782,2296,3774,2527,3475,1595,3666,1478,7643,1689
TYkrdPhi,structure_low,32,Female,White,Self-employed/Freelancer,"30,001-40,000",Master,3,4,2,NA,NA,NA,NA,NA,NA,1,2,0,1,1,0,1,1,NA,1,0,NA,1,NA,2,1,0,2,2,0,4,1,NA,1,0,NA,1,NA,3,3,3,3,3,3,3,3,NA,3,3,NA,3,NA,0.333333333333333,0.666666666666667,0,0.333333333333333,0.333333333333333,0,0.333333333333333,0.333333333333333,NA,0.333333333333333,0,NA,0.333333333333333,NA,NA,NA,NA,NA,NA,NA,NA,NA,NA,NA,NA,NA,NA,NA,NA,NA,NA,NA,NA,NA,NA,NA,NA,NA,NA,NA,NA,NA
WtGzjerH,information_high,35,Male,White,Self-employed/Freelancer,"20,001-30,000",Bachelor,4.267,2,0.5,3.73333333333333,2,1,5,7,4,1,2,0,0,0,3,1,2,0,2,0,0,0,0,3,1,0,0,0,3,1,3,0,4,0,0,0,0,3,3,3,3,3,3,3,3,3,3,3,3,3,3,0.333333333333333,0.666666666666667,0,0,0,1,0.333333333333333,0.666666666666667,0,0.666666666666667,0,0,0,0,43644,15105,19897,2037,2226,2811,2193,1930,2963,4095,2597,2046,4573,2625,NA,NA,NA,NA,NA,NA,NA,NA,NA,NA,NA,NA,NA,NA
jPtIfqEX,information_medium,47,Female,White,Self-employed/Freelancer,">60,000",Senior high,4.533,4,7,NA,NA,NA,NA,NA,NA,3,NA,NA,3,NA,NA,NA,NA,NA,NA,NA,NA,NA,NA,4,NA,NA,5,NA,NA,NA,NA,NA,NA,NA,NA,NA,NA,3,NA,NA,3,NA,NA,NA,NA,NA,NA,NA,NA,NA,NA,1,NA,NA,1,NA,NA,NA,NA,NA,NA,NA,NA,NA,NA,18856,NA,NA,12927,NA,NA,NA,NA,NA,NA,NA,NA,NA,NA,NA,NA,NA,NA,NA,NA,NA,NA,NA,NA,NA,NA,NA,NA
tPnoqOIN,information_medium,29,Male,White,Self-employed/Freelancer,"10,001-20,000",Bachelor,3.267,4,4,3.2,4,5,6,2,2,2,1,2,0,3,1,3,0,2,0,0,0,3,3,1,1,5,0,11,1,9,0,4,0,0,0,12,6,3,3,3,3,3,3,3,3,3,3,3,3,3,3,0.666666666666667,0.333333333333333,0.666666666666667,0,1,0.333333333333333,1,0,0.666666666666667,0,0,0,1,1,12746,NA,NA,759,NA,NA,21561,NA,NA,848,NA,NA,4056,NA,NA,NA,NA,NA,NA,NA,NA,NA,NA,NA,NA,NA,NA,NA
DfjEoIYY,information_medium,22,Male,White,Student,"10,001-20,000",Senior high,3.933,5,3.5,NA,NA,NA,NA,NA,NA,3,1,1,1,1,1,1,1,NA,1,1,0,0,0,6,2,4,2,3,2,4,3,NA,1,4,0,0,0,3,3,3,3,3,3,3,3,NA,3,3,3,3,3,1,0.333333333333333,0.333333333333333,0.333333333333333,0.333333333333333,0.333333333333333,0.333333333333333,0.333333333333333,NA,0.333333333333333,0.333333333333333,0,0,0,40833,NA,NA,2672,NA,NA,1107,NA,NA,1257,NA,NA,41711,NA,NA,NA,NA,NA,NA,NA,NA,NA,NA,NA,NA,NA,NA,NA
sAEesQZb,information_medium,23,Female,White,Student,"<10,000",Bachelor,3.2,5,1,NA,NA,NA,NA,NA,NA,2,0,NA,1,NA,NA,NA,NA,NA,NA,NA,NA,NA,NA,1,0,NA,0,NA,NA,NA,NA,NA,NA,NA,NA,NA,NA,3,3,NA,3,NA,NA,NA,NA,NA,NA,NA,NA,NA,NA,0.666666666666667,0,NA,0.333333333333333,NA,NA,NA,NA,NA,NA,NA,NA,NA,NA,1383,NA,NA,1219,NA,NA,NA,NA,NA,NA,NA,NA,NA,NA,NA,NA,NA,NA,NA,NA,NA,NA,NA,NA,NA,NA,NA,NA
XhsizFMR,information_high,31,Male,Mixed,Student,"10,001-20,000",Bachelor,3.667,5,2.5,4.6,5,3,6,3,3,3,1,0,0,2,3,1,3,3,0,3,3,2,3,6,1,0,0,7,9,4,5,9,0,6,12,6,8,3,3,3,3,3,3,3,3,3,3,3,3,3,3,1,0.333333333333333,0,0,0.666666666666667,1,0.333333333333333,1,1,0,1,1,0.666666666666667,1,64958,19306,2779,2879,22077,2797,2544,3495,5714,5019,8189,2477,4005,5995,NA,NA,NA,NA,NA,NA,NA,NA,NA,NA,NA,NA,NA,NA
DnTyYNKT,information_medium,23,Male,Other,Self-employed/Freelancer,"<10,000",Bachelor,2.733,4,4,2.6,4,7,6,2,3,1,0,0,0,0,0,0,0,0,0,0,0,0,0,0,0,0,0,0,0,0,0,0,0,0,0,0,0,3,3,3,3,3,3,3,3,3,3,3,3,3,3,0.333333333333333,0,0,0,0,0,0,0,0,0,0,0,0,0,34408,NA,NA,24860,NA,NA,2983,NA,NA,55580,NA,NA,12214,NA,NA,NA,NA,NA,NA,NA,NA,NA,NA,NA,NA,NA,NA,NA
mDRFijyB,information_low,26,Female,White,Private sector,"<10,000",Bachelor,2.933,5,2,NA,NA,NA,NA,NA,NA,0,0,0,0,NA,0,0,NA,0,NA,NA,NA,NA,NA,0,0,0,0,NA,0,0,NA,0,NA,NA,NA,NA,NA,3,3,3,3,NA,3,3,NA,3,NA,NA,NA,NA,NA,0,0,0,0,NA,0,0,NA,0,NA,NA,NA,NA,NA,32224,NA,NA,NA,NA,NA,NA,NA,NA,NA,NA,NA,NA,NA,NA,NA,NA,NA,NA,NA,NA,NA,NA,NA,NA,NA,NA,NA
kpLtysTm,assistant_high,39,Male,White,Government/Public sector,">60,000",Bachelor,3.6,4,3,4.4,5,3,5,3,3,0,3,2,3,3,2,3,2,3,3,2,3,3,3,0,13,4,13,5,11,6,10,6,12,6,14,6,17,3,3,3,3,3,3,3,3,3,3,3,3,3,3,0,1,0.666666666666667,1,1,0.666666666666667,1,0.666666666666667,1,1,0.666666666666667,1,1,1,NA,NA,NA,NA,NA,NA,NA,NA,NA,NA,NA,NA,NA,NA,9951,4278,3293,3029,2975,6166,27658,13287,7690,4911,5898,2620,3626,4408
SspyqvFH,assistant_low,22,Male,Other,Student,"<10,000",Bachelor,3.533,5,3,NA,NA,NA,NA,NA,NA,1,3,0,3,0,NA,0,3,0,2,0,NA,0,2,0,5,0,8,0,NA,0,8,0,6,0,NA,0,9,3,3,3,3,3,NA,3,3,3,3,3,NA,3,3,0.333333333333333,1,0,1,0,NA,0,1,0,0.666666666666667,0,NA,0,0.666666666666667,NA,NA,NA,NA,NA,NA,NA,NA,NA,NA,NA,NA,NA,NA,15958,NA,NA,NA,NA,NA,NA,NA,NA,NA,NA,NA,NA,NA
tyzDPLjn,structure_low,40,Female,Other,Government/Public sector,"<10,000",Bachelor,3.6,4,2,3.73333333333333,4,3,6,4,4,3,2,2,0,0,2,0,0,0,0,0,0,0,0,2,0,2,0,0,4,0,0,0,0,0,0,0,0,3,3,3,3,3,3,3,3,3,3,3,3,3,3,1,0.666666666666667,0.666666666666667,0,0,0.666666666666667,0,0,0,0,0,0,0,0,NA,NA,NA,NA,NA,NA,NA,NA,NA,NA,NA,NA,NA,NA,NA,NA,NA,NA,NA,NA,NA,NA,NA,NA,NA,NA,NA,NA
JrsOoGRL,structure_medium,23,Female,Other,Self-employed/Freelancer,"<10,000",Bachelor,3.533,2,3.5,NA,NA,NA,NA,NA,NA,3,0,NA,0,NA,0,3,NA,NA,NA,NA,NA,NA,0,2,0,NA,0,NA,0,3,NA,NA,NA,NA,NA,NA,0,3,3,NA,3,NA,3,3,NA,NA,NA,NA,NA,NA,3,1,0,NA,0,NA,0,1,NA,NA,NA,NA,NA,NA,0,NA,NA,NA,NA,NA,NA,NA,NA,NA,NA,NA,NA,NA,NA,NA,NA,NA,NA,NA,NA,NA,NA,NA,NA,NA,NA,NA,NA
XYcFaEex,information_low,32,Male,White,Private sector,"20,001-30,000",Bachelor,3.467,4,0.5,3.06666666666667,4,3,6,2,2,1,2,0,1,0,1,0,1,1,0,1,1,0,1,1,2,0,2,0,2,0,3,1,0,1,2,0,0,3,3,3,3,3,3,3,3,3,3,3,3,3,3,0.333333333333333,0.666666666666667,0,0.333333333333333,0,0.333333333333333,0,0.333333333333333,0.333333333333333,0,0.333333333333333,0.333333333333333,0,0.333333333333333,20672,NA,NA,NA,NA,NA,NA,NA,NA,NA,NA,NA,NA,NA,NA,NA,NA,NA,NA,NA,NA,NA,NA,NA,NA,NA,NA,NA
zAqjuMhG,information_low,23,Female,Other,Self-employed/Freelancer,"<10,000",Bachelor,3.8,4,0,2.53333333333333,4,4,6,2,1,0,0,0,0,0,0,0,0,0,0,0,0,0,0,0,0,0,0,0,0,0,0,0,0,0,0,0,0,3,3,3,3,3,3,3,3,3,3,3,3,3,3,0,0,0,0,0,0,0,0,0,0,0,0,0,0,37976,NA,NA,NA,NA,NA,NA,NA,NA,NA,NA,NA,NA,NA,NA,NA,NA,NA,NA,NA,NA,NA,NA,NA,NA,NA,NA,NA
sSvtTVbb,information_low,32,Female,Asian,Self-employed/Freelancer,"<10,000",Bachelor,3.667,5,5,3.8,4,1,6,2,1,2,1,0,1,0,0,1,1,1,0,1,1,1,1,2,0,0,2,0,0,5,2,5,0,5,2,5,2,3,3,3,3,3,3,3,3,3,3,3,3,3,3,0.666666666666667,0.333333333333333,0,0.333333333333333,0,0,0.333333333333333,0.333333333333333,0.333333333333333,0,0.333333333333333,0.333333333333333,0.333333333333333,0.333333333333333,21120,NA,NA,NA,NA,NA,NA,NA,NA,NA,NA,NA,NA,NA,NA,NA,NA,NA,NA,NA,NA,NA,NA,NA,NA,NA,NA,NA
KnBaQlSm,assistant_high,42,Male,Asian,Private sector,"<10,000",Master,3.467,4,0,NA,NA,NA,NA,NA,NA,3,3,3,3,NA,3,2,3,2,3,3,2,2,3,4,5,4,6,NA,8,3,6,3,6,3,6,3,4,3,3,3,3,NA,3,3,3,3,3,3,3,3,3,1,1,1,1,NA,1,0.666666666666667,1,0.666666666666667,1,1,0.666666666666667,0.666666666666667,1,NA,NA,NA,NA,NA,NA,NA,NA,NA,NA,NA,NA,NA,NA,9396,2761,2451,9842,NA,2796,1399,1318,66244,1135,1391,1178,1608,1423
JpXreFXm,assistant_low,21,Male,Asian,Student,"<10,000",Bachelor,3.333,5,0.5,2.93333333333333,5,-1,5,3,2,2,1,1,1,0,0,0,0,0,0,0,1,0,0,2,2,3,3,0,0,0,0,0,0,0,3,0,0,3,3,3,3,3,3,3,3,3,3,3,3,3,3,0.666666666666667,0.333333333333333,0.333333333333333,0.333333333333333,0,0,0,0,0,0,0,0.333333333333333,0,0,NA,NA,NA,NA,NA,NA,NA,NA,NA,NA,NA,NA,NA,NA,17309,NA,NA,NA,NA,NA,NA,NA,NA,NA,NA,NA,NA,NA
CmAvQdwF,structure_low,43,Male,White,Private sector,"30,001-40,000",Master,4.4,5,3.5,2.8,4,-1,3,5,5,3,0,0,2,0,2,0,3,0,3,0,2,0,3,4,0,0,6,0,11,0,11,0,10,0,11,0,8,3,3,3,3,3,3,3,3,3,3,3,3,3,3,1,0,0,0.666666666666667,0,0.666666666666667,0,1,0,1,0,0.666666666666667,0,1,NA,NA,NA,NA,NA,NA,NA,NA,NA,NA,NA,NA,NA,NA,NA,NA,NA,NA,NA,NA,NA,NA,NA,NA,NA,NA,NA,NA
geZqYJWe,assistant_low,35,Male,Asian,Self-employed/Freelancer,"20,001-30,000",Bachelor,3.333,4,-2.5,3.33333333333333,4,-3,2,5,5,2,0,0,0,0,0,0,0,0,0,0,0,0,0,1,0,0,0,0,0,0,0,0,0,0,0,0,0,3,3,3,3,3,3,3,3,3,3,3,3,3,3,0.666666666666667,0,0,0,0,0,0,0,0,0,0,0,0,0,NA,NA,NA,NA,NA,NA,NA,NA,NA,NA,NA,NA,NA,NA,20469,NA,NA,NA,NA,NA,NA,NA,NA,NA,NA,NA,NA,NA
VeBoXApU,assistant_medium,58,Male,Black,Self-employed/Freelancer,"10,001-20,000",Bachelor,2.8,4,3.5,3.6,4,6,6,2,1,1,3,0,3,0,3,1,3,0,3,0,3,0,3,0,3,0,3,0,3,2,6,0,6,0,6,0,6,3,3,3,3,3,3,3,3,3,3,3,3,3,3,0.333333333333333,1,0,1,0,1,0.333333333333333,1,0,1,0,1,0,1,NA,NA,NA,NA,NA,NA,NA,NA,NA,NA,NA,NA,NA,NA,27094,NA,NA,7126,NA,NA,4234,NA,NA,5938,NA,NA,6938,NA
CQQmIiYL,information_medium,31,Male,Asian,Private sector,"<10,000",Master,3.267,4,6.5,NA,NA,NA,NA,NA,NA,2,NA,2,2,2,2,2,2,2,2,2,1,1,2,3,NA,4,3,5,3,4,2,6,3,6,4,4,1,3,NA,3,3,3,3,3,3,3,3,3,3,3,3,0.666666666666667,NA,0.666666666666667,0.666666666666667,0.666666666666667,0.666666666666667,0.666666666666667,0.666666666666667,0.666666666666667,0.666666666666667,0.666666666666667,0.333333333333333,0.333333333333333,0.666666666666667,32788,NA,NA,9215,NA,NA,9013,NA,NA,960,NA,NA,21274,NA,NA,NA,NA,NA,NA,NA,NA,NA,NA,NA,NA,NA,NA,NA
tWVfjZIh,information_low,25,Male,White,Private sector,"10,001-20,000",Bachelor,3.2,4,3.5,3.2,4,-1,4,2,1,3,0,2,2,2,0,2,0,0,0,2,0,1,0,6,0,6,5,3,0,7,0,0,0,7,0,5,0,3,3,3,3,3,3,3,3,3,3,3,3,3,3,1,0,0.666666666666667,0.666666666666667,0.666666666666667,0,0.666666666666667,0,0,0,0.666666666666667,0,0.333333333333333,0,18227,NA,NA,NA,NA,NA,NA,NA,NA,NA,NA,NA,NA,NA,NA,NA,NA,NA,NA,NA,NA,NA,NA,NA,NA,NA,NA,NA
VKEaCBNh,information_low,29,Male,White,Government/Public sector,"10,001-20,000",Bachelor,3.6,5,3,3.13333333333333,5,1.5,6,2,6,3,1,1,2,3,2,0,0,0,2,0,2,0,1,2,1,1,5,3,6,0,0,0,6,0,8,0,3,3,3,3,3,3,3,3,3,3,3,3,3,3,3,1,0.333333333333333,0.333333333333333,0.666666666666667,1,0.666666666666667,0,0,0,0.666666666666667,0,0.666666666666667,0,0.333333333333333,17235,NA,NA,NA,NA,NA,NA,NA,NA,NA,NA,NA,NA,NA,NA,NA,NA,NA,NA,NA,NA,NA,NA,NA,NA,NA,NA,NA
wRcPmxUP,assistant_medium,25,Male,Asian,Self-employed/Freelancer,"<10,000",Bachelor,3.6,4,5,NA,NA,NA,NA,NA,NA,1,1,0,2,0,1,0,2,0,2,0,3,NA,NA,0,4,0,4,0,2,0,6,0,6,0,6,NA,NA,3,3,3,3,3,3,3,3,3,3,3,3,NA,NA,0.333333333333333,0.333333333333333,0,0.666666666666667,0,0.333333333333333,0,0.666666666666667,0,0.666666666666667,0,1,NA,NA,NA,NA,NA,NA,NA,NA,NA,NA,NA,NA,NA,NA,NA,NA,21530,NA,NA,23663,NA,NA,4506,NA,NA,4488,NA,NA,NA,NA
IFrnDPdi,control,21,Female,White,Self-employed/Freelancer,"<10,000",Junior high,4.467,4,5.5,4.46666666666667,4,-0.5,NA,NA,NA,0,0,0,0,0,0,0,0,0,0,0,0,0,0,0,0,0,0,0,0,0,0,0,0,0,0,0,0,3,3,3,3,3,3,3,3,3,3,3,3,3,3,0,0,0,0,0,0,0,0,0,0,0,0,0,0,NA,NA,NA,NA,NA,NA,NA,NA,NA,NA,NA,NA,NA,NA,NA,NA,NA,NA,NA,NA,NA,NA,NA,NA,NA,NA,NA,NA
lygNlxeQ,information_medium,29,Male,Black,Government/Public sector,">60,000",Bachelor,3.2,5,3,3.06666666666667,5,11,6,5,2,0,3,0,2,1,2,0,1,1,3,1,1,0,2,0,3,0,1,1,0,0,1,0,3,0,1,0,2,3,3,3,3,3,3,3,3,3,3,3,3,3,3,0,1,0,0.666666666666667,0.333333333333333,0.666666666666667,0,0.333333333333333,0.333333333333333,1,0.333333333333333,0.333333333333333,0,0.666666666666667,59461,NA,NA,54510,NA,NA,12164,NA,NA,27308,NA,NA,3269,NA,NA,NA,NA,NA,NA,NA,NA,NA,NA,NA,NA,NA,NA,NA
dVgUesOX,control,34,Male,Black,Self-employed/Freelancer,"10,001-20,000",Bachelor,4.2,5,4,4.46666666666667,5,2.5,NA,NA,NA,2,0,2,0,3,0,2,1,2,0,2,0,3,0,1,0,3,0,3,0,2,0,3,0,3,0,3,0,3,3,3,3,3,3,3,3,3,3,3,3,3,3,0.666666666666667,0,0.666666666666667,0,1,0,0.666666666666667,0.333333333333333,0.666666666666667,0,0.666666666666667,0,1,0,NA,NA,NA,NA,NA,NA,NA,NA,NA,NA,NA,NA,NA,NA,NA,NA,NA,NA,NA,NA,NA,NA,NA,NA,NA,NA,NA,NA
FROdWRYH,assistant_low,24,Male,Black,Private sector,"10,001-20,000",Bachelor,3.467,4,5.5,NA,NA,NA,NA,NA,NA,1,2,0,0,NA,0,0,0,0,0,0,NA,NA,0,1,2,0,0,NA,0,0,0,0,0,0,NA,NA,0,3,3,3,3,NA,3,3,3,3,3,3,NA,NA,3,0.333333333333333,0.666666666666667,0,0,NA,0,0,0,0,0,0,NA,NA,0,NA,NA,NA,NA,NA,NA,NA,NA,NA,NA,NA,NA,NA,NA,3267,NA,NA,NA,NA,NA,NA,NA,NA,NA,NA,NA,NA,NA
eYYudBoE,assistant_medium,28,Male,Black,Self-employed/Freelancer,"<10,000",College diploma,3.6,5,10.5,NA,NA,NA,NA,NA,NA,3,0,1,2,1,1,1,1,1,2,NA,1,2,1,3,0,1,4,1,4,0,4,2,8,NA,3,4,4,3,3,3,3,3,3,3,3,3,3,NA,3,3,3,1,0,0.333333333333333,0.666666666666667,0.333333333333333,0.333333333333333,0.333333333333333,0.333333333333333,0.333333333333333,0.666666666666667,NA,0.333333333333333,0.666666666666667,0.333333333333333,NA,NA,NA,NA,NA,NA,NA,NA,NA,NA,NA,NA,NA,NA,19607,NA,NA,1467,NA,NA,7174,NA,NA,19188,NA,NA,4351,NA
BWDhDcAu,information_high,36,Male,White,Government/Public sector,"<10,000",Bachelor,4,4,1.5,3.93333333333333,4,6,5,3,5,2,2,0,1,0,1,0,1,0,1,0,1,0,1,3,4,0,2,0,3,0,3,0,1,0,3,0,4,3,3,3,3,3,3,3,3,3,3,3,3,3,3,0.666666666666667,0.666666666666667,0,0.333333333333333,0,0.333333333333333,0,0.333333333333333,0,0.333333333333333,0,0.333333333333333,0,0.333333333333333,26601,21753,8242,10238,5738,2010,8111,1713,2004,1926,1911,1522,1508,2011,NA,NA,NA,NA,NA,NA,NA,NA,NA,NA,NA,NA,NA,NA
JkyocYBO,information_high,24,Male,Black,Government/Public sector,"30,001-40,000",Bachelor,3,5,7,3.86666666666667,5,13,7,1,1,0,2,0,3,0,2,0,3,0,3,0,3,0,3,0,2,0,5,0,3,0,6,0,4,0,5,0,6,3,3,3,3,3,3,3,3,3,3,3,3,3,3,0,0.666666666666667,0,1,0,0.666666666666667,0,1,0,1,0,1,0,1,24838,19379,13834,3142,2549,5352,2284,2036,1634,2027,2477,2901,2129,1913,NA,NA,NA,NA,NA,NA,NA,NA,NA,NA,NA,NA,NA,NA
VVBCIBZa,information_high,24,Female,Black,Self-employed/Freelancer,"10,001-20,000",Bachelor,3.067,4,-1,3.26666666666667,5,-0.5,7,3,3,0,2,0,0,0,0,0,1,1,0,0,2,0,2,0,0,0,0,0,0,0,0,0,0,0,0,0,1,3,3,3,3,3,3,3,3,3,3,3,3,3,3,0,0.666666666666667,0,0,0,0,0,0.333333333333333,0.333333333333333,0,0,0.666666666666667,0,0.666666666666667,38684,13816,2423,2906,3589,2600,2833,5175,4964,5400,2594,2792,3271,7576,NA,NA,NA,NA,NA,NA,NA,NA,NA,NA,NA,NA,NA,NA
KcuqtZFa,control,24,Male,Black,Government/Public sector,"40,001-60,000",Bachelor,2.467,5,7,NA,NA,NA,NA,NA,NA,2,0,0,0,0,0,0,0,0,0,0,NA,NA,NA,1,0,0,0,0,0,0,0,0,0,0,NA,NA,NA,3,3,3,3,3,3,3,3,3,3,3,NA,NA,NA,0.666666666666667,0,0,0,0,0,0,0,0,0,0,NA,NA,NA,NA,NA,NA,NA,NA,NA,NA,NA,NA,NA,NA,NA,NA,NA,NA,NA,NA,NA,NA,NA,NA,NA,NA,NA,NA,NA,NA,NA
qySMoOCv,structure_medium,25,Male,Black,Self-employed/Freelancer,"<10,000",College diploma,3.133,5,2.5,NA,NA,NA,NA,NA,NA,1,0,0,0,0,1,0,0,NA,0,1,1,0,1,0,0,0,0,0,0,0,0,NA,0,1,0,0,1,3,3,3,3,3,3,3,3,NA,3,3,3,3,3,0.333333333333333,0,0,0,0,0.333333333333333,0,0,NA,0,0.333333333333333,0.333333333333333,0,0.333333333333333,NA,NA,NA,NA,NA,NA,NA,NA,NA,NA,NA,NA,NA,NA,NA,NA,NA,NA,NA,NA,NA,NA,NA,NA,NA,NA,NA,NA
TfhduIVj,structure_high,27,Female,Black,Self-employed/Freelancer,"<10,000",Bachelor,2.667,5,10.5,NA,NA,NA,NA,NA,NA,2,2,0,1,1,3,1,1,0,0,1,1,NA,1,1,0,0,1,0,2,0,0,0,0,0,0,NA,0,3,3,3,3,3,3,3,3,3,3,3,3,NA,3,0.666666666666667,0.666666666666667,0,0.333333333333333,0.333333333333333,1,0.333333333333333,0.333333333333333,0,0,0.333333333333333,0.333333333333333,NA,0.333333333333333,NA,NA,NA,NA,NA,NA,NA,NA,NA,NA,NA,NA,NA,NA,NA,NA,NA,NA,NA,NA,NA,NA,NA,NA,NA,NA,NA,NA
DUXVJMlK,information_high,22,Male,Black,Self-employed/Freelancer,"<10,000",Bachelor,3.4,5,4.5,4.26666666666667,5,3.5,6,2,2,2,3,3,2,3,3,3,3,3,3,3,3,3,3,8,2,8,3,5,3,7,3,10,4,11,4,11,5,3,3,3,3,3,3,3,3,3,3,3,3,3,3,0.666666666666667,1,1,0.666666666666667,1,1,1,1,1,1,1,1,1,1,51715,24083,20695,18457,10368,5231,2101,6874,3181,5874,3091,112720,3217,3015,NA,NA,NA,NA,NA,NA,NA,NA,NA,NA,NA,NA,NA,NA
LjKtNsTK,information_medium,29,Female,White,Self-employed/Freelancer,"10,001-20,000",Bachelor,3.4,4,3,NA,NA,NA,NA,NA,NA,2,1,0,NA,0,0,2,3,1,1,1,2,1,3,2,0,0,NA,0,0,0,6,0,1,0,4,0,6,3,3,3,NA,3,3,3,3,3,3,3,3,3,3,0.666666666666667,0.333333333333333,0,NA,0,0,0.666666666666667,1,0.333333333333333,0.333333333333333,0.333333333333333,0.666666666666667,0.333333333333333,1,26740,NA,NA,NA,NA,NA,2345,NA,NA,3591,NA,NA,2192,NA,NA,NA,NA,NA,NA,NA,NA,NA,NA,NA,NA,NA,NA,NA
mnXFvSHp,structure_low,23,Male,Black,Student,"<10,000",Bachelor,3.533,5,11,NA,NA,NA,NA,NA,NA,2,NA,1,2,3,3,0,3,0,2,0,1,0,2,1,NA,1,8,2,8,0,11,0,6,0,4,0,8,3,NA,3,3,3,3,3,3,3,3,3,3,3,3,0.666666666666667,NA,0.333333333333333,0.666666666666667,1,1,0,1,0,0.666666666666667,0,0.333333333333333,0,0.666666666666667,NA,NA,NA,NA,NA,NA,NA,NA,NA,NA,NA,NA,NA,NA,NA,NA,NA,NA,NA,NA,NA,NA,NA,NA,NA,NA,NA,NA
QeawLKfF,assistant_high,33,Male,Black,Private sector,"20,001-30,000",Bachelor,2.933,5,6,3.93333333333333,4,4,7,3,2,0,3,1,2,0,2,2,3,2,3,0,3,1,2,0,2,1,3,0,4,4,2,1,0,0,3,2,1,3,3,3,3,3,3,3,3,3,3,3,3,3,3,0,1,0.333333333333333,0.666666666666667,0,0.666666666666667,0.666666666666667,1,0.666666666666667,1,0,1,0.333333333333333,0.666666666666667,NA,NA,NA,NA,NA,NA,NA,NA,NA,NA,NA,NA,NA,NA,6087,3542,3030,3919,9268,3933,2713,11955,4186,4777,2047,2626,2066,2755
jeAdKZkT,structure_low,28,Male,Black,Self-employed/Freelancer,"20,001-30,000",Master,2.8,4,1.5,2.86666666666667,4,8.5,7,4,5,1,0,0,0,0,0,0,0,0,0,0,0,0,0,0,0,0,0,0,0,0,0,0,0,0,0,0,0,3,3,3,3,3,3,3,3,3,3,3,3,3,3,0.333333333333333,0,0,0,0,0,0,0,0,0,0,0,0,0,NA,NA,NA,NA,NA,NA,NA,NA,NA,NA,NA,NA,NA,NA,NA,NA,NA,NA,NA,NA,NA,NA,NA,NA,NA,NA,NA,NA
jBIiwmwH,structure_high,35,Male,Black,Self-employed/Freelancer,">60,000",Bachelor,3.067,4,13,3.13333333333333,5,9.5,7,1,1,2,3,2,2,1,2,2,2,2,2,2,2,2,1,2,2,1,1,2,1,2,1,2,1,3,1,2,1,3,3,3,3,3,3,3,3,3,3,3,3,3,3,0.666666666666667,1,0.666666666666667,0.666666666666667,0.333333333333333,0.666666666666667,0.666666666666667,0.666666666666667,0.666666666666667,0.666666666666667,0.666666666666667,0.666666666666667,0.666666666666667,0.333333333333333,NA,NA,NA,NA,NA,NA,NA,NA,NA,NA,NA,NA,NA,NA,NA,NA,NA,NA,NA,NA,NA,NA,NA,NA,NA,NA,NA,NA
mELkkQyA,assistant_medium,32,Male,Black,Private sector,"30,001-40,000",Bachelor,3.867,5,4,4.33333333333333,5,10,7,5,5,3,0,2,0,0,0,3,0,1,1,0,0,0,0,1,0,2,0,0,0,4,0,1,2,0,0,0,0,3,3,3,3,3,3,3,3,3,3,3,3,3,3,1,0,0.666666666666667,0,0,0,1,0,0.333333333333333,0.333333333333333,0,0,0,0,NA,NA,NA,NA,NA,NA,NA,NA,NA,NA,NA,NA,NA,NA,19382,NA,NA,16170,NA,NA,1839,NA,NA,4333,NA,NA,7080,NA
NEFtWdwg,information_high,36,Female,Black,Private sector,"40,001-60,000",Bachelor,3.067,4,6,NA,NA,NA,NA,NA,NA,0,0,NA,NA,NA,NA,NA,NA,NA,NA,NA,NA,NA,NA,0,0,NA,NA,NA,NA,NA,NA,NA,NA,NA,NA,NA,NA,3,3,NA,NA,NA,NA,NA,NA,NA,NA,NA,NA,NA,NA,0,0,NA,NA,NA,NA,NA,NA,NA,NA,NA,NA,NA,NA,19063,13404,NA,NA,NA,NA,NA,NA,NA,NA,NA,NA,NA,NA,NA,NA,NA,NA,NA,NA,NA,NA,NA,NA,NA,NA,NA,NA
ndlQATlK,assistant_medium,22,Female,Black,Private sector,"<10,000",Bachelor,3.267,5,7.5,3.6,5,6.5,6,3,4,1,1,1,2,3,1,0,1,3,0,1,0,1,0,1,0,1,5,3,1,0,2,3,0,1,0,1,0,3,3,3,3,3,3,3,3,3,3,3,3,3,3,0.333333333333333,0.333333333333333,0.333333333333333,0.666666666666667,1,0.333333333333333,0,0.333333333333333,1,0,0.333333333333333,0,0.333333333333333,0,NA,NA,NA,NA,NA,NA,NA,NA,NA,NA,NA,NA,NA,NA,32838,NA,NA,14647,NA,NA,5231,NA,NA,8374,NA,NA,5938,NA
UrYHSUVH,information_low,18,Male,Black,Student,"<10,000",Senior high,2.8,3,1.5,NA,NA,NA,NA,NA,NA,3,3,NA,3,2,0,2,0,3,2,0,3,0,0,3,3,NA,4,3,0,5,0,8,4,0,5,0,0,3,3,NA,3,3,3,3,3,3,3,3,3,3,3,1,1,NA,1,0.666666666666667,0,0.666666666666667,0,1,0.666666666666667,0,1,0,0,17266,NA,NA,NA,NA,NA,NA,NA,NA,NA,NA,NA,NA,NA,NA,NA,NA,NA,NA,NA,NA,NA,NA,NA,NA,NA,NA,NA
iNsRxJfs,assistant_low,29,Male,Black,Government/Public sector,"40,001-60,000",Bachelor,3.2,5,4.5,NA,NA,NA,NA,NA,NA,3,1,2,NA,NA,NA,NA,NA,NA,NA,NA,NA,NA,NA,2,1,4,NA,NA,NA,NA,NA,NA,NA,NA,NA,NA,NA,3,3,3,NA,NA,NA,NA,NA,NA,NA,NA,NA,NA,NA,1,0.333333333333333,0.666666666666667,NA,NA,NA,NA,NA,NA,NA,NA,NA,NA,NA,NA,NA,NA,NA,NA,NA,NA,NA,NA,NA,NA,NA,NA,NA,13957,NA,NA,NA,NA,NA,NA,NA,NA,NA,NA,NA,NA,NA
uTbOlyVa,information_low,42,Male,Black,Private sector,"30,001-40,000",Master,3.667,4,7,2.8,5,9,6,3,2,0,2,1,0,1,1,1,0,0,2,1,1,1,2,0,2,3,0,2,1,2,0,0,2,3,1,2,3,3,3,3,3,3,3,3,3,3,3,3,3,3,3,0,0.666666666666667,0.333333333333333,0,0.333333333333333,0.333333333333333,0.333333333333333,0,0,0.666666666666667,0.333333333333333,0.333333333333333,0.333333333333333,0.666666666666667,18891,NA,NA,NA,NA,NA,NA,NA,NA,NA,NA,NA,NA,NA,NA,NA,NA,NA,NA,NA,NA,NA,NA,NA,NA,NA,NA,NA
EBHUCRTh,assistant_high,30,Male,Black,Self-employed/Freelancer,"10,001-20,000",Bachelor,3.267,5,4,3,5,4.5,7,6,4,2,0,0,0,1,2,0,0,1,0,1,0,0,0,0,0,0,0,0,1,0,0,0,0,2,0,0,0,3,3,3,3,3,3,3,3,3,3,3,3,3,3,0.666666666666667,0,0,0,0.333333333333333,0.666666666666667,0,0,0.333333333333333,0,0.333333333333333,0,0,0,NA,NA,NA,NA,NA,NA,NA,NA,NA,NA,NA,NA,NA,NA,94218,2003,9690,3911,4645,5153,2101,2335,2420,1899,1674,1835,1550,1546
rbzKmnYM,information_low,19,Male,Black,Self-employed/Freelancer,"<10,000",Bachelor,2.667,5,-2.5,NA,NA,NA,NA,NA,NA,3,3,3,NA,NA,NA,NA,NA,NA,NA,NA,NA,NA,NA,3,5,3,NA,NA,NA,NA,NA,NA,NA,NA,NA,NA,NA,3,3,3,NA,NA,NA,NA,NA,NA,NA,NA,NA,NA,NA,1,1,1,NA,NA,NA,NA,NA,NA,NA,NA,NA,NA,NA,26779,NA,NA,NA,NA,NA,NA,NA,NA,NA,NA,NA,NA,NA,NA,NA,NA,NA,NA,NA,NA,NA,NA,NA,NA,NA,NA,NA
CCsGbVOW,control,23,Male,Black,Student,"<10,000",Senior high,2.933,5,14,3.13333333333333,4,14,NA,NA,NA,0,0,0,0,1,0,0,2,1,1,0,1,1,0,0,0,0,0,4,0,0,4,3,2,0,1,4,0,3,3,3,3,3,3,3,3,3,3,3,3,3,3,0,0,0,0,0.333333333333333,0,0,0.666666666666667,0.333333333333333,0.333333333333333,0,0.333333333333333,0.333333333333333,0,NA,NA,NA,NA,NA,NA,NA,NA,NA,NA,NA,NA,NA,NA,NA,NA,NA,NA,NA,NA,NA,NA,NA,NA,NA,NA,NA,NA
TtQeGAsH,structure_high,24,Male,Black,Private sector,">60,000",Bachelor,2.867,5,9,2.8,5,11.5,7,1,1,1,2,1,1,0,1,0,1,1,1,1,1,0,1,0,1,0,1,0,0,0,0,0,0,0,1,0,1,3,3,3,3,3,3,3,3,3,3,3,3,3,3,0.333333333333333,0.666666666666667,0.333333333333333,0.333333333333333,0,0.333333333333333,0,0.333333333333333,0.333333333333333,0.333333333333333,0.333333333333333,0.333333333333333,0,0.333333333333333,NA,NA,NA,NA,NA,NA,NA,NA,NA,NA,NA,NA,NA,NA,NA,NA,NA,NA,NA,NA,NA,NA,NA,NA,NA,NA,NA,NA
AChAioOK,control,29,Male,White,Government/Public sector,"20,001-30,000",College diploma,4,5,10,3.66666666666667,5,12,NA,NA,NA,2,2,1,2,1,2,1,1,0,2,0,0,0,2,2,5,2,6,4,6,1,4,0,11,0,0,0,11,3,3,3,3,3,3,3,3,3,3,3,3,3,3,0.666666666666667,0.666666666666667,0.333333333333333,0.666666666666667,0.333333333333333,0.666666666666667,0.333333333333333,0.333333333333333,0,0.666666666666667,0,0,0,0.666666666666667,NA,NA,NA,NA,NA,NA,NA,NA,NA,NA,NA,NA,NA,NA,NA,NA,NA,NA,NA,NA,NA,NA,NA,NA,NA,NA,NA,NA
dejKnkEq,information_high,27,Female,Black,Self-employed/Freelancer,">60,000",Bachelor,3.533,5,9.5,3.86666666666667,5,5,6,1,2,2,2,1,1,1,2,2,1,1,1,1,1,1,1,2,5,1,3,1,4,1,3,1,3,0,3,1,3,3,3,3,3,3,3,3,3,3,3,3,3,3,3,0.666666666666667,0.666666666666667,0.333333333333333,0.333333333333333,0.333333333333333,0.666666666666667,0.666666666666667,0.333333333333333,0.333333333333333,0.333333333333333,0.333333333333333,0.333333333333333,0.333333333333333,0.333333333333333,36065,19504,14313,4423,20295,4145,2164,3371,4026,2032,2515,2464,2650,3474,NA,NA,NA,NA,NA,NA,NA,NA,NA,NA,NA,NA,NA,NA
AfjTpSlG,information_high,27,Female,Black,Private sector,"10,001-20,000",Bachelor,4,5,6.5,4.33333333333333,5,5,4,3,2,2,3,0,3,2,3,1,3,0,3,2,3,2,3,1,3,0,3,0,2,2,6,0,3,4,3,1,4,3,3,3,3,3,3,3,3,3,3,3,3,3,3,0.666666666666667,1,0,1,0.666666666666667,1,0.333333333333333,1,0,1,0.666666666666667,1,0.666666666666667,1,110720,22405,19076,2775,7194,4319,2197,7580,3295,3193,12077,3597,6314,3235,NA,NA,NA,NA,NA,NA,NA,NA,NA,NA,NA,NA,NA,NA
MiEMjHOf,assistant_low,47,Female,Asian,Self-employed/Freelancer,"20,001-30,000",Doctoral,3.333,5,6.5,3.53333333333333,4,3.5,5,5,5,1,1,0,0,0,0,0,0,0,0,0,0,0,0,1,0,0,0,0,0,0,0,0,0,0,0,0,0,3,3,3,3,3,3,3,3,3,3,3,3,3,3,0.333333333333333,0.333333333333333,0,0,0,0,0,0,0,0,0,0,0,0,NA,NA,NA,NA,NA,NA,NA,NA,NA,NA,NA,NA,NA,NA,15701,NA,NA,NA,NA,NA,NA,NA,NA,NA,NA,NA,NA,NA
rDMTVCiC,structure_high,23,Male,Black,Government/Public sector,"<10,000",Bachelor,3,5,3,NA,NA,NA,NA,NA,NA,1,NA,NA,NA,NA,NA,NA,NA,NA,NA,NA,NA,NA,NA,0,NA,NA,NA,NA,NA,NA,NA,NA,NA,NA,NA,NA,NA,3,NA,NA,NA,NA,NA,NA,NA,NA,NA,NA,NA,NA,NA,0.333333333333333,NA,NA,NA,NA,NA,NA,NA,NA,NA,NA,NA,NA,NA,NA,NA,NA,NA,NA,NA,NA,NA,NA,NA,NA,NA,NA,NA,NA,NA,NA,NA,NA,NA,NA,NA,NA,NA,NA,NA,NA,NA
KBYSFQaI,structure_medium,27,Male,Asian,Private sector,"20,001-30,000",Bachelor,3.4,4,6.5,3.46666666666667,4,7,6,3,1,1,2,0,3,0,3,0,3,0,3,0,2,0,2,0,5,0,8,0,9,0,9,0,9,0,9,0,6,3,3,3,3,3,3,3,3,3,3,3,3,3,3,0.333333333333333,0.666666666666667,0,1,0,1,0,1,0,1,0,0.666666666666667,0,0.666666666666667,NA,NA,NA,NA,NA,NA,NA,NA,NA,NA,NA,NA,NA,NA,NA,NA,NA,NA,NA,NA,NA,NA,NA,NA,NA,NA,NA,NA
QhnaJtCv,assistant_medium,29,Female,Asian,Self-employed/Freelancer,"<10,000",Bachelor,3.533,4,1.5,4.06666666666667,5,7,6,4,4,3,3,3,3,3,3,3,2,3,3,3,3,3,3,3,6,7,7,9,9,9,10,9,11,9,11,10,11,3,3,3,3,3,3,3,3,3,3,3,3,3,3,1,1,1,1,1,1,1,0.666666666666667,1,1,1,1,1,1,NA,NA,NA,NA,NA,NA,NA,NA,NA,NA,NA,NA,NA,NA,8387,NA,NA,4758,NA,NA,4827,NA,NA,5837,NA,NA,3948,NA
MmZTYqRB,information_high,31,Male,White,Private sector,">60,000",Master,3.267,5,4.5,4.26666666666667,4,10,6,3,3,1,3,0,3,0,3,0,3,0,3,1,2,0,2,2,3,0,2,0,2,0,6,0,3,0,1,0,1,3,3,3,3,3,3,3,3,3,3,3,3,3,3,0.333333333333333,1,0,1,0,1,0,1,0,1,0.333333333333333,0.666666666666667,0,0.666666666666667,52680,32769,3124,3685,37431,3526,4057,4152,2804,8429,13922,6302,3347,3440,NA,NA,NA,NA,NA,NA,NA,NA,NA,NA,NA,NA,NA,NA
BkDglpas,control,23,Male,Black,Self-employed/Freelancer,"<10,000",Bachelor,2.8,5,6.5,NA,NA,NA,NA,NA,NA,2,NA,1,2,2,2,1,2,0,2,3,2,2,2,8,NA,5,2,10,3,5,3,0,3,10,3,9,2,3,NA,3,3,3,3,3,3,3,3,3,3,3,3,0.666666666666667,NA,0.333333333333333,0.666666666666667,0.666666666666667,0.666666666666667,0.333333333333333,0.666666666666667,0,0.666666666666667,1,0.666666666666667,0.666666666666667,0.666666666666667,NA,NA,NA,NA,NA,NA,NA,NA,NA,NA,NA,NA,NA,NA,NA,NA,NA,NA,NA,NA,NA,NA,NA,NA,NA,NA,NA,NA
pXkkcYbZ,structure_high,33,Male,White,Private sector,"30,001-40,000",Bachelor,2.4,5,2.5,2.4,4,-1,5,3,3,3,3,3,3,3,3,3,3,3,3,3,2,2,3,8,11,10,12,5,0,10,12,12,12,12,10,10,13,3,3,3,3,3,3,3,3,3,3,3,3,3,3,1,1,1,1,1,1,1,1,1,1,1,0.666666666666667,0.666666666666667,1,NA,NA,NA,NA,NA,NA,NA,NA,NA,NA,NA,NA,NA,NA,NA,NA,NA,NA,NA,NA,NA,NA,NA,NA,NA,NA,NA,NA
QeDNRWLY,structure_medium,24,Female,White,Student,"20,001-30,000",Master,3.933,5,10,NA,NA,NA,NA,NA,NA,3,3,3,NA,2,1,3,3,3,0,3,3,2,3,8,4,8,NA,7,1,12,6,9,0,6,5,10,3,3,3,3,NA,3,3,3,3,3,3,3,3,3,3,1,1,1,NA,0.666666666666667,0.333333333333333,1,1,1,0,1,1,0.666666666666667,1,NA,NA,NA,NA,NA,NA,NA,NA,NA,NA,NA,NA,NA,NA,NA,NA,NA,NA,NA,NA,NA,NA,NA,NA,NA,NA,NA,NA
iVnkJmgM,structure_high,24,Male,Other,Government/Public sector,"<10,000",Bachelor,3.4,5,3.5,NA,NA,NA,NA,NA,NA,2,2,3,3,3,3,NA,3,2,NA,2,3,3,2,5,1,7,3,7,3,NA,3,6,NA,7,3,8,3,3,3,3,3,3,3,NA,3,3,NA,3,3,3,3,0.666666666666667,0.666666666666667,1,1,1,1,NA,1,0.666666666666667,NA,0.666666666666667,1,1,0.666666666666667,NA,NA,NA,NA,NA,NA,NA,NA,NA,NA,NA,NA,NA,NA,NA,NA,NA,NA,NA,NA,NA,NA,NA,NA,NA,NA,NA,NA
kBkcPSUH,structure_high,32,Male,Other,Private sector,"40,001-60,000",Bachelor,3.4,5,7.5,3.86666666666667,4,7,4,2,3,3,3,3,3,3,3,3,3,3,3,3,3,3,1,2,5,6,6,4,6,6,7,3,7,8,6,7,5,3,3,3,3,3,3,3,3,3,3,3,3,3,3,1,1,1,1,1,1,1,1,1,1,1,1,1,0.333333333333333,NA,NA,NA,NA,NA,NA,NA,NA,NA,NA,NA,NA,NA,NA,NA,NA,NA,NA,NA,NA,NA,NA,NA,NA,NA,NA,NA,NA
cfCzEJaZ,structure_high,27,Male,White,Private sector,"10,001-20,000",Bachelor,3.467,3,-2.5,NA,NA,NA,NA,NA,NA,0,3,3,2,NA,3,3,3,3,2,NA,3,NA,2,0,10,5,3,NA,14,5,12,7,10,NA,14,NA,10,3,3,3,3,NA,3,3,3,3,3,NA,3,NA,3,0,1,1,0.666666666666667,NA,1,1,1,1,0.666666666666667,NA,1,NA,0.666666666666667,NA,NA,NA,NA,NA,NA,NA,NA,NA,NA,NA,NA,NA,NA,NA,NA,NA,NA,NA,NA,NA,NA,NA,NA,NA,NA,NA,NA
PODiDyqV,information_low,34,Female,Black,Government/Public sector,"<10,000",Bachelor,3.4,5,9.5,3.53333333333333,5,7.5,6,1,2,3,0,2,1,1,1,0,3,2,2,1,3,0,3,3,0,2,2,1,3,0,8,2,5,1,5,0,9,3,3,3,3,3,3,3,3,3,3,3,3,3,3,1,0,0.666666666666667,0.333333333333333,0.333333333333333,0.333333333333333,0,1,0.666666666666667,0.666666666666667,0.333333333333333,1,0,1,16792,NA,NA,NA,NA,NA,NA,NA,NA,NA,NA,NA,NA,NA,NA,NA,NA,NA,NA,NA,NA,NA,NA,NA,NA,NA,NA,NA
tXRlejfB,control,39,Male,White,Private sector,">60,000",Master,2.4,4,-1,2.6,4,-1.5,NA,NA,NA,1,0,0,0,1,0,0,0,0,0,0,0,0,0,3,0,0,0,2,0,0,0,0,0,0,0,0,0,3,3,3,3,3,3,3,3,3,3,3,3,3,3,0.333333333333333,0,0,0,0.333333333333333,0,0,0,0,0,0,0,0,0,NA,NA,NA,NA,NA,NA,NA,NA,NA,NA,NA,NA,NA,NA,NA,NA,NA,NA,NA,NA,NA,NA,NA,NA,NA,NA,NA,NA
wdwrKNfD,assistant_low,36,Male,Black,Private sector,"10,001-20,000",Bachelor,3.333,4,3.5,3.33333333333333,4,3,4,3,5,3,0,2,0,2,0,3,1,0,0,1,0,1,1,5,0,5,0,10,0,9,4,0,0,3,0,3,3,3,3,3,3,3,3,3,3,3,3,3,3,3,3,1,0,0.666666666666667,0,0.666666666666667,0,1,0.333333333333333,0,0,0.333333333333333,0,0.333333333333333,0.333333333333333,NA,NA,NA,NA,NA,NA,NA,NA,NA,NA,NA,NA,NA,NA,11233,NA,NA,NA,NA,NA,NA,NA,NA,NA,NA,NA,NA,NA
GzgigOCR,structure_low,23,Male,Black,Student,"<10,000",Bachelor,3.333,4,6,3.46666666666667,2,-2,3,1,1,1,0,0,0,0,0,0,0,0,0,0,0,0,0,1,0,0,0,0,0,0,0,0,0,0,0,0,0,3,3,3,3,3,3,3,3,3,3,3,3,3,3,0.333333333333333,0,0,0,0,0,0,0,0,0,0,0,0,0,NA,NA,NA,NA,NA,NA,NA,NA,NA,NA,NA,NA,NA,NA,NA,NA,NA,NA,NA,NA,NA,NA,NA,NA,NA,NA,NA,NA
mCqzaong,information_medium,21,Female,White,Self-employed/Freelancer,"<10,000",Bachelor,3.733,4,7.5,NA,NA,NA,NA,NA,NA,2,0,NA,NA,NA,NA,NA,NA,0,0,0,NA,NA,NA,2,0,NA,NA,NA,NA,NA,NA,0,0,0,NA,NA,NA,3,3,NA,NA,NA,NA,NA,NA,3,3,3,NA,NA,NA,0.666666666666667,0,NA,NA,NA,NA,NA,NA,0,0,0,NA,NA,NA,38365,NA,NA,NA,NA,NA,NA,NA,NA,1752,NA,NA,NA,NA,NA,NA,NA,NA,NA,NA,NA,NA,NA,NA,NA,NA,NA,NA
kkfsgwJK,information_high,44,Male,White,Private sector,"20,001-30,000",Bachelor,3.467,5,1,3.53333333333333,4,1,6,3,4,3,0,1,0,0,0,0,0,0,0,0,1,3,0,3,0,2,0,0,0,0,0,0,0,0,0,2,0,3,3,3,3,3,3,3,3,3,3,3,3,3,3,1,0,0.333333333333333,0,0,0,0,0,0,0,0,0.333333333333333,1,0,14580,23429,2559,10971,8376,3270,3914,2165,1994,2011,2472,2149,2436,2960,NA,NA,NA,NA,NA,NA,NA,NA,NA,NA,NA,NA,NA,NA
JQldwTed,assistant_high,25,Male,Mixed,Self-employed/Freelancer,"20,001-30,000",Bachelor,3.6,5,12.5,NA,NA,NA,NA,NA,NA,0,0,1,0,0,0,0,0,0,1,NA,0,2,0,0,0,2,0,0,0,0,0,0,0,NA,0,2,0,3,3,3,3,3,3,3,3,3,3,NA,3,3,3,0,0,0.333333333333333,0,0,0,0,0,0,0.333333333333333,NA,0,0.666666666666667,0,NA,NA,NA,NA,NA,NA,NA,NA,NA,NA,NA,NA,NA,NA,15547,5179,1789,3209,1883,2402,1773,1733,7258,1634,NA,3027,2345,1742
FXYEmRKF,structure_low,23,Female,Other,Other,"<10,000",Bachelor,2.867,4,5,2.86666666666667,5,7,7,1,1,3,3,2,3,2,2,3,2,3,2,2,3,3,2,3,6,3,8,3,9,3,11,3,10,3,8,3,11,3,3,3,3,3,3,3,3,3,3,3,3,3,3,1,1,0.666666666666667,1,0.666666666666667,0.666666666666667,1,0.666666666666667,1,0.666666666666667,0.666666666666667,1,1,0.666666666666667,NA,NA,NA,NA,NA,NA,NA,NA,NA,NA,NA,NA,NA,NA,NA,NA,NA,NA,NA,NA,NA,NA,NA,NA,NA,NA,NA,NA
XAUBpkEy,control,26,Male,Black,Private sector,">60,000",Master,3.2,5,1,3.06666666666667,5,3.5,NA,NA,NA,0,0,0,0,0,0,0,0,0,0,0,0,0,0,0,0,0,0,0,0,0,0,0,0,0,0,0,0,3,3,3,3,3,3,3,3,3,3,3,3,3,3,0,0,0,0,0,0,0,0,0,0,0,0,0,0,NA,NA,NA,NA,NA,NA,NA,NA,NA,NA,NA,NA,NA,NA,NA,NA,NA,NA,NA,NA,NA,NA,NA,NA,NA,NA,NA,NA
xVBFdClA,information_high,23,Male,Other,Government/Public sector,"10,001-20,000",Bachelor,3.867,5,5,3.6,5,5,4,4,4,3,3,3,2,3,3,2,2,3,3,3,3,3,2,4,4,5,6,8,6,10,8,13,9,5,9,12,8,3,3,3,3,3,3,3,3,3,3,3,3,3,3,1,1,1,0.666666666666667,1,1,0.666666666666667,0.666666666666667,1,1,1,1,1,0.666666666666667,41896,14495,1934,2228,1750,5140,1343,1721,7099,3323,1661,1068,1999,5842,NA,NA,NA,NA,NA,NA,NA,NA,NA,NA,NA,NA,NA,NA
eFPsEspR,assistant_low,58,Female,Asian,Self-employed/Freelancer,"10,001-20,000",Bachelor,3.533,4,3,3.26666666666667,4,8,5,2,1,3,3,3,1,3,2,2,2,3,3,1,3,3,2,5,4,6,2,5,2,6,4,6,3,4,3,9,4,3,3,3,3,3,3,3,3,3,3,3,3,3,3,1,1,1,0.333333333333333,1,0.666666666666667,0.666666666666667,0.666666666666667,1,1,0.333333333333333,1,1,0.666666666666667,NA,NA,NA,NA,NA,NA,NA,NA,NA,NA,NA,NA,NA,NA,41203,NA,NA,NA,NA,NA,NA,NA,NA,NA,NA,NA,NA,NA
jSbamqvU,structure_low,22,Male,Black,Private sector,"<10,000",Bachelor,3.333,4,4.5,NA,NA,NA,NA,NA,NA,1,NA,NA,NA,NA,NA,NA,NA,NA,NA,NA,NA,NA,NA,1,NA,NA,NA,NA,NA,NA,NA,NA,NA,NA,NA,NA,NA,3,NA,NA,NA,NA,NA,NA,NA,NA,NA,NA,NA,NA,NA,0.333333333333333,NA,NA,NA,NA,NA,NA,NA,NA,NA,NA,NA,NA,NA,NA,NA,NA,NA,NA,NA,NA,NA,NA,NA,NA,NA,NA,NA,NA,NA,NA,NA,NA,NA,NA,NA,NA,NA,NA,NA,NA,NA
WnhNrEQm,information_high,26,Male,White,Self-employed/Freelancer,"10,001-20,000",Bachelor,3.6,5,5,NA,NA,NA,NA,NA,NA,2,NA,2,0,0,0,0,NA,1,0,0,0,0,0,1,NA,1,0,0,0,0,NA,0,0,0,0,0,0,3,NA,3,3,3,3,3,NA,3,3,3,3,3,3,0.666666666666667,NA,0.666666666666667,0,0,0,0,NA,0.333333333333333,0,0,0,0,0,11155,NA,8788,5847,1917,41623,1081,NA,1447,2120,717,1150,1054,836,NA,NA,NA,NA,NA,NA,NA,NA,NA,NA,NA,NA,NA,NA
mDHNsshV,information_medium,31,Male,White,Private sector,"40,001-60,000",Bachelor,3.133,2,1.5,NA,NA,NA,NA,NA,NA,1,0,0,0,NA,NA,2,1,0,0,NA,NA,NA,0,0,0,0,0,NA,NA,7,4,0,0,NA,NA,NA,0,3,3,3,3,NA,NA,3,3,3,3,NA,NA,NA,3,0.333333333333333,0,0,0,NA,NA,0.666666666666667,0.333333333333333,0,0,NA,NA,NA,0,13086,NA,NA,1679,NA,NA,2113,NA,NA,1276,NA,NA,NA,NA,NA,NA,NA,NA,NA,NA,NA,NA,NA,NA,NA,NA,NA,NA
YVneoKvP,structure_medium,55,Female,Black,Government/Public sector,"<10,000",Bachelor,3.733,5,9.5,NA,NA,NA,NA,NA,NA,1,1,0,NA,NA,NA,NA,NA,NA,NA,NA,NA,NA,NA,1,1,0,NA,NA,NA,NA,NA,NA,NA,NA,NA,NA,NA,3,3,3,NA,NA,NA,NA,NA,NA,NA,NA,NA,NA,NA,0.333333333333333,0.333333333333333,0,NA,NA,NA,NA,NA,NA,NA,NA,NA,NA,NA,NA,NA,NA,NA,NA,NA,NA,NA,NA,NA,NA,NA,NA,NA,NA,NA,NA,NA,NA,NA,NA,NA,NA,NA,NA,NA,NA,NA
gGKOgmJE,structure_low,44,Female,White,Government/Public sector,"20,001-30,000",Bachelor,3.533,4,1,3.6,4,3.5,5,3,2,3,2,3,3,3,3,3,3,3,3,3,0,2,3,5,2,6,3,6,3,7,4,6,2,9,0,8,4,3,3,3,3,3,3,3,3,3,3,3,3,3,3,1,0.666666666666667,1,1,1,1,1,1,1,1,1,0,0.666666666666667,1,NA,NA,NA,NA,NA,NA,NA,NA,NA,NA,NA,NA,NA,NA,NA,NA,NA,NA,NA,NA,NA,NA,NA,NA,NA,NA,NA,NA
CSCEmQgy,assistant_medium,25,Female,Black,Government/Public sector,"20,001-30,000",Bachelor,2.933,4,5,2.8,4,5,6,2,1,0,0,0,1,1,1,0,0,0,0,0,1,0,0,0,0,0,2,1,0,0,0,0,0,0,0,0,0,3,3,3,3,3,3,3,3,3,3,3,3,3,3,0,0,0,0.333333333333333,0.333333333333333,0.333333333333333,0,0,0,0,0,0.333333333333333,0,0,NA,NA,NA,NA,NA,NA,NA,NA,NA,NA,NA,NA,NA,NA,1707,NA,NA,8314,NA,NA,7043,NA,NA,6394,NA,NA,9485,NA
zaCNtzsX,information_low,31,Female,Other,Self-employed/Freelancer,"<10,000",Bachelor,3.067,4,0.5,NA,NA,NA,NA,NA,NA,0,0,0,NA,NA,NA,NA,NA,NA,0,0,0,NA,NA,0,0,0,NA,NA,NA,NA,NA,NA,0,0,0,NA,NA,3,3,3,NA,NA,NA,NA,NA,NA,3,3,3,NA,NA,0,0,0,NA,NA,NA,NA,NA,NA,0,0,0,NA,NA,2182,NA,NA,NA,NA,NA,NA,NA,NA,NA,NA,NA,NA,NA,NA,NA,NA,NA,NA,NA,NA,NA,NA,NA,NA,NA,NA,NA
iDQKmifr,structure_low,22,Male,White,Self-employed/Freelancer,"<10,000",Bachelor,3.067,4,2,3,4,2,6,3,4,1,0,0,0,0,0,0,0,0,0,0,0,0,0,0,0,0,0,0,0,0,0,0,0,0,0,0,0,3,3,3,3,3,3,3,3,3,3,3,3,3,3,0.333333333333333,0,0,0,0,0,0,0,0,0,0,0,0,0,NA,NA,NA,NA,NA,NA,NA,NA,NA,NA,NA,NA,NA,NA,NA,NA,NA,NA,NA,NA,NA,NA,NA,NA,NA,NA,NA,NA
QBcgbmDD,structure_medium,34,Male,White,Self-employed/Freelancer,"20,001-30,000",Bachelor,3.333,3,-2,NA,NA,NA,NA,NA,NA,0,NA,NA,NA,0,NA,NA,NA,NA,NA,NA,NA,NA,NA,0,NA,NA,NA,0,NA,NA,NA,NA,NA,NA,NA,NA,NA,3,NA,NA,NA,3,NA,NA,NA,NA,NA,NA,NA,NA,NA,0,NA,NA,NA,0,NA,NA,NA,NA,NA,NA,NA,NA,NA,NA,NA,NA,NA,NA,NA,NA,NA,NA,NA,NA,NA,NA,NA,NA,NA,NA,NA,NA,NA,NA,NA,NA,NA,NA,NA,NA,NA
cvcAzumw,control,41,Male,Black,Private sector,">60,000",Bachelor,2.4,5,2.5,1.66666666666667,4,5,NA,NA,NA,0,0,0,0,0,0,0,0,0,0,0,0,0,0,0,0,0,0,0,0,0,0,0,0,0,0,0,0,3,3,3,3,3,3,3,3,3,3,3,3,3,3,0,0,0,0,0,0,0,0,0,0,0,0,0,0,NA,NA,NA,NA,NA,NA,NA,NA,NA,NA,NA,NA,NA,NA,NA,NA,NA,NA,NA,NA,NA,NA,NA,NA,NA,NA,NA,NA
BXJzPDoy,structure_medium,19,Female,White,Student,"10,001-20,000",Senior high,4.4,5,4.5,4.26666666666667,5,3,7,1,2,3,2,3,3,3,2,3,3,3,2,3,2,3,2,5,3,8,3,9,6,9,6,8,6,11,4,13,8,3,3,3,3,3,3,3,3,3,3,3,3,3,3,1,0.666666666666667,1,1,1,0.666666666666667,1,1,1,0.666666666666667,1,0.666666666666667,1,0.666666666666667,NA,NA,NA,NA,NA,NA,NA,NA,NA,NA,NA,NA,NA,NA,NA,NA,NA,NA,NA,NA,NA,NA,NA,NA,NA,NA,NA,NA
MQwIiAxv,control,25,Female,NA,Self-employed/Freelancer,"<10,000",Bachelor,3.533,4,-1,3.73333333333333,4,-3,NA,NA,NA,2,0,0,2,0,3,2,3,2,3,1,3,2,0,5,0,0,11,0,11,8,9,9,10,5,7,9,0,3,3,3,3,3,3,3,3,3,3,3,3,3,3,0.666666666666667,0,0,0.666666666666667,0,1,0.666666666666667,1,0.666666666666667,1,0.333333333333333,1,0.666666666666667,0,NA,NA,NA,NA,NA,NA,NA,NA,NA,NA,NA,NA,NA,NA,NA,NA,NA,NA,NA,NA,NA,NA,NA,NA,NA,NA,NA,NA
HQASCZen,information_high,29,Male,White,Private sector,"20,001-30,000",Bachelor,3.267,4,-1,3.26666666666667,4,6.5,5,3,2,2,2,0,1,1,3,2,3,3,0,1,3,0,3,6,7,0,5,4,11,7,8,13,0,5,9,0,9,3,3,3,3,3,3,3,3,3,3,3,3,3,3,0.666666666666667,0.666666666666667,0,0.333333333333333,0.333333333333333,1,0.666666666666667,1,1,0,0.333333333333333,1,0,1,32770,6475,3433,6258,3674,1769,10116,2425,3032,1751,2118,2542,2469,4762,NA,NA,NA,NA,NA,NA,NA,NA,NA,NA,NA,NA,NA,NA
ahYZMxRP,control,37,Male,Other,Self-employed/Freelancer,"<10,000",Bachelor,3.8,4,3,3.93333333333333,4,3.5,NA,NA,NA,0,2,0,1,0,1,1,1,1,1,2,1,0,1,0,7,0,4,0,5,3,5,3,5,6,5,0,3,3,3,3,3,3,3,3,3,3,3,3,3,3,3,0,0.666666666666667,0,0.333333333333333,0,0.333333333333333,0.333333333333333,0.333333333333333,0.333333333333333,0.333333333333333,0.666666666666667,0.333333333333333,0,0.333333333333333,NA,NA,NA,NA,NA,NA,NA,NA,NA,NA,NA,NA,NA,NA,NA,NA,NA,NA,NA,NA,NA,NA,NA,NA,NA,NA,NA,NA
tmJcmfxy,information_low,21,Female,White,Self-employed/Freelancer,"10,001-20,000",Senior high,2.8,3,-1,NA,NA,NA,NA,NA,NA,0,1,NA,0,NA,NA,NA,0,0,NA,0,NA,NA,0,0,0,NA,0,NA,NA,NA,0,0,NA,0,NA,NA,0,3,3,NA,3,NA,NA,NA,3,3,NA,3,NA,NA,3,0,0.333333333333333,NA,0,NA,NA,NA,0,0,NA,0,NA,NA,0,1711,NA,NA,NA,NA,NA,NA,NA,NA,NA,NA,NA,NA,NA,NA,NA,NA,NA,NA,NA,NA,NA,NA,NA,NA,NA,NA,NA
BQDtozyT,information_high,32,Male,White,Self-employed/Freelancer,"<10,000",Bachelor,2.933,4,3.5,2.86666666666667,4,5,4,4,6,1,0,0,1,1,1,1,3,1,1,1,0,1,0,1,0,0,0,1,0,1,5,1,4,2,0,0,0,3,3,3,3,3,3,3,3,3,3,3,3,3,3,0.333333333333333,0,0,0.333333333333333,0.333333333333333,0.333333333333333,0.333333333333333,1,0.333333333333333,0.333333333333333,0.333333333333333,0,0.333333333333333,0,70871,2731,3259,7455,15458,1542,3198,23886,8360,1930,1829,1907,2268,1781,NA,NA,NA,NA,NA,NA,NA,NA,NA,NA,NA,NA,NA,NA
pAyIrzed,assistant_high,23,Male,White,Student,"<10,000",Senior high,4.333,5,13.5,NA,NA,NA,NA,NA,NA,3,1,3,2,3,0,3,1,3,0,2,0,NA,0,10,4,12,5,12,0,12,5,12,0,11,0,NA,0,3,3,3,3,3,3,3,3,3,3,3,3,NA,3,1,0.333333333333333,1,0.666666666666667,1,0,1,0.333333333333333,1,0,0.666666666666667,0,NA,0,NA,NA,NA,NA,NA,NA,NA,NA,NA,NA,NA,NA,NA,NA,12109,11061,2070,3232,2752,2106,5953,2061,2891,2545,2050,1357,NA,2227
SmqatEfA,information_high,36,Male,White,Private sector,">60,000",Master,3.533,5,9,NA,NA,NA,NA,NA,NA,1,NA,0,2,0,NA,1,0,1,1,NA,0,1,1,2,NA,0,1,0,NA,0,0,0,0,NA,0,0,0,3,NA,3,3,3,NA,3,3,3,3,NA,3,3,3,0.333333333333333,NA,0,0.666666666666667,0,NA,0.333333333333333,0,0.333333333333333,0.333333333333333,NA,0,0.333333333333333,0.333333333333333,41334,NA,25431,4961,3963,NA,2238,1542,1438,2001,NA,1464,1528,2573,NA,NA,NA,NA,NA,NA,NA,NA,NA,NA,NA,NA,NA,NA
UZrSJNRa,control,27,Male,White,Private sector,"10,001-20,000",Senior high,3.2,5,2,NA,NA,NA,NA,NA,NA,0,1,0,NA,1,NA,0,1,0,NA,NA,0,1,NA,0,1,0,NA,1,NA,0,1,0,NA,NA,0,3,NA,3,3,3,NA,3,NA,3,3,3,NA,NA,3,3,NA,0,0.333333333333333,0,NA,0.333333333333333,NA,0,0.333333333333333,0,NA,NA,0,0.333333333333333,NA,NA,NA,NA,NA,NA,NA,NA,NA,NA,NA,NA,NA,NA,NA,NA,NA,NA,NA,NA,NA,NA,NA,NA,NA,NA,NA,NA,NA
DjUTPrgW,structure_low,27,Male,White,Private sector,"20,001-30,000",Bachelor,3.533,4,4,3.6,4,2.5,6,4,4,0,0,0,0,0,0,0,0,0,0,0,0,0,0,0,0,0,0,0,0,0,0,0,0,0,0,0,0,3,3,3,3,3,3,3,3,3,3,3,3,3,3,0,0,0,0,0,0,0,0,0,0,0,0,0,0,NA,NA,NA,NA,NA,NA,NA,NA,NA,NA,NA,NA,NA,NA,NA,NA,NA,NA,NA,NA,NA,NA,NA,NA,NA,NA,NA,NA
FuobERxB,information_high,22,Male,Other,Private sector,"<10,000",Bachelor,2.733,5,0.5,3.13333333333333,4,0.5,6,4,5,3,0,3,0,3,0,2,0,2,0,3,0,0,0,2,0,2,0,3,0,1,0,3,0,3,0,0,0,3,3,3,3,3,3,3,3,3,3,3,3,3,3,1,0,1,0,1,0,0.666666666666667,0,0.666666666666667,0,1,0,0,0,27431,12105,9792,38533,2792,2803,3469,2409,4126,2647,3616,5255,3342,18674,NA,NA,NA,NA,NA,NA,NA,NA,NA,NA,NA,NA,NA,NA
mpiNPdIb,information_low,33,Female,Other,Self-employed/Freelancer,"<10,000",Bachelor,3.2,5,4.5,3.13333333333333,4,8.5,6,2,3,2,2,0,1,1,1,1,1,1,0,1,0,0,1,0,2,0,1,0,2,0,1,0,0,0,0,0,1,3,3,3,3,3,3,3,3,3,3,3,3,3,3,0.666666666666667,0.666666666666667,0,0.333333333333333,0.333333333333333,0.333333333333333,0.333333333333333,0.333333333333333,0.333333333333333,0,0.333333333333333,0,0,0.333333333333333,11258,NA,NA,NA,NA,NA,NA,NA,NA,NA,NA,NA,NA,NA,NA,NA,NA,NA,NA,NA,NA,NA,NA,NA,NA,NA,NA,NA
TeeArqmF,assistant_low,35,Male,White,Private sector,"40,001-60,000",Bachelor,3.2,4,4.5,NA,NA,NA,NA,NA,NA,0,1,2,0,0,NA,NA,0,NA,NA,NA,NA,NA,NA,0,0,5,0,0,NA,NA,0,NA,NA,NA,NA,NA,NA,3,3,3,3,3,NA,NA,3,NA,NA,NA,NA,NA,NA,0,0.333333333333333,0.666666666666667,0,0,NA,NA,0,NA,NA,NA,NA,NA,NA,NA,NA,NA,NA,NA,NA,NA,NA,NA,NA,NA,NA,NA,NA,14151,NA,NA,NA,NA,NA,NA,NA,NA,NA,NA,NA,NA,NA
RwaYNUGi,assistant_low,34,Female,Black,Private sector,"20,001-30,000",Master,2.533,5,12.5,2.53333333333333,4,10.5,6,3,2,3,1,2,1,0,1,1,2,1,1,1,0,2,0,3,3,3,3,0,2,2,4,2,4,3,0,3,0,3,3,3,3,3,3,3,3,3,3,3,3,3,3,1,0.333333333333333,0.666666666666667,0.333333333333333,0,0.333333333333333,0.333333333333333,0.666666666666667,0.333333333333333,0.333333333333333,0.333333333333333,0,0.666666666666667,0,NA,NA,NA,NA,NA,NA,NA,NA,NA,NA,NA,NA,NA,NA,5913,NA,NA,NA,NA,NA,NA,NA,NA,NA,NA,NA,NA,NA
NbpkMybZ,structure_medium,18,Male,Black,Student,"<10,000",Senior high,3.733,4,3.5,4,4,1,3,4,3,1,2,3,3,3,3,3,2,2,3,3,3,3,3,4,5,7,7,8,8,9,9,5,7,8,6,9,8,3,3,3,3,3,3,3,3,3,3,3,3,3,3,0.333333333333333,0.666666666666667,1,1,1,1,1,0.666666666666667,0.666666666666667,1,1,1,1,1,NA,NA,NA,NA,NA,NA,NA,NA,NA,NA,NA,NA,NA,NA,NA,NA,NA,NA,NA,NA,NA,NA,NA,NA,NA,NA,NA,NA
JdCmokrr,information_low,44,Female,White,Self-employed/Freelancer,"<10,000",Bachelor,3.667,5,7,3.4,4,-2,5,2,2,1,0,1,0,0,1,0,1,0,1,1,1,1,0,3,0,4,0,0,3,0,2,0,2,4,2,5,0,3,3,3,3,3,3,3,3,3,3,3,3,3,3,0.333333333333333,0,0.333333333333333,0,0,0.333333333333333,0,0.333333333333333,0,0.333333333333333,0.333333333333333,0.333333333333333,0.333333333333333,0,13386,NA,NA,NA,NA,NA,NA,NA,NA,NA,NA,NA,NA,NA,NA,NA,NA,NA,NA,NA,NA,NA,NA,NA,NA,NA,NA,NA
YxEPkWfS,structure_high,25,Male,White,Private sector,"10,001-20,000",Bachelor,3.467,4,1.5,3.33333333333333,5,4.5,6,3,6,2,2,0,1,3,0,3,3,3,3,3,3,3,1,2,2,0,1,11,0,8,8,11,5,9,3,11,1,3,3,3,3,3,3,3,3,3,3,3,3,3,3,0.666666666666667,0.666666666666667,0,0.333333333333333,1,0,1,1,1,1,1,1,1,0.333333333333333,NA,NA,NA,NA,NA,NA,NA,NA,NA,NA,NA,NA,NA,NA,NA,NA,NA,NA,NA,NA,NA,NA,NA,NA,NA,NA,NA,NA
eaucTtMR,assistant_medium,28,Female,Other,Private sector,">60,000",Master,3.067,4,7,NA,NA,NA,NA,NA,NA,2,1,0,0,0,0,NA,NA,NA,NA,NA,0,3,1,2,0,0,0,0,0,NA,NA,NA,NA,NA,0,8,0,3,3,3,3,3,3,NA,NA,NA,NA,NA,3,3,3,0.666666666666667,0.333333333333333,0,0,0,0,NA,NA,NA,NA,NA,0,1,0.333333333333333,NA,NA,NA,NA,NA,NA,NA,NA,NA,NA,NA,NA,NA,NA,21740,NA,NA,2717,NA,NA,NA,NA,NA,NA,NA,NA,4448,NA
EgQoGKyq,control,21,Male,White,Student,"<10,000",Bachelor,3.8,4,4.5,3.66666666666667,4,2,NA,NA,NA,3,2,3,3,2,2,2,2,2,2,2,2,1,2,5,8,5,8,6,11,7,11,7,11,7,11,5,10,3,3,3,3,3,3,3,3,3,3,3,3,3,3,1,0.666666666666667,1,1,0.666666666666667,0.666666666666667,0.666666666666667,0.666666666666667,0.666666666666667,0.666666666666667,0.666666666666667,0.666666666666667,0.333333333333333,0.666666666666667,NA,NA,NA,NA,NA,NA,NA,NA,NA,NA,NA,NA,NA,NA,NA,NA,NA,NA,NA,NA,NA,NA,NA,NA,NA,NA,NA,NA
IKRscXhA,structure_high,23,Female,White,Private sector,"20,001-30,000",Senior high,3.667,3,-2,3.33333333333333,3,1,5,4,5,3,1,1,2,0,3,1,3,1,3,1,3,1,3,10,0,0,2,0,2,0,3,0,3,0,3,0,9,3,3,3,3,3,3,3,3,3,3,3,3,3,3,1,0.333333333333333,0.333333333333333,0.666666666666667,0,1,0.333333333333333,1,0.333333333333333,1,0.333333333333333,1,0.333333333333333,1,NA,NA,NA,NA,NA,NA,NA,NA,NA,NA,NA,NA,NA,NA,NA,NA,NA,NA,NA,NA,NA,NA,NA,NA,NA,NA,NA,NA
NFjfVJrx,information_high,54,Female,White,Private sector,"10,001-20,000",Bachelor,3.267,5,5,3.46666666666667,5,12,5,4,3,2,2,1,2,1,2,1,3,0,3,1,3,0,3,3,2,2,1,0,1,1,3,0,6,0,3,0,2,3,3,3,3,3,3,3,3,3,3,3,3,3,3,0.666666666666667,0.666666666666667,0.333333333333333,0.666666666666667,0.333333333333333,0.666666666666667,0.333333333333333,1,0,1,0.333333333333333,1,0,1,46052,19261,7262,6307,4224,3099,3200,3839,2976,2959,4777,3052,3002,3266,NA,NA,NA,NA,NA,NA,NA,NA,NA,NA,NA,NA,NA,NA
TApnMeWz,assistant_low,21,Male,White,Self-employed/Freelancer,"<10,000",Bachelor,3.467,5,-2,3.33333333333333,4,-2,6,5,1,1,1,3,1,0,0,0,0,0,2,2,2,0,2,2,2,7,2,0,0,0,0,0,7,9,8,0,5,3,3,3,3,3,3,3,3,3,3,3,3,3,3,0.333333333333333,0.333333333333333,1,0.333333333333333,0,0,0,0,0,0.666666666666667,0.666666666666667,0.666666666666667,0,0.666666666666667,NA,NA,NA,NA,NA,NA,NA,NA,NA,NA,NA,NA,NA,NA,27312,NA,NA,NA,NA,NA,NA,NA,NA,NA,NA,NA,NA,NA
KUYaGlWr,assistant_medium,22,Male,Other,Student,"<10,000",College diploma,3.333,4,-1,NA,NA,NA,NA,NA,NA,1,2,1,0,1,2,3,1,2,NA,3,NA,2,NA,3,2,3,0,3,2,8,1,6,NA,7,NA,4,NA,3,3,3,3,3,3,3,3,3,NA,3,NA,3,NA,0.333333333333333,0.666666666666667,0.333333333333333,0,0.333333333333333,0.666666666666667,1,0.333333333333333,0.666666666666667,NA,1,NA,0.666666666666667,NA,NA,NA,NA,NA,NA,NA,NA,NA,NA,NA,NA,NA,NA,NA,36722,NA,NA,18798,NA,NA,6768,NA,NA,NA,NA,NA,3960,NA
bpnTqJhK,control,26,Male,Mixed,Government/Public sector,"<10,000",Bachelor,3.267,4,6,3.4,5,5,NA,NA,NA,0,0,0,0,1,1,0,0,1,0,0,0,0,0,0,0,0,0,5,4,0,0,3,0,0,0,0,0,3,3,3,3,3,3,3,3,3,3,3,3,3,3,0,0,0,0,0.333333333333333,0.333333333333333,0,0,0.333333333333333,0,0,0,0,0,NA,NA,NA,NA,NA,NA,NA,NA,NA,NA,NA,NA,NA,NA,NA,NA,NA,NA,NA,NA,NA,NA,NA,NA,NA,NA,NA,NA
rOnkfsuO,assistant_low,25,Male,Asian,Government/Public sector,"20,001-30,000",Bachelor,2.6,4,3.5,2.46666666666667,4,6.5,4,3,1,3,0,0,1,0,1,0,2,0,1,0,0,0,0,0,0,0,3,0,3,0,10,0,2,0,0,0,0,3,3,3,3,3,3,3,3,3,3,3,3,3,3,1,0,0,0.333333333333333,0,0.333333333333333,0,0.666666666666667,0,0.333333333333333,0,0,0,0,NA,NA,NA,NA,NA,NA,NA,NA,NA,NA,NA,NA,NA,NA,12487,NA,NA,NA,NA,NA,NA,NA,NA,NA,NA,NA,NA,NA
QKCrGCNQ,control,23,Male,Other,Self-employed/Freelancer,"40,001-60,000",Senior high,3.8,4,1.5,NA,NA,NA,NA,NA,NA,0,1,0,NA,0,0,0,0,0,0,0,0,0,0,0,2,0,NA,0,0,0,0,0,0,0,0,0,0,3,3,3,NA,3,3,3,3,3,3,3,3,3,3,0,0.333333333333333,0,NA,0,0,0,0,0,0,0,0,0,0,NA,NA,NA,NA,NA,NA,NA,NA,NA,NA,NA,NA,NA,NA,NA,NA,NA,NA,NA,NA,NA,NA,NA,NA,NA,NA,NA,NA
sCSnpaYE,structure_medium,28,Female,Black,Government/Public sector,"30,001-40,000",Bachelor,4.133,5,8,NA,NA,NA,NA,NA,NA,1,1,0,3,0,0,2,0,NA,NA,NA,NA,NA,NA,1,0,0,2,0,0,3,0,NA,NA,NA,NA,NA,NA,3,3,3,3,3,3,3,3,NA,NA,NA,NA,NA,NA,0.333333333333333,0.333333333333333,0,1,0,0,0.666666666666667,0,NA,NA,NA,NA,NA,NA,NA,NA,NA,NA,NA,NA,NA,NA,NA,NA,NA,NA,NA,NA,NA,NA,NA,NA,NA,NA,NA,NA,NA,NA,NA,NA,NA,NA
QnOMlURT,structure_low,48,Female,White,Self-employed/Freelancer,"40,001-60,000",Senior high,3.333,4,1.5,NA,NA,NA,NA,NA,NA,0,NA,0,1,0,1,1,1,1,1,1,0,0,0,0,NA,0,0,0,0,1,0,0,1,0,0,0,0,3,NA,3,3,3,3,3,3,3,3,3,3,3,3,0,NA,0,0.333333333333333,0,0.333333333333333,0.333333333333333,0.333333333333333,0.333333333333333,0.333333333333333,0.333333333333333,0,0,0,NA,NA,NA,NA,NA,NA,NA,NA,NA,NA,NA,NA,NA,NA,NA,NA,NA,NA,NA,NA,NA,NA,NA,NA,NA,NA,NA,NA
xTHmsjLl,structure_medium,24,Male,Asian,Student,"<10,000",Bachelor,3.733,5,4.5,NA,NA,NA,NA,NA,NA,2,0,0,NA,0,0,1,0,0,3,0,0,3,0,1,0,0,NA,0,0,3,0,0,9,0,0,9,0,3,3,3,NA,3,3,3,3,3,3,3,3,3,3,0.666666666666667,0,0,NA,0,0,0.333333333333333,0,0,1,0,0,1,0,NA,NA,NA,NA,NA,NA,NA,NA,NA,NA,NA,NA,NA,NA,NA,NA,NA,NA,NA,NA,NA,NA,NA,NA,NA,NA,NA,NA
kvzlAufu,information_low,27,Male,White,Private sector,"<10,000",Bachelor,3.267,4,5,NA,NA,NA,NA,NA,NA,1,NA,NA,NA,NA,NA,NA,NA,NA,NA,NA,NA,NA,NA,0,NA,NA,NA,NA,NA,NA,NA,NA,NA,NA,NA,NA,NA,3,NA,NA,NA,NA,NA,NA,NA,NA,NA,NA,NA,NA,NA,0.333333333333333,NA,NA,NA,NA,NA,NA,NA,NA,NA,NA,NA,NA,NA,20415,NA,NA,NA,NA,NA,NA,NA,NA,NA,NA,NA,NA,NA,NA,NA,NA,NA,NA,NA,NA,NA,NA,NA,NA,NA,NA,NA
UDGrnGFh,information_high,29,Male,Asian,Private sector,"40,001-60,000",Bachelor,4,4,3.5,4.13333333333333,4,1.5,7,3,1,2,3,3,3,3,2,3,2,3,3,2,2,3,2,3,4,5,6,2,3,2,6,4,6,2,7,3,8,3,3,3,3,3,3,3,3,3,3,3,3,3,3,0.666666666666667,1,1,1,1,0.666666666666667,1,0.666666666666667,1,1,0.666666666666667,0.666666666666667,1,0.666666666666667,86466,20821,103801,2600,8599,2333,2514,5837,2891,1584,2348,17677,1806,2062,NA,NA,NA,NA,NA,NA,NA,NA,NA,NA,NA,NA,NA,NA
lLVUwgFu,assistant_medium,32,Female,White,Private sector,"30,001-40,000",Bachelor,3.267,4,0,NA,NA,NA,NA,NA,NA,1,2,0,1,NA,3,0,3,0,2,0,3,0,3,0,1,0,3,NA,8,0,8,0,9,0,10,0,11,3,3,3,3,NA,3,3,3,3,3,3,3,3,3,0.333333333333333,0.666666666666667,0,0.333333333333333,NA,1,0,1,0,0.666666666666667,0,1,0,1,NA,NA,NA,NA,NA,NA,NA,NA,NA,NA,NA,NA,NA,NA,14373,NA,NA,8100,NA,NA,7985,NA,NA,1784,NA,NA,2203,NA
MPZZFHrs,information_low,22,Female,Other,Student,"<10,000",Senior high,3.733,4,9,3.46666666666667,4,6.5,4,4,2,3,3,2,3,1,2,2,1,2,3,3,3,2,3,4,2,5,4,4,6,7,4,10,5,8,5,8,6,3,3,3,3,3,3,3,3,3,3,3,3,3,3,1,1,0.666666666666667,1,0.333333333333333,0.666666666666667,0.666666666666667,0.333333333333333,0.666666666666667,1,1,1,0.666666666666667,1,21700,NA,NA,NA,NA,NA,NA,NA,NA,NA,NA,NA,NA,NA,NA,NA,NA,NA,NA,NA,NA,NA,NA,NA,NA,NA,NA,NA
pNiYmdOp,control,25,Male,White,Self-employed/Freelancer,"10,001-20,000",Bachelor,3.467,3,4,3.06666666666667,4,3,NA,NA,NA,0,1,0,2,1,2,0,2,0,3,0,2,0,2,0,2,0,3,0,3,0,2,0,2,0,3,0,8,3,3,3,3,3,3,3,3,3,3,3,3,3,3,0,0.333333333333333,0,0.666666666666667,0.333333333333333,0.666666666666667,0,0.666666666666667,0,1,0,0.666666666666667,0,0.666666666666667,NA,NA,NA,NA,NA,NA,NA,NA,NA,NA,NA,NA,NA,NA,NA,NA,NA,NA,NA,NA,NA,NA,NA,NA,NA,NA,NA,NA
bSHEyAFI,information_medium,23,Male,Asian,Other,"<10,000",Master,3.6,4,3,NA,NA,NA,NA,NA,NA,2,1,1,1,1,1,0,1,0,NA,1,1,0,1,3,1,3,1,3,1,0,0,0,NA,3,1,0,4,3,3,3,3,3,3,3,3,3,NA,3,3,3,3,0.666666666666667,0.333333333333333,0.333333333333333,0.333333333333333,0.333333333333333,0.333333333333333,0,0.333333333333333,0,NA,0.333333333333333,0.333333333333333,0,0.333333333333333,18258,NA,NA,2291,NA,NA,2057,NA,NA,NA,NA,NA,9203,NA,NA,NA,NA,NA,NA,NA,NA,NA,NA,NA,NA,NA,NA,NA
UYBHWnLw,assistant_low,24,Male,Other,Government/Public sector,"<10,000",Bachelor,3.333,4,8.5,NA,NA,NA,NA,NA,NA,0,0,0,0,0,0,0,0,0,0,0,NA,NA,2,0,0,0,0,0,0,0,0,0,0,0,NA,NA,7,3,3,3,3,3,3,3,3,3,3,3,NA,NA,3,0,0,0,0,0,0,0,0,0,0,0,NA,NA,0.666666666666667,NA,NA,NA,NA,NA,NA,NA,NA,NA,NA,NA,NA,NA,NA,9049,NA,NA,NA,NA,NA,NA,NA,NA,NA,NA,NA,NA,NA
iEatbmKX,structure_high,30,Male,Asian,Private sector,"20,001-30,000",Bachelor,3.267,4,1.5,NA,NA,NA,NA,NA,NA,2,2,2,2,2,2,1,2,NA,NA,NA,NA,NA,NA,1,0,1,3,1,3,2,3,NA,NA,NA,NA,NA,NA,3,3,3,3,3,3,3,3,NA,NA,NA,NA,NA,NA,0.666666666666667,0.666666666666667,0.666666666666667,0.666666666666667,0.666666666666667,0.666666666666667,0.333333333333333,0.666666666666667,NA,NA,NA,NA,NA,NA,NA,NA,NA,NA,NA,NA,NA,NA,NA,NA,NA,NA,NA,NA,NA,NA,NA,NA,NA,NA,NA,NA,NA,NA,NA,NA,NA,NA
BGTExaRE,assistant_medium,22,Male,Asian,Self-employed/Freelancer,"<10,000",Bachelor,3.4,5,0,4,5,7.5,7,4,3,1,2,2,2,3,3,2,3,2,2,1,1,2,3,3,4,5,4,6,8,6,5,4,5,2,1,3,8,3,3,3,3,3,3,3,3,3,3,3,3,3,3,0.333333333333333,0.666666666666667,0.666666666666667,0.666666666666667,1,1,0.666666666666667,1,0.666666666666667,0.666666666666667,0.333333333333333,0.333333333333333,0.666666666666667,1,NA,NA,NA,NA,NA,NA,NA,NA,NA,NA,NA,NA,NA,NA,22396,NA,NA,2724,NA,NA,2945,NA,NA,2934,NA,NA,3095,NA
AhfqHlqn,structure_low,23,Male,White,Self-employed/Freelancer,"20,001-30,000",Senior high,3.467,3,-0.5,NA,NA,NA,NA,NA,NA,3,1,1,0,NA,NA,NA,1,0,NA,NA,NA,NA,0,7,0,2,0,NA,NA,NA,0,0,NA,NA,NA,NA,0,3,3,3,3,NA,NA,NA,3,3,NA,NA,NA,NA,3,1,0.333333333333333,0.333333333333333,0,NA,NA,NA,0.333333333333333,0,NA,NA,NA,NA,0,NA,NA,NA,NA,NA,NA,NA,NA,NA,NA,NA,NA,NA,NA,NA,NA,NA,NA,NA,NA,NA,NA,NA,NA,NA,NA,NA,NA
twhSZrzb,structure_low,36,Male,Black,Private sector,"10,001-20,000",Bachelor,3.267,4,0,3.4,4,3,6,3,3,2,3,2,2,1,3,1,2,0,3,0,2,0,3,3,2,0,2,1,3,3,2,0,4,0,3,0,4,3,3,3,3,3,3,3,3,3,3,3,3,3,3,0.666666666666667,1,0.666666666666667,0.666666666666667,0.333333333333333,1,0.333333333333333,0.666666666666667,0,1,0,0.666666666666667,0,1,NA,NA,NA,NA,NA,NA,NA,NA,NA,NA,NA,NA,NA,NA,NA,NA,NA,NA,NA,NA,NA,NA,NA,NA,NA,NA,NA,NA
VRdDTwfp,assistant_low,25,Male,Other,Private sector,"10,001-20,000",Bachelor,4.267,4,-2,NA,NA,NA,NA,NA,NA,2,0,1,1,1,0,0,0,0,0,0,0,NA,0,0,0,0,2,0,0,0,0,0,0,0,0,NA,0,3,3,3,3,3,3,3,3,3,3,3,3,NA,3,0.666666666666667,0,0.333333333333333,0.333333333333333,0.333333333333333,0,0,0,0,0,0,0,NA,0,NA,NA,NA,NA,NA,NA,NA,NA,NA,NA,NA,NA,NA,NA,12430,NA,NA,NA,NA,NA,NA,NA,NA,NA,NA,NA,NA,NA
TNxyhlQD,control,41,Female,White,Self-employed/Freelancer,"20,001-30,000",Bachelor,4.067,4,2.5,3.66666666666667,4,-1,NA,NA,NA,1,3,3,2,0,3,2,3,3,2,2,2,3,3,4,4,8,2,0,5,10,6,9,3,7,4,10,5,3,3,3,3,3,3,3,3,3,3,3,3,3,3,0.333333333333333,1,1,0.666666666666667,0,1,0.666666666666667,1,1,0.666666666666667,0.666666666666667,0.666666666666667,1,1,NA,NA,NA,NA,NA,NA,NA,NA,NA,NA,NA,NA,NA,NA,NA,NA,NA,NA,NA,NA,NA,NA,NA,NA,NA,NA,NA,NA
adXjUMlp,assistant_medium,25,Male,White,Self-employed/Freelancer,"<10,000",Bachelor,3.667,4,3,4.26666666666667,5,6,6,5,5,3,0,0,1,2,1,0,0,1,1,2,0,1,0,3,0,0,0,5,0,0,0,3,0,5,0,3,0,3,3,3,3,3,3,3,3,3,3,3,3,3,3,1,0,0,0.333333333333333,0.666666666666667,0.333333333333333,0,0,0.333333333333333,0.333333333333333,0.666666666666667,0,0.333333333333333,0,NA,NA,NA,NA,NA,NA,NA,NA,NA,NA,NA,NA,NA,NA,13082,NA,NA,10346,NA,NA,8475,NA,NA,10394,NA,NA,9358,NA
YlMnLKvq,information_low,18,Male,Other,Private sector,"30,001-40,000",Bachelor,2.733,3,2.5,NA,NA,NA,NA,NA,NA,0,NA,0,NA,NA,0,0,0,2,3,1,0,2,1,0,NA,0,NA,NA,0,0,0,3,4,0,0,2,1,3,NA,3,NA,NA,3,3,3,3,3,3,3,3,3,0,NA,0,NA,NA,0,0,0,0.666666666666667,1,0.333333333333333,0,0.666666666666667,0.333333333333333,12023,NA,NA,NA,NA,NA,NA,NA,NA,NA,NA,NA,NA,NA,NA,NA,NA,NA,NA,NA,NA,NA,NA,NA,NA,NA,NA,NA
EttewFwp,structure_high,23,Male,Other,Government/Public sector,"10,001-20,000",Bachelor,3.667,4,0,3.93333333333333,4,6.5,5,3,2,3,3,3,3,3,3,3,3,3,3,3,3,2,3,6,6,9,6,9,8,10,7,10,6,10,9,11,7,3,3,3,3,3,3,3,3,3,3,3,3,3,3,1,1,1,1,1,1,1,1,1,1,1,1,0.666666666666667,1,NA,NA,NA,NA,NA,NA,NA,NA,NA,NA,NA,NA,NA,NA,NA,NA,NA,NA,NA,NA,NA,NA,NA,NA,NA,NA,NA,NA
ZlbFdZHp,information_low,24,Male,NA,Government/Public sector,"10,001-20,000",Bachelor,2.867,4,1,2.93333333333333,5,1,6,2,5,2,1,0,1,0,0,0,0,0,0,0,0,0,0,1,3,0,3,0,0,0,0,0,0,0,0,0,0,3,3,3,3,3,3,3,3,3,3,3,3,3,3,0.666666666666667,0.333333333333333,0,0.333333333333333,0,0,0,0,0,0,0,0,0,0,18712,NA,NA,NA,NA,NA,NA,NA,NA,NA,NA,NA,NA,NA,NA,NA,NA,NA,NA,NA,NA,NA,NA,NA,NA,NA,NA,NA
whBfsQbo,assistant_low,29,Male,White,Private sector,"20,001-30,000",Bachelor,4.2,5,4,NA,NA,NA,NA,NA,NA,3,3,3,2,NA,2,2,NA,3,NA,3,2,NA,1,5,13,12,5,NA,6,9,NA,11,NA,9,5,NA,1,3,3,3,3,NA,3,3,NA,3,NA,3,3,NA,3,1,1,1,0.666666666666667,NA,0.666666666666667,0.666666666666667,NA,1,NA,1,0.666666666666667,NA,0.333333333333333,NA,NA,NA,NA,NA,NA,NA,NA,NA,NA,NA,NA,NA,NA,12728,NA,NA,NA,NA,NA,NA,NA,NA,NA,NA,NA,NA,NA
duitGhMa,assistant_high,40,Male,White,Self-employed/Freelancer,"20,001-30,000",Master,3.267,4,0,NA,NA,NA,NA,NA,NA,2,3,2,3,1,3,0,3,0,NA,0,NA,0,3,2,7,2,10,0,9,0,6,0,NA,0,NA,0,6,3,3,3,3,3,3,3,3,3,NA,3,NA,3,3,0.666666666666667,1,0.666666666666667,1,0.333333333333333,1,0,1,0,NA,0,NA,0,1,NA,NA,NA,NA,NA,NA,NA,NA,NA,NA,NA,NA,NA,NA,23479,11128,2157,133237,9159,6522,21694,4055,1301,NA,5977,NA,6335,8888
XOzMceGz,assistant_low,24,Male,White,Self-employed/Freelancer,"40,001-60,000",Bachelor,3.267,5,5,3.6,5,10,7,2,3,1,0,2,2,0,0,0,0,0,0,0,1,0,0,1,0,6,3,0,0,0,0,0,0,0,2,0,0,3,3,3,3,3,3,3,3,3,3,3,3,3,3,0.333333333333333,0,0.666666666666667,0.666666666666667,0,0,0,0,0,0,0,0.333333333333333,0,0,NA,NA,NA,NA,NA,NA,NA,NA,NA,NA,NA,NA,NA,NA,10007,NA,NA,NA,NA,NA,NA,NA,NA,NA,NA,NA,NA,NA
TgQvjIYS,information_medium,28,Male,Other,Self-employed/Freelancer,"10,001-20,000",Bachelor,4,4,5.5,NA,NA,NA,NA,NA,NA,0,0,0,0,0,0,0,NA,0,1,2,0,0,0,0,0,0,0,0,0,0,NA,0,2,4,0,0,0,3,3,3,3,3,3,3,NA,3,3,3,3,3,3,0,0,0,0,0,0,0,NA,0,0.333333333333333,0.666666666666667,0,0,0,42963,NA,NA,685,NA,NA,6732,NA,NA,1174,NA,NA,1510,NA,NA,NA,NA,NA,NA,NA,NA,NA,NA,NA,NA,NA,NA,NA
sbSbEmhQ,assistant_medium,44,Female,White,Private sector,"20,001-30,000",Master,3.267,5,10,NA,NA,NA,NA,NA,NA,1,1,0,2,0,0,0,0,0,0,0,0,NA,0,3,2,0,3,0,0,0,0,0,0,0,0,NA,0,3,3,3,3,3,3,3,3,3,3,3,3,NA,3,0.333333333333333,0.333333333333333,0,0.666666666666667,0,0,0,0,0,0,0,0,NA,0,NA,NA,NA,NA,NA,NA,NA,NA,NA,NA,NA,NA,NA,NA,8054,NA,NA,8135,NA,NA,2759,NA,NA,9390,NA,NA,NA,NA
YKOfeWMx,structure_high,30,Female,White,Government/Public sector,"<10,000",Bachelor,3.533,3,4.5,NA,NA,NA,NA,NA,NA,2,2,1,1,1,NA,2,1,NA,2,1,2,2,2,1,1,0,2,1,NA,2,1,NA,1,2,0,2,1,3,3,3,3,3,NA,3,3,NA,3,3,3,3,3,0.666666666666667,0.666666666666667,0.333333333333333,0.333333333333333,0.333333333333333,NA,0.666666666666667,0.333333333333333,NA,0.666666666666667,0.333333333333333,0.666666666666667,0.666666666666667,0.666666666666667,NA,NA,NA,NA,NA,NA,NA,NA,NA,NA,NA,NA,NA,NA,NA,NA,NA,NA,NA,NA,NA,NA,NA,NA,NA,NA,NA,NA
oMCqVhgU,assistant_medium,37,Male,Black,Government/Public sector,"10,001-20,000",Master,3.067,5,4,3.06666666666667,5,5,4,4,3,2,1,1,2,1,1,0,2,1,3,1,2,2,1,3,0,3,2,3,2,0,4,3,7,3,2,7,2,3,3,3,3,3,3,3,3,3,3,3,3,3,3,0.666666666666667,0.333333333333333,0.333333333333333,0.666666666666667,0.333333333333333,0.333333333333333,0,0.666666666666667,0.333333333333333,1,0.333333333333333,0.666666666666667,0.666666666666667,0.333333333333333,NA,NA,NA,NA,NA,NA,NA,NA,NA,NA,NA,NA,NA,NA,106759,NA,NA,11287,NA,NA,4006,NA,NA,3388,NA,NA,9591,NA
UPdpUAqX,assistant_medium,24,Male,White,Private sector,"<10,000",Bachelor,4.2,4,2,4.13333333333333,4,5,4,4,4,0,1,0,0,0,0,0,0,0,0,0,0,3,0,0,0,0,0,0,0,0,0,0,0,0,0,0,0,3,3,3,3,3,3,3,3,3,3,3,3,3,3,0,0.333333333333333,0,0,0,0,0,0,0,0,0,0,1,0,NA,NA,NA,NA,NA,NA,NA,NA,NA,NA,NA,NA,NA,NA,10742,NA,NA,52775,NA,NA,7086,NA,NA,9485,NA,NA,5820,NA
OvSGccYT,assistant_high,23,Male,NA,Student,"<10,000",Bachelor,3.067,3,0,NA,NA,NA,NA,NA,NA,0,NA,0,0,NA,0,1,0,NA,1,1,NA,NA,0,0,NA,0,0,NA,0,0,0,NA,1,0,NA,NA,0,3,NA,3,3,NA,3,3,3,NA,3,3,NA,NA,3,0,NA,0,0,NA,0,0.333333333333333,0,NA,0.333333333333333,0.333333333333333,NA,NA,0,NA,NA,NA,NA,NA,NA,NA,NA,NA,NA,NA,NA,NA,NA,24449,NA,67958,15776,NA,5489,2827,12900,NA,5190,1723,NA,NA,4238
QXTmXCQK,structure_medium,24,Male,White,Government/Public sector,"10,001-20,000",Bachelor,3.267,4,12,3.26666666666667,4,8.5,3,5,2,0,0,0,0,0,0,1,0,0,3,0,0,0,0,0,0,0,0,0,0,1,0,0,11,0,0,0,0,3,3,3,3,3,3,3,3,3,3,3,3,3,3,0,0,0,0,0,0,0.333333333333333,0,0,1,0,0,0,0,NA,NA,NA,NA,NA,NA,NA,NA,NA,NA,NA,NA,NA,NA,NA,NA,NA,NA,NA,NA,NA,NA,NA,NA,NA,NA,NA,NA
QgAKaPpV,information_high,24,Male,Black,Private sector,"20,001-30,000",Bachelor,2.733,5,4,NA,NA,NA,NA,NA,NA,0,1,2,NA,0,2,0,0,0,0,0,NA,0,0,0,2,3,NA,0,5,0,0,0,0,0,NA,0,0,3,3,3,NA,3,3,3,3,3,3,3,NA,3,3,0,0.333333333333333,0.666666666666667,NA,0,0.666666666666667,0,0,0,0,0,NA,0,0,25343,33908,2118,NA,23272,13037,6559,1576,2156,1871,1848,NA,2887,1794,NA,NA,NA,NA,NA,NA,NA,NA,NA,NA,NA,NA,NA,NA
FfEDKRxB,structure_medium,35,Male,White,Other,"<10,000",Senior high,3.8,3,1,3.53333333333333,4,1.5,5,3,3,3,3,2,3,3,3,3,3,3,3,2,2,3,3,10,8,6,9,11,9,13,12,14,12,10,11,14,14,3,3,3,3,3,3,3,3,3,3,3,3,3,3,1,1,0.666666666666667,1,1,1,1,1,1,1,0.666666666666667,0.666666666666667,1,1,NA,NA,NA,NA,NA,NA,NA,NA,NA,NA,NA,NA,NA,NA,NA,NA,NA,NA,NA,NA,NA,NA,NA,NA,NA,NA,NA,NA
roPKWyEq,structure_medium,34,Male,White,Government/Public sector,"10,001-20,000",Bachelor,2.867,5,5,3.13333333333333,4,4.5,7,3,3,2,1,1,1,0,3,2,3,2,3,2,2,3,2,2,1,1,2,0,6,8,6,11,7,7,4,12,6,3,3,3,3,3,3,3,3,3,3,3,3,3,3,0.666666666666667,0.333333333333333,0.333333333333333,0.333333333333333,0,1,0.666666666666667,1,0.666666666666667,1,0.666666666666667,0.666666666666667,1,0.666666666666667,NA,NA,NA,NA,NA,NA,NA,NA,NA,NA,NA,NA,NA,NA,NA,NA,NA,NA,NA,NA,NA,NA,NA,NA,NA,NA,NA,NA
NAdAaEPY,structure_medium,85,Male,Other,Government/Public sector,"20,001-30,000",College diploma,2.867,3,-1.5,NA,NA,NA,NA,NA,NA,1,2,NA,0,NA,NA,0,0,NA,0,0,NA,0,0,0,0,NA,0,NA,NA,0,0,NA,0,0,NA,0,0,3,3,NA,3,NA,NA,3,3,NA,3,3,NA,3,3,0.333333333333333,0.666666666666667,NA,0,NA,NA,0,0,NA,0,0,NA,0,0,NA,NA,NA,NA,NA,NA,NA,NA,NA,NA,NA,NA,NA,NA,NA,NA,NA,NA,NA,NA,NA,NA,NA,NA,NA,NA,NA,NA
yADwKBNF,assistant_high,26,Male,White,Self-employed/Freelancer,"10,001-20,000",Bachelor,3.467,2,-2,4.13333333333333,3,0,7,5,4,1,0,0,0,0,1,1,0,0,0,0,0,0,0,1,0,0,0,0,0,0,0,0,0,0,0,0,0,3,3,3,3,3,3,3,3,3,3,3,3,3,3,0.333333333333333,0,0,0,0,0.333333333333333,0.333333333333333,0,0,0,0,0,0,0,NA,NA,NA,NA,NA,NA,NA,NA,NA,NA,NA,NA,NA,NA,20710,20726,4570,4199,4107,4539,6857,4375,4034,5152,7259,7172,6171,4431
ZPaoRnJQ,assistant_high,31,Female,Other,Self-employed/Freelancer,"10,001-20,000",Bachelor,3.2,4,5,NA,NA,NA,NA,NA,NA,2,NA,NA,1,2,0,1,NA,1,1,NA,1,0,NA,2,NA,NA,1,3,0,4,NA,5,1,NA,1,0,NA,3,NA,NA,3,3,3,3,NA,3,3,NA,3,3,NA,0.666666666666667,NA,NA,0.333333333333333,0.666666666666667,0,0.333333333333333,NA,0.333333333333333,0.333333333333333,NA,0.333333333333333,0,NA,NA,NA,NA,NA,NA,NA,NA,NA,NA,NA,NA,NA,NA,NA,14845,NA,NA,1442,5508,1596,9893,NA,3146,1136,NA,2365,18202,NA
jWVYQajU,structure_low,23,Female,Asian,Private sector,"30,001-40,000",Master,4.067,5,7,4,5,10,7,4,1,3,3,0,3,0,3,0,3,0,2,0,2,0,3,3,5,0,6,0,7,0,8,0,5,0,8,0,8,3,3,3,3,3,3,3,3,3,3,3,3,3,3,1,1,0,1,0,1,0,1,0,0.666666666666667,0,0.666666666666667,0,1,NA,NA,NA,NA,NA,NA,NA,NA,NA,NA,NA,NA,NA,NA,NA,NA,NA,NA,NA,NA,NA,NA,NA,NA,NA,NA,NA,NA
uGcwMDTU,assistant_low,26,Male,White,Self-employed/Freelancer,"10,001-20,000",Bachelor,3.467,4,6,NA,NA,NA,NA,NA,NA,3,2,0,NA,NA,NA,NA,NA,NA,NA,NA,NA,NA,NA,2,1,0,NA,NA,NA,NA,NA,NA,NA,NA,NA,NA,NA,3,3,3,NA,NA,NA,NA,NA,NA,NA,NA,NA,NA,NA,1,0.666666666666667,0,NA,NA,NA,NA,NA,NA,NA,NA,NA,NA,NA,NA,NA,NA,NA,NA,NA,NA,NA,NA,NA,NA,NA,NA,NA,3915,NA,NA,NA,NA,NA,NA,NA,NA,NA,NA,NA,NA,NA
WsixJgTK,assistant_medium,36,Male,White,Private sector,"30,001-40,000",Bachelor,3.6,4,2,4.33333333333333,4,4,6,3,3,3,1,3,2,3,3,3,3,3,3,3,2,2,3,4,0,7,4,6,8,9,12,9,8,8,9,6,6,3,3,3,3,3,3,3,3,3,3,3,3,3,3,1,0.333333333333333,1,0.666666666666667,1,1,1,1,1,1,1,0.666666666666667,0.666666666666667,1,NA,NA,NA,NA,NA,NA,NA,NA,NA,NA,NA,NA,NA,NA,16692,NA,NA,8383,NA,NA,17773,NA,NA,10211,NA,NA,3639,NA
XKxDdaXv,structure_low,25,Male,Mixed,Self-employed/Freelancer,"<10,000",Bachelor,2.667,4,0,3.33333333333333,4,2,5,5,6,1,0,0,0,0,0,0,0,0,0,0,0,0,0,0,0,0,0,0,0,0,0,0,0,0,0,0,0,3,3,3,3,3,3,3,3,3,3,3,3,3,3,0.333333333333333,0,0,0,0,0,0,0,0,0,0,0,0,0,NA,NA,NA,NA,NA,NA,NA,NA,NA,NA,NA,NA,NA,NA,NA,NA,NA,NA,NA,NA,NA,NA,NA,NA,NA,NA,NA,NA
DXEQPAHB,information_high,37,Female,White,Government/Public sector,"40,001-60,000",Bachelor,2.867,4,4,3.4,4,7,6,2,1,0,3,1,3,0,2,1,2,0,2,1,3,0,3,0,2,1,3,0,2,0,3,0,3,0,4,0,4,3,3,3,3,3,3,3,3,3,3,3,3,3,3,0,1,0.333333333333333,1,0,0.666666666666667,0.333333333333333,0.666666666666667,0,0.666666666666667,0.333333333333333,1,0,1,112920,20890,14722,4773,3555,19795,31762,2826,3475,2830,2504,2493,2539,5223,NA,NA,NA,NA,NA,NA,NA,NA,NA,NA,NA,NA,NA,NA
MsbOoOmq,structure_high,29,Female,White,Private sector,"40,001-60,000",Bachelor,3.6,4,5,NA,NA,NA,NA,NA,NA,1,0,0,1,1,1,1,1,0,1,NA,NA,NA,NA,0,0,0,0,2,0,0,0,0,0,NA,NA,NA,NA,3,3,3,3,3,3,3,3,3,3,NA,NA,NA,NA,0.333333333333333,0,0,0.333333333333333,0.333333333333333,0.333333333333333,0.333333333333333,0.333333333333333,0,0.333333333333333,NA,NA,NA,NA,NA,NA,NA,NA,NA,NA,NA,NA,NA,NA,NA,NA,NA,NA,NA,NA,NA,NA,NA,NA,NA,NA,NA,NA,NA,NA,NA,NA
TEcsbKas,structure_low,38,Male,Other,Self-employed/Freelancer,"<10,000",Bachelor,2.8,4,-1,3,4,1,5,4,3,0,0,0,0,0,0,0,0,0,0,0,0,0,0,0,0,0,0,0,0,0,0,0,0,0,0,0,0,3,3,3,3,3,3,3,3,3,3,3,3,3,3,0,0,0,0,0,0,0,0,0,0,0,0,0,0,NA,NA,NA,NA,NA,NA,NA,NA,NA,NA,NA,NA,NA,NA,NA,NA,NA,NA,NA,NA,NA,NA,NA,NA,NA,NA,NA,NA
xhhMUCzv,structure_high,21,Male,White,Private sector,NA,Bachelor,3.733,5,6,2.73333333333333,4,0.5,4,4,5,1,1,3,3,3,3,3,3,3,3,3,3,3,2,3,0,8,5,12,7,10,8,8,7,11,7,10,1,3,3,3,3,3,3,3,3,3,3,3,3,3,3,0.333333333333333,0.333333333333333,1,1,1,1,1,1,1,1,1,1,1,0.666666666666667,NA,NA,NA,NA,NA,NA,NA,NA,NA,NA,NA,NA,NA,NA,NA,NA,NA,NA,NA,NA,NA,NA,NA,NA,NA,NA,NA,NA
nNfmSOTO,structure_medium,30,Male,Other,Government/Public sector,NA,Bachelor,3.333,4,3,3.6,4,4,7,1,1,3,3,3,3,2,2,3,3,3,3,3,3,3,2,3,0,6,3,9,1,5,5,7,4,6,2,6,2,3,3,3,3,3,3,3,3,3,3,3,3,3,3,1,1,1,1,0.666666666666667,0.666666666666667,1,1,1,1,1,1,1,0.666666666666667,NA,NA,NA,NA,NA,NA,NA,NA,NA,NA,NA,NA,NA,NA,NA,NA,NA,NA,NA,NA,NA,NA,NA,NA,NA,NA,NA,NA
ToQamdxL,information_medium,30,Female,Asian,Private sector,"10,001-20,000",Bachelor,4.067,5,5,4.4,5,7,3,4,3,0,2,3,0,3,0,3,0,3,0,3,0,3,0,0,7,8,0,7,0,9,0,9,0,10,0,10,0,3,3,3,3,3,3,3,3,3,3,3,3,3,3,0,0.666666666666667,1,0,1,0,1,0,1,0,1,0,1,0,36701,NA,NA,5000,NA,NA,3271,NA,NA,3500,NA,NA,3231,NA,NA,NA,NA,NA,NA,NA,NA,NA,NA,NA,NA,NA,NA,NA
bgjmOAKP,information_medium,40,Male,Asian,Self-employed/Freelancer,"10,001-20,000",Bachelor,3,4,2.5,3.13333333333333,3,8.5,4,2,2,1,1,1,2,2,2,1,1,1,2,1,2,1,2,1,5,4,3,4,8,2,4,2,8,3,7,2,8,3,3,3,3,3,3,3,3,3,3,3,3,3,3,0.333333333333333,0.333333333333333,0.333333333333333,0.666666666666667,0.666666666666667,0.666666666666667,0.333333333333333,0.333333333333333,0.333333333333333,0.666666666666667,0.333333333333333,0.666666666666667,0.333333333333333,0.666666666666667,39855,NA,NA,2799,NA,NA,3029,NA,NA,3108,NA,NA,2723,NA,NA,NA,NA,NA,NA,NA,NA,NA,NA,NA,NA,NA,NA,NA
MXPbOIly,control,31,Male,White,Private sector,"20,001-30,000",Bachelor,3,4,3,3,4,3,NA,NA,NA,0,0,0,0,0,0,0,0,0,0,0,0,0,0,0,0,0,0,0,0,0,0,0,0,0,0,0,0,3,3,3,3,3,3,3,3,3,3,3,3,3,3,0,0,0,0,0,0,0,0,0,0,0,0,0,0,NA,NA,NA,NA,NA,NA,NA,NA,NA,NA,NA,NA,NA,NA,NA,NA,NA,NA,NA,NA,NA,NA,NA,NA,NA,NA,NA,NA
aCOzQThA,structure_medium,46,Female,White,Government/Public sector,"<10,000",Bachelor,3.267,5,1,4.26666666666667,1,6,6,2,5,2,2,1,2,0,0,1,1,1,2,1,0,2,2,0,0,1,5,0,0,1,4,2,3,0,0,2,1,3,3,3,3,3,3,3,3,3,3,3,3,3,3,0.666666666666667,0.666666666666667,0.333333333333333,0.666666666666667,0,0,0.333333333333333,0.333333333333333,0.333333333333333,0.666666666666667,0.333333333333333,0,0.666666666666667,0.666666666666667,NA,NA,NA,NA,NA,NA,NA,NA,NA,NA,NA,NA,NA,NA,NA,NA,NA,NA,NA,NA,NA,NA,NA,NA,NA,NA,NA,NA
IUvmQDdR,control,45,Male,White,Self-employed/Freelancer,"<10,000",Master,3.733,4,6.5,4.4,4,-0.5,NA,NA,NA,2,1,0,3,3,2,3,2,3,3,3,2,3,3,6,4,0,6,6,11,6,11,6,9,8,11,9,11,3,3,3,3,3,3,3,3,3,3,3,3,3,3,0.666666666666667,0.333333333333333,0,1,1,0.666666666666667,1,0.666666666666667,1,1,1,0.666666666666667,1,1,NA,NA,NA,NA,NA,NA,NA,NA,NA,NA,NA,NA,NA,NA,NA,NA,NA,NA,NA,NA,NA,NA,NA,NA,NA,NA,NA,NA
iaLBYZCi,assistant_high,37,Male,Mixed,Private sector,"<10,000",Bachelor,3.533,4,0,3.86666666666667,4,8,7,5,4,3,3,3,3,2,2,2,2,3,3,3,3,3,3,6,2,4,3,4,2,5,3,8,0,7,3,8,3,3,3,3,3,3,3,3,3,3,3,3,3,3,3,1,1,1,1,0.666666666666667,0.666666666666667,0.666666666666667,0.666666666666667,1,1,1,1,1,1,NA,NA,NA,NA,NA,NA,NA,NA,NA,NA,NA,NA,NA,NA,33507,36411,26684,4770,5685,4805,4350,4936,4300,3080,19676,3428,5201,3848
QPDIacsb,information_low,25,Male,White,Private sector,"<10,000",Bachelor,3.333,3,4.5,NA,NA,NA,NA,NA,NA,0,0,NA,NA,2,1,1,1,1,1,1,0,1,1,0,0,NA,NA,0,3,1,2,1,4,1,0,1,4,3,3,NA,NA,3,3,3,3,3,3,3,3,3,3,0,0,NA,NA,0.666666666666667,0.333333333333333,0.333333333333333,0.333333333333333,0.333333333333333,0.333333333333333,0.333333333333333,0,0.333333333333333,0.333333333333333,75245,NA,NA,NA,NA,NA,NA,NA,NA,NA,NA,NA,NA,NA,NA,NA,NA,NA,NA,NA,NA,NA,NA,NA,NA,NA,NA,NA
AtBhCQEz,structure_low,19,Female,Mixed,Student,"20,001-30,000",Senior high,3.467,5,1,NA,NA,NA,NA,NA,NA,3,0,0,0,1,1,1,1,1,NA,0,1,0,1,2,0,0,0,2,2,2,1,2,NA,0,2,0,3,3,3,3,3,3,3,3,3,3,NA,3,3,3,3,1,0,0,0,0.333333333333333,0.333333333333333,0.333333333333333,0.333333333333333,0.333333333333333,NA,0,0.333333333333333,0,0.333333333333333,NA,NA,NA,NA,NA,NA,NA,NA,NA,NA,NA,NA,NA,NA,NA,NA,NA,NA,NA,NA,NA,NA,NA,NA,NA,NA,NA,NA
jgzkWBiY,structure_medium,23,Male,Other,Private sector,"10,001-20,000",Master,3.533,4,2,NA,NA,NA,NA,NA,NA,2,0,0,0,0,0,0,0,0,0,NA,NA,NA,NA,3,0,0,0,0,0,0,0,0,0,NA,NA,NA,NA,3,3,3,3,3,3,3,3,3,2,NA,NA,NA,NA,0.666666666666667,0,0,0,0,0,0,0,0,0,NA,NA,NA,NA,NA,NA,NA,NA,NA,NA,NA,NA,NA,NA,NA,NA,NA,NA,NA,NA,NA,NA,NA,NA,NA,NA,NA,NA,NA,NA,NA,NA
Zmtsendn,structure_medium,29,Male,White,Private sector,"40,001-60,000",Master,3.667,4,-2,NA,NA,NA,NA,NA,NA,1,1,0,3,NA,2,2,2,1,3,0,3,3,0,2,1,0,5,NA,10,3,6,3,8,0,9,6,0,3,3,3,3,NA,3,3,3,3,3,3,3,3,3,0.333333333333333,0.333333333333333,0,1,NA,0.666666666666667,0.666666666666667,0.666666666666667,0.333333333333333,1,0,1,1,0,NA,NA,NA,NA,NA,NA,NA,NA,NA,NA,NA,NA,NA,NA,NA,NA,NA,NA,NA,NA,NA,NA,NA,NA,NA,NA,NA,NA
rlHkFyML,information_low,31,Male,Black,Private sector,"<10,000",Bachelor,3.8,4,1,NA,NA,NA,NA,NA,NA,1,1,0,NA,NA,NA,1,2,2,1,2,0,2,0,2,0,0,NA,NA,NA,1,2,4,2,1,0,5,0,3,3,3,NA,NA,NA,3,3,3,3,3,3,3,3,0.333333333333333,0.333333333333333,0,NA,NA,NA,0.333333333333333,0.666666666666667,0.666666666666667,0.333333333333333,0.666666666666667,0,0.666666666666667,0,24112,NA,NA,NA,NA,NA,NA,NA,NA,NA,NA,NA,NA,NA,NA,NA,NA,NA,NA,NA,NA,NA,NA,NA,NA,NA,NA,NA
wnGoCmhc,control,27,Female,White,Government/Public sector,"20,001-30,000",Bachelor,2.8,4,6,NA,NA,NA,NA,NA,NA,0,0,0,0,0,NA,0,0,0,0,0,NA,0,0,0,0,0,0,0,NA,0,0,0,0,0,NA,0,0,3,3,3,3,3,NA,3,3,3,3,3,NA,3,3,0,0,0,0,0,NA,0,0,0,0,0,NA,0,0,NA,NA,NA,NA,NA,NA,NA,NA,NA,NA,NA,NA,NA,NA,NA,NA,NA,NA,NA,NA,NA,NA,NA,NA,NA,NA,NA,NA
mckulqtO,assistant_medium,36,Female,Asian,Self-employed/Freelancer,"30,001-40,000",Bachelor,3.4,4,2.5,NA,NA,NA,NA,NA,NA,3,1,3,0,3,1,2,0,2,1,2,NA,3,0,2,0,3,0,3,1,3,0,3,1,5,NA,6,0,3,3,3,3,3,3,3,3,3,3,3,NA,3,3,1,0.333333333333333,1,0,1,0.333333333333333,0.666666666666667,0,0.666666666666667,0.333333333333333,0.666666666666667,NA,1,0,NA,NA,NA,NA,NA,NA,NA,NA,NA,NA,NA,NA,NA,NA,4051,NA,NA,1767,NA,NA,4382,NA,NA,8120,NA,NA,2410,NA
sbZUFcPB,structure_low,32,Male,White,Private sector,"40,001-60,000",Bachelor,4,4,4,3.66666666666667,4,3,3,2,2,3,3,2,3,3,2,3,3,3,3,3,3,3,3,8,5,10,10,12,4,10,10,11,9,13,6,13,11,3,3,3,3,3,3,3,3,3,3,3,3,3,3,1,1,0.666666666666667,1,1,0.666666666666667,1,1,1,1,1,1,1,1,NA,NA,NA,NA,NA,NA,NA,NA,NA,NA,NA,NA,NA,NA,NA,NA,NA,NA,NA,NA,NA,NA,NA,NA,NA,NA,NA,NA
rLoSGXRO,information_high,20,Male,Other,Self-employed/Freelancer,"<10,000",College diploma,3.4,5,1,3.4,4,5,6,1,1,0,2,2,3,2,3,3,3,3,3,2,2,3,3,0,6,6,6,6,8,3,7,5,10,7,10,8,11,3,3,3,3,3,3,3,3,3,3,3,3,3,3,0,0.666666666666667,0.666666666666667,1,0.666666666666667,1,1,1,1,1,0.666666666666667,0.666666666666667,1,1,38185,23057,2010,1995,1906,1668,2011,19624,2455,2821,1779,1973,1818,2591,NA,NA,NA,NA,NA,NA,NA,NA,NA,NA,NA,NA,NA,NA
YfHswYre,information_medium,23,Male,White,Private sector,"10,001-20,000",Senior high,3.4,4,1,NA,NA,NA,NA,NA,NA,2,3,2,3,1,3,NA,3,3,3,3,1,3,3,4,6,5,10,4,12,NA,9,7,11,9,1,11,12,3,3,3,3,3,3,NA,3,3,3,3,3,3,3,0.666666666666667,1,0.666666666666667,1,0.333333333333333,1,NA,1,1,1,1,0.333333333333333,1,1,18812,NA,NA,11334,NA,NA,NA,NA,NA,1206,NA,NA,1111,NA,NA,NA,NA,NA,NA,NA,NA,NA,NA,NA,NA,NA,NA,NA
KpvreJry,structure_low,22,Female,White,Student,"10,001-20,000",Bachelor,4.2,4,1.5,NA,NA,NA,NA,NA,NA,2,1,2,1,NA,NA,NA,NA,NA,NA,NA,NA,NA,NA,1,2,3,5,NA,NA,NA,NA,NA,NA,NA,NA,NA,NA,3,3,3,3,NA,NA,NA,NA,NA,NA,NA,NA,NA,NA,0.666666666666667,0.333333333333333,0.666666666666667,0.333333333333333,NA,NA,NA,NA,NA,NA,NA,NA,NA,NA,NA,NA,NA,NA,NA,NA,NA,NA,NA,NA,NA,NA,NA,NA,NA,NA,NA,NA,NA,NA,NA,NA,NA,NA,NA,NA,NA,NA
KgRfCrIL,information_low,33,Male,White,Private sector,"30,001-40,000",Master,3.4,4,1,2.73333333333333,4,3,5,3,5,3,3,3,0,0,0,0,0,0,0,0,0,0,0,6,6,10,0,0,0,0,0,0,0,0,0,0,0,3,3,3,3,3,3,3,3,3,3,3,3,3,3,1,1,1,0,0,0,0,0,0,0,0,0,0,0,15083,NA,NA,NA,NA,NA,NA,NA,NA,NA,NA,NA,NA,NA,NA,NA,NA,NA,NA,NA,NA,NA,NA,NA,NA,NA,NA,NA
lWUcpBID,information_low,30,Male,Other,Private sector,"10,001-20,000",Bachelor,2.8,2,-3.5,3,3,-5.5,3,3,5,2,2,1,1,3,0,1,0,0,1,0,0,2,0,1,1,2,4,8,0,5,0,0,5,0,0,6,0,3,3,3,3,3,3,3,3,3,3,3,3,3,3,0.666666666666667,0.666666666666667,0.333333333333333,0.333333333333333,1,0,0.333333333333333,0,0,0.333333333333333,0,0,0.666666666666667,0,20853,NA,NA,NA,NA,NA,NA,NA,NA,NA,NA,NA,NA,NA,NA,NA,NA,NA,NA,NA,NA,NA,NA,NA,NA,NA,NA,NA
BDnRYMUl,information_medium,26,Male,White,Private sector,"10,001-20,000",Senior high,3.6,4,-2,3.86666666666667,2,-1,5,4,4,3,3,3,3,3,3,3,3,3,3,3,3,3,3,9,7,12,9,12,9,11,12,10,10,11,12,12,13,3,3,3,3,3,3,3,3,3,3,3,3,3,3,1,1,1,1,1,1,1,1,1,1,1,1,1,1,29502,NA,NA,943,NA,NA,1470,NA,NA,1704,NA,NA,1194,NA,NA,NA,NA,NA,NA,NA,NA,NA,NA,NA,NA,NA,NA,NA
lbUZiHlE,assistant_high,33,Female,White,Self-employed/Freelancer,"10,001-20,000",Master,3.667,4,5,NA,NA,NA,NA,NA,NA,3,3,3,0,2,3,3,3,3,3,NA,3,2,2,3,7,3,0,6,8,5,6,6,9,NA,9,8,11,3,3,3,3,3,3,3,3,3,3,NA,3,3,3,1,1,1,0,0.666666666666667,1,1,1,1,1,NA,1,0.666666666666667,0.666666666666667,NA,NA,NA,NA,NA,NA,NA,NA,NA,NA,NA,NA,NA,NA,26322,17231,12308,15713,11270,17787,1828,1879,2007,2205,NA,4392,29048,2718
GYqDFPVC,information_high,21,Male,White,Other,"<10,000",Senior high,3.267,4,2,NA,NA,NA,NA,NA,NA,1,1,0,1,1,1,0,2,2,1,1,1,1,NA,0,2,0,2,1,3,0,3,0,3,0,3,1,NA,3,3,3,3,3,3,3,3,3,3,3,3,3,NA,0.333333333333333,0.333333333333333,0,0.333333333333333,0.333333333333333,0.333333333333333,0,0.666666666666667,0.666666666666667,0.333333333333333,0.333333333333333,0.333333333333333,0.333333333333333,NA,24423,6894,5131,1682,1502,1262,2483,1674,1472,1569,921,1926,1391,NA,NA,NA,NA,NA,NA,NA,NA,NA,NA,NA,NA,NA,NA,NA
MBYsHdWC,information_medium,40,Male,Mixed,Self-employed/Freelancer,"30,001-40,000",Master,3.6,4,10.5,3.13333333333333,4,8,5,4,3,1,3,2,1,2,1,0,2,2,2,2,2,3,1,0,3,2,2,1,1,0,2,1,3,4,1,2,2,3,3,3,3,3,3,3,3,3,3,3,3,3,3,0.333333333333333,1,0.666666666666667,0.333333333333333,0.666666666666667,0.333333333333333,0,0.666666666666667,0.666666666666667,0.666666666666667,0.666666666666667,0.666666666666667,1,0.333333333333333,18608,NA,NA,1085,NA,NA,5014,NA,NA,1050,NA,NA,1931,NA,NA,NA,NA,NA,NA,NA,NA,NA,NA,NA,NA,NA,NA,NA
PyeKdnlT,structure_high,29,Female,White,Government/Public sector,"20,001-30,000",Bachelor,4.267,4,0,4.26666666666667,4,1,6,2,1,2,1,3,2,1,1,3,3,3,2,2,3,1,2,1,2,4,3,2,2,4,7,5,3,2,6,2,3,3,3,3,3,3,3,3,3,3,3,3,3,3,3,0.666666666666667,0.333333333333333,1,0.666666666666667,0.333333333333333,0.333333333333333,1,1,1,0.666666666666667,0.666666666666667,1,0.333333333333333,0.666666666666667,NA,NA,NA,NA,NA,NA,NA,NA,NA,NA,NA,NA,NA,NA,NA,NA,NA,NA,NA,NA,NA,NA,NA,NA,NA,NA,NA,NA
YRzbvdPO,structure_medium,26,Male,White,Private sector,"40,001-60,000",Senior high,3.333,4,1,NA,NA,NA,NA,NA,NA,3,0,1,3,2,0,NA,1,0,3,1,2,3,0,6,0,4,12,9,0,NA,3,0,17,4,10,11,0,3,3,3,3,3,3,NA,3,3,3,3,3,3,3,1,0,0.333333333333333,1,0.666666666666667,0,NA,0.333333333333333,0,1,0.333333333333333,0.666666666666667,1,0,NA,NA,NA,NA,NA,NA,NA,NA,NA,NA,NA,NA,NA,NA,NA,NA,NA,NA,NA,NA,NA,NA,NA,NA,NA,NA,NA,NA
ZeOybUtY,information_medium,40,Male,White,Private sector,"10,001-20,000",Master,2.133,3,0,2,3,5,2,1,1,0,0,0,0,0,0,0,0,0,0,0,0,0,0,0,0,0,0,0,0,0,0,0,0,0,0,0,0,3,3,3,3,3,3,3,3,3,3,3,3,3,3,0,0,0,0,0,0,0,0,0,0,0,0,0,0,13214,NA,NA,3810,NA,NA,2069,NA,NA,1236,NA,NA,16539,NA,NA,NA,NA,NA,NA,NA,NA,NA,NA,NA,NA,NA,NA,NA
iBArhWgX,information_low,53,Female,White,Other,"10,001-20,000",Senior high,3.733,4,1,3.4,4,1.5,6,4,4,1,2,1,2,1,1,0,0,1,1,1,0,1,1,1,5,2,6,1,2,0,0,3,3,3,0,2,5,3,3,3,3,3,3,3,3,3,3,3,3,3,3,0.333333333333333,0.666666666666667,0.333333333333333,0.666666666666667,0.333333333333333,0.333333333333333,0,0,0.333333333333333,0.333333333333333,0.333333333333333,0,0.333333333333333,0.333333333333333,19729,NA,NA,NA,NA,NA,NA,NA,NA,NA,NA,NA,NA,NA,NA,NA,NA,NA,NA,NA,NA,NA,NA,NA,NA,NA,NA,NA
HDOMvQlf,structure_high,27,Female,White,Other,"<10,000",Senior high,2.933,4,3.5,2.73333333333333,4,4.5,4,2,3,1,3,2,3,3,3,3,3,3,3,3,3,3,3,1,5,4,6,2,9,4,9,5,12,6,9,7,9,3,3,3,3,3,3,3,3,3,3,3,3,3,3,0.333333333333333,1,0.666666666666667,1,1,1,1,1,1,1,1,1,1,1,NA,NA,NA,NA,NA,NA,NA,NA,NA,NA,NA,NA,NA,NA,NA,NA,NA,NA,NA,NA,NA,NA,NA,NA,NA,NA,NA,NA
tbjXSFsW,assistant_high,43,Male,White,Private sector,"10,001-20,000",Bachelor,2.933,5,7,3.6,5,11,5,4,5,3,1,2,1,1,1,3,3,3,2,3,3,3,3,5,1,5,2,4,2,10,5,8,6,11,6,11,6,3,3,3,3,3,3,3,3,3,3,3,3,3,3,1,0.333333333333333,0.666666666666667,0.333333333333333,0.333333333333333,0.333333333333333,1,1,1,0.666666666666667,1,1,1,1,NA,NA,NA,NA,NA,NA,NA,NA,NA,NA,NA,NA,NA,NA,34315,5853,12920,6883,6911,21934,4552,4584,3720,4389,4193,5178,3702,6829
mIUdckVo,structure_high,23,Male,White,Student,"10,001-20,000",College diploma,3.6,5,7,NA,NA,NA,NA,NA,NA,1,3,NA,NA,NA,NA,NA,NA,NA,NA,NA,NA,NA,NA,2,7,NA,NA,NA,NA,NA,NA,NA,NA,NA,NA,NA,NA,3,3,NA,NA,NA,NA,NA,NA,NA,NA,NA,NA,NA,NA,0.333333333333333,1,NA,NA,NA,NA,NA,NA,NA,NA,NA,NA,NA,NA,NA,NA,NA,NA,NA,NA,NA,NA,NA,NA,NA,NA,NA,NA,NA,NA,NA,NA,NA,NA,NA,NA,NA,NA,NA,NA,NA,NA
vRtCcqhN,structure_low,24,Male,White,Student,"<10,000",Senior high,2.133,4,-0.5,NA,NA,NA,NA,NA,NA,1,2,NA,1,1,NA,0,NA,1,0,1,NA,0,NA,0,3,NA,2,3,NA,0,NA,3,0,3,NA,0,NA,3,3,NA,3,3,NA,3,NA,3,3,3,NA,3,NA,0.333333333333333,0.666666666666667,NA,0.333333333333333,0.333333333333333,NA,0,NA,0.333333333333333,0,0.333333333333333,NA,0,NA,NA,NA,NA,NA,NA,NA,NA,NA,NA,NA,NA,NA,NA,NA,NA,NA,NA,NA,NA,NA,NA,NA,NA,NA,NA,NA,NA,NA
gErmXjmq,information_high,34,Female,Asian,Self-employed/Freelancer,">60,000",Bachelor,2.8,5,6,NA,NA,NA,NA,NA,NA,0,NA,0,0,1,0,0,0,0,NA,0,1,2,2,0,NA,0,0,0,0,0,0,0,NA,0,2,2,7,3,NA,3,3,3,3,3,3,3,NA,3,3,3,3,0,NA,0,0,0.333333333333333,0,0,0,0,NA,0,0.333333333333333,0.666666666666667,0.666666666666667,15362,NA,1680,1180,1567,1713,1326,1412,1814,NA,1185,1134,13368,1612,NA,NA,NA,NA,NA,NA,NA,NA,NA,NA,NA,NA,NA,NA
nEUJVVCe,assistant_low,27,Male,White,Self-employed/Freelancer,"10,001-20,000",Master,3.4,5,4,3.33333333333333,5,0,7,1,4,1,0,0,0,0,0,0,0,0,0,0,0,0,0,1,0,0,0,0,0,0,0,0,0,0,0,0,0,3,3,3,3,3,3,3,3,3,3,3,3,3,3,0.333333333333333,0,0,0,0,0,0,0,0,0,0,0,0,0,NA,NA,NA,NA,NA,NA,NA,NA,NA,NA,NA,NA,NA,NA,19026,NA,NA,NA,NA,NA,NA,NA,NA,NA,NA,NA,NA,NA
NgdVovUb,structure_low,37,Male,White,Private sector,"10,001-20,000",Senior high,2.467,4,3.5,2.66666666666667,4,4.5,5,3,3,3,1,1,1,1,1,1,0,1,1,1,1,1,1,3,3,2,3,4,3,3,0,4,4,4,4,4,4,3,3,3,3,3,3,3,3,3,3,3,3,3,3,1,0.333333333333333,0.333333333333333,0.333333333333333,0.333333333333333,0.333333333333333,0.333333333333333,0,0.333333333333333,0.333333333333333,0.333333333333333,0.333333333333333,0.333333333333333,0.333333333333333,NA,NA,NA,NA,NA,NA,NA,NA,NA,NA,NA,NA,NA,NA,NA,NA,NA,NA,NA,NA,NA,NA,NA,NA,NA,NA,NA,NA
MPsRwQvF,information_medium,26,Male,White,Private sector,"<10,000",Bachelor,4.2,5,10,3.8,4,5,6,1,2,3,3,2,0,3,0,2,0,2,0,3,0,3,0,3,3,4,0,3,0,6,0,6,0,8,0,8,0,3,3,3,3,3,3,3,3,3,3,3,3,3,3,1,1,0.666666666666667,0,1,0,0.666666666666667,0,0.666666666666667,0,1,0,1,0,21243,NA,NA,4097,NA,NA,769,NA,NA,1576,NA,NA,1582,NA,NA,NA,NA,NA,NA,NA,NA,NA,NA,NA,NA,NA,NA,NA
rvPPoQtv,information_low,29,Male,White,Government/Public sector,"30,001-40,000",Bachelor,3.867,4,4,NA,NA,NA,NA,NA,NA,3,3,3,0,0,0,NA,1,2,0,2,1,0,0,12,1,14,0,0,0,NA,2,11,0,10,2,0,0,3,3,3,3,3,3,NA,3,3,3,3,3,3,3,1,1,1,0,0,0,NA,0.333333333333333,0.666666666666667,0,0.666666666666667,0.333333333333333,0,0,22131,NA,NA,NA,NA,NA,NA,NA,NA,NA,NA,NA,NA,NA,NA,NA,NA,NA,NA,NA,NA,NA,NA,NA,NA,NA,NA,NA
PpGvygpD,assistant_high,26,Male,Asian,Private sector,"10,001-20,000",Bachelor,3.8,4,3.5,3.4,5,5,7,3,1,2,0,1,2,1,1,1,1,2,1,1,1,2,0,1,0,1,2,2,3,1,3,1,2,1,2,2,0,3,3,3,3,3,3,3,3,3,3,3,3,3,3,0.666666666666667,0,0.333333333333333,0.666666666666667,0.333333333333333,0.333333333333333,0.333333333333333,0.333333333333333,0.666666666666667,0.333333333333333,0.333333333333333,0.333333333333333,0.666666666666667,0,NA,NA,NA,NA,NA,NA,NA,NA,NA,NA,NA,NA,NA,NA,13942,2794,7271,2213,5458,2205,1613,2462,3018,3126,3046,4189,11301,8304
nZSrSfOL,control,20,Female,White,Student,NA,Senior high,4.467,5,6,NA,NA,NA,NA,NA,NA,1,1,1,1,1,1,1,2,NA,NA,2,0,1,1,2,2,3,1,0,2,3,4,NA,NA,4,0,2,2,3,3,3,3,3,3,3,3,NA,NA,3,3,3,3,0.333333333333333,0.333333333333333,0.333333333333333,0.333333333333333,0.333333333333333,0.333333333333333,0.333333333333333,0.666666666666667,NA,NA,0.666666666666667,0,0.333333333333333,0.333333333333333,NA,NA,NA,NA,NA,NA,NA,NA,NA,NA,NA,NA,NA,NA,NA,NA,NA,NA,NA,NA,NA,NA,NA,NA,NA,NA,NA,NA
EpAltTYc,assistant_medium,21,Male,White,Student,NA,Bachelor,4.067,1,1,4.26666666666667,4,3,7,4,4,2,0,3,1,0,3,3,0,0,0,0,0,2,0,2,0,9,0,0,4,12,0,0,0,0,0,11,0,3,3,3,3,3,3,3,3,3,3,3,3,3,3,0.666666666666667,0,1,0.333333333333333,0,1,1,0,0,0,0,0,0.666666666666667,0,NA,NA,NA,NA,NA,NA,NA,NA,NA,NA,NA,NA,NA,NA,27905,NA,NA,15076,NA,NA,5196,NA,NA,11030,NA,NA,3581,NA
trUwtpVZ,structure_high,18,Male,White,Student,"<10,000",Senior high,4.133,4,0.5,4.13333333333333,4,4,5,1,1,3,3,3,3,3,3,3,2,3,3,3,3,3,3,9,8,11,6,16,8,17,3,17,12,17,11,17,11,3,3,3,3,3,3,3,3,3,3,3,3,3,3,1,1,1,1,1,1,1,0.666666666666667,1,1,1,1,1,1,NA,NA,NA,NA,NA,NA,NA,NA,NA,NA,NA,NA,NA,NA,NA,NA,NA,NA,NA,NA,NA,NA,NA,NA,NA,NA,NA,NA
tyLhQJpE,assistant_high,50,Female,Asian,Self-employed/Freelancer,NA,Bachelor,3.333,5,7.5,3.33333333333333,5,6.5,7,3,1,3,3,3,3,3,3,3,2,3,3,2,3,3,3,3,5,4,7,7,7,6,8,7,9,6,9,6,9,3,3,3,3,3,3,3,3,3,3,3,3,3,3,1,1,1,1,1,1,1,0.666666666666667,1,1,0.666666666666667,1,1,1,NA,NA,NA,NA,NA,NA,NA,NA,NA,NA,NA,NA,NA,NA,6323,2216,9566,1078,1075,826,6238,1596,1348,9451,3255,1320,1624,1311
llbzKAQH,information_medium,31,Female,White,Self-employed/Freelancer,"10,001-20,000",Bachelor,3.333,5,6,3.06666666666667,4,4,4,2,2,2,0,0,1,3,1,1,0,0,1,2,0,1,0,0,0,0,2,6,0,2,0,0,3,1,0,1,0,3,3,3,3,3,3,3,3,3,3,3,3,3,3,0.666666666666667,0,0,0.333333333333333,1,0.333333333333333,0.333333333333333,0,0,0.333333333333333,0.666666666666667,0,0.333333333333333,0,23700,NA,NA,20146,NA,NA,8278,NA,NA,8753,NA,NA,13159,NA,NA,NA,NA,NA,NA,NA,NA,NA,NA,NA,NA,NA,NA,NA
jVItwrCQ,assistant_high,33,Female,White,Private sector,"30,001-40,000",Master,3.8,5,0,3.26666666666667,4,-1.5,3,6,5,3,3,0,3,3,1,3,2,3,3,0,3,1,0,8,4,0,6,11,0,11,6,10,3,0,6,2,0,3,3,3,3,3,3,3,3,3,3,3,3,3,3,1,1,0,1,1,0.333333333333333,1,0.666666666666667,1,1,0,1,0.333333333333333,0,NA,NA,NA,NA,NA,NA,NA,NA,NA,NA,NA,NA,NA,NA,8569,9019,1465,1692,1074,1029,649,1021,1160,836,1162,1048,974,675
DmmGLUtF,assistant_low,25,Male,Other,Student,"<10,000",Senior high,3.2,3,-3.5,2.93333333333333,4,-2,3,4,3,1,1,1,0,0,1,0,2,0,0,0,0,0,1,1,2,2,0,0,4,0,5,0,0,0,0,0,4,3,3,3,3,3,3,3,3,3,3,3,3,3,3,0.333333333333333,0.333333333333333,0.333333333333333,0,0,0.333333333333333,0,0.666666666666667,0,0,0,0,0,0.333333333333333,NA,NA,NA,NA,NA,NA,NA,NA,NA,NA,NA,NA,NA,NA,13113,NA,NA,NA,NA,NA,NA,NA,NA,NA,NA,NA,NA,NA
UWVyzUrH,assistant_medium,33,Female,White,Private sector,"20,001-30,000",Master,4.333,5,5,4.86666666666667,5,4.5,5,1,4,2,2,3,3,2,2,2,2,3,2,3,0,3,2,2,2,9,8,8,8,9,3,9,6,9,0,8,6,3,3,3,3,3,3,3,3,3,3,3,3,3,3,0.666666666666667,0.666666666666667,1,1,0.666666666666667,0.666666666666667,0.666666666666667,0.666666666666667,1,0.666666666666667,1,0,1,0.666666666666667,NA,NA,NA,NA,NA,NA,NA,NA,NA,NA,NA,NA,NA,NA,25912,NA,NA,6324,NA,NA,12969,NA,NA,32435,NA,NA,83421,NA
ncRpuOzA,information_high,27,Male,Asian,Private sector,"30,001-40,000",Master,3.6,4,5,4.4,4,7.5,5,4,4,1,1,3,3,3,2,2,2,1,2,1,2,0,1,2,0,3,2,3,4,2,5,2,6,2,6,0,3,3,3,3,3,3,3,3,3,3,3,3,3,3,3,0.333333333333333,0.333333333333333,1,1,1,0.666666666666667,0.666666666666667,0.666666666666667,0.333333333333333,0.666666666666667,0.333333333333333,0.666666666666667,0,0.333333333333333,37367,24008,4311,3191,3260,4371,3180,17260,3534,3543,3537,3250,3593,2959,NA,NA,NA,NA,NA,NA,NA,NA,NA,NA,NA,NA,NA,NA
fWNkVszo,assistant_low,30,Male,Black,Student,"20,001-30,000",Bachelor,2.6,5,3.5,NA,NA,NA,NA,NA,NA,1,NA,NA,1,0,0,1,0,0,0,0,0,0,0,1,NA,NA,4,0,0,1,0,0,0,0,0,0,0,3,NA,NA,3,3,3,3,3,3,3,3,3,3,3,0.333333333333333,NA,NA,0.333333333333333,0,0,0.333333333333333,0,0,0,0,0,0,0,NA,NA,NA,NA,NA,NA,NA,NA,NA,NA,NA,NA,NA,NA,8276,NA,NA,NA,NA,NA,NA,NA,NA,NA,NA,NA,NA,NA
QAjnCaes,structure_medium,38,Female,Black,Private sector,"30,001-40,000",Master,3.733,5,5.5,NA,NA,NA,NA,NA,NA,2,3,2,3,2,NA,2,3,2,NA,3,NA,NA,NA,1,2,4,3,6,NA,6,3,5,NA,10,NA,NA,NA,3,3,3,3,3,NA,3,3,3,NA,3,NA,NA,NA,0.666666666666667,1,0.666666666666667,1,0.666666666666667,NA,0.666666666666667,1,0.666666666666667,NA,1,NA,NA,NA,NA,NA,NA,NA,NA,NA,NA,NA,NA,NA,NA,NA,NA,NA,NA,NA,NA,NA,NA,NA,NA,NA,NA,NA,NA,NA,NA,NA
TLMJdEVR,control,33,Male,Black,Private sector,"40,001-60,000",Master,3.067,3,0,NA,NA,NA,NA,NA,NA,0,2,0,0,1,1,1,1,0,1,0,0,NA,0,0,4,0,0,2,2,0,1,0,2,0,0,NA,0,3,3,3,3,3,3,3,3,3,3,3,3,NA,3,0,0.666666666666667,0,0,0.333333333333333,0.333333333333333,0.333333333333333,0.333333333333333,0,0.333333333333333,0,0,NA,0,NA,NA,NA,NA,NA,NA,NA,NA,NA,NA,NA,NA,NA,NA,NA,NA,NA,NA,NA,NA,NA,NA,NA,NA,NA,NA,NA,NA
JRijoIQr,structure_low,23,Female,White,Student,"<10,000",Bachelor,3.867,4,5.5,NA,NA,NA,NA,NA,NA,1,NA,NA,NA,NA,0,1,1,1,2,0,NA,0,NA,1,NA,NA,NA,NA,0,1,3,1,8,0,NA,0,NA,3,NA,NA,NA,NA,3,3,3,3,3,3,NA,3,NA,0.333333333333333,NA,NA,NA,NA,0,0.333333333333333,0.333333333333333,0.333333333333333,0.666666666666667,0,NA,0,NA,NA,NA,NA,NA,NA,NA,NA,NA,NA,NA,NA,NA,NA,NA,NA,NA,NA,NA,NA,NA,NA,NA,NA,NA,NA,NA,NA,NA
lULGwCaR,information_medium,28,Male,Mixed,Self-employed/Freelancer,"<10,000",Senior high,3.333,4,-2,3.73333333333333,4,4.5,4,2,2,0,1,1,1,1,1,1,1,1,1,1,1,1,1,0,3,3,5,3,4,3,3,2,5,2,4,3,4,3,3,3,3,3,3,3,3,3,3,3,3,3,3,0,0.333333333333333,0.333333333333333,0.333333333333333,0.333333333333333,0.333333333333333,0.333333333333333,0.333333333333333,0.333333333333333,0.333333333333333,0.333333333333333,0.333333333333333,0.333333333333333,0.333333333333333,20662,NA,NA,5217,NA,NA,7774,NA,NA,1969,NA,NA,3154,NA,NA,NA,NA,NA,NA,NA,NA,NA,NA,NA,NA,NA,NA,NA
rILeKbav,information_high,19,Male,White,Self-employed/Freelancer,"10,001-20,000",Bachelor,3.867,4,2,NA,NA,NA,NA,NA,NA,3,1,NA,0,NA,0,NA,0,NA,NA,NA,NA,3,1,6,0,NA,0,NA,0,NA,0,NA,NA,NA,NA,8,0,3,3,NA,3,NA,3,NA,3,NA,NA,NA,NA,3,3,1,0.333333333333333,NA,0,NA,0,NA,0,NA,NA,NA,NA,1,0.333333333333333,24321,10108,NA,1540,NA,2026,NA,959,NA,NA,NA,NA,1057,1555,NA,NA,NA,NA,NA,NA,NA,NA,NA,NA,NA,NA,NA,NA
jLSNDFVF,control,40,Male,White,Self-employed/Freelancer,"<10,000",Bachelor,3.867,5,5,3.86666666666667,4,1,NA,NA,NA,0,0,0,0,0,0,0,0,0,0,0,0,0,0,0,0,0,0,0,0,0,0,0,0,0,0,0,0,3,3,3,3,3,3,3,3,3,3,3,3,3,3,0,0,0,0,0,0,0,0,0,0,0,0,0,0,NA,NA,NA,NA,NA,NA,NA,NA,NA,NA,NA,NA,NA,NA,NA,NA,NA,NA,NA,NA,NA,NA,NA,NA,NA,NA,NA,NA
NZiwPaGg,structure_high,39,Female,White,Private sector,"40,001-60,000",College diploma,4.067,4,-3,4.06666666666667,4,-1.5,5,4,4,1,3,2,3,2,3,2,3,1,3,1,3,1,3,1,8,2,7,2,12,2,16,0,16,0,15,0,16,3,3,3,3,3,3,3,3,3,3,3,3,3,3,0.333333333333333,1,0.666666666666667,1,0.666666666666667,1,0.666666666666667,1,0.333333333333333,1,0.333333333333333,1,0.333333333333333,1,NA,NA,NA,NA,NA,NA,NA,NA,NA,NA,NA,NA,NA,NA,NA,NA,NA,NA,NA,NA,NA,NA,NA,NA,NA,NA,NA,NA
tYoIGtPa,assistant_medium,24,Female,Asian,Private sector,">60,000",Bachelor,4.8,4,2.5,NA,NA,NA,NA,NA,NA,0,NA,0,0,0,0,0,NA,0,0,0,0,0,0,0,NA,0,0,0,0,0,NA,0,0,0,0,0,0,3,NA,3,3,3,3,3,NA,3,3,3,3,3,3,0,NA,0,0,0,0,0,NA,0,0,0,0,0,0,NA,NA,NA,NA,NA,NA,NA,NA,NA,NA,NA,NA,NA,NA,3311,NA,NA,3638,NA,NA,2942,NA,NA,3857,NA,NA,4056,NA
FPudLazv,structure_high,26,Male,Mixed,Student,"<10,000",College diploma,3.467,4,-0.5,NA,NA,NA,NA,NA,NA,3,1,2,2,3,NA,3,2,3,3,3,3,3,3,5,2,2,1,8,NA,9,2,5,4,7,4,3,4,3,3,3,3,3,NA,3,3,3,3,3,3,3,3,1,0.333333333333333,0.666666666666667,0.666666666666667,1,NA,1,0.666666666666667,1,1,1,1,1,1,NA,NA,NA,NA,NA,NA,NA,NA,NA,NA,NA,NA,NA,NA,NA,NA,NA,NA,NA,NA,NA,NA,NA,NA,NA,NA,NA,NA
LEGrnYek,information_low,36,Male,Asian,Other,NA,Master,3.8,4,1,NA,NA,NA,NA,NA,NA,3,1,2,1,1,NA,2,0,0,1,1,0,1,2,3,2,4,3,2,NA,3,0,0,5,4,0,4,5,3,3,3,3,3,NA,3,3,3,3,3,3,3,3,1,0.333333333333333,0.666666666666667,0.333333333333333,0.333333333333333,NA,0.666666666666667,0,0,0.333333333333333,0.333333333333333,0,0.333333333333333,0.666666666666667,18937,NA,NA,NA,NA,NA,NA,NA,NA,NA,NA,NA,NA,NA,NA,NA,NA,NA,NA,NA,NA,NA,NA,NA,NA,NA,NA,NA
rTOGWFIt,structure_medium,53,Male,White,Self-employed/Freelancer,"20,001-30,000",College diploma,4.667,4,6,4.6,4,9,3,1,5,3,3,2,3,3,3,2,2,2,3,3,3,2,3,5,5,8,8,3,8,7,7,7,9,5,12,7,8,3,3,3,3,3,3,3,3,3,3,3,3,3,3,1,1,0.666666666666667,1,1,1,0.666666666666667,0.666666666666667,0.666666666666667,1,1,1,0.666666666666667,1,NA,NA,NA,NA,NA,NA,NA,NA,NA,NA,NA,NA,NA,NA,NA,NA,NA,NA,NA,NA,NA,NA,NA,NA,NA,NA,NA,NA
BaCdqVXl,assistant_low,38,Female,Mixed,Private sector,">60,000",Doctoral,3.8,4,6,NA,NA,NA,NA,NA,NA,0,NA,0,NA,NA,NA,NA,NA,NA,NA,NA,NA,NA,NA,0,NA,0,NA,NA,NA,NA,NA,NA,NA,NA,NA,NA,NA,3,NA,3,NA,NA,NA,NA,NA,NA,NA,NA,NA,NA,NA,0,NA,0,NA,NA,NA,NA,NA,NA,NA,NA,NA,NA,NA,NA,NA,NA,NA,NA,NA,NA,NA,NA,NA,NA,NA,NA,NA,4608,NA,NA,NA,NA,NA,NA,NA,NA,NA,NA,NA,NA,NA
MZFcTIcH,structure_medium,22,Male,Black,Private sector,"30,001-40,000",College diploma,3,5,5,NA,NA,NA,NA,NA,NA,3,0,0,1,0,0,2,1,1,NA,NA,0,NA,NA,2,0,0,0,0,0,2,0,1,NA,NA,0,NA,NA,3,3,3,3,3,3,3,3,3,NA,NA,3,NA,NA,1,0,0,0.333333333333333,0,0,0.666666666666667,0.333333333333333,0.333333333333333,NA,NA,0,NA,NA,NA,NA,NA,NA,NA,NA,NA,NA,NA,NA,NA,NA,NA,NA,NA,NA,NA,NA,NA,NA,NA,NA,NA,NA,NA,NA,NA,NA
aITdOZUl,information_high,45,Male,Other,Private sector,"20,001-30,000",Junior high,3.667,5,10.5,4,5,9,7,4,3,2,2,3,0,2,0,3,1,2,0,3,0,3,0,3,1,3,0,2,0,2,0,2,0,3,0,3,0,3,3,3,3,3,3,3,3,3,3,3,3,3,3,0.666666666666667,0.666666666666667,1,0,0.666666666666667,0,1,0.333333333333333,0.666666666666667,0,1,0,1,0,40528,24509,23570,5991,1725,2525,2420,1444,1755,4431,2041,1799,2930,1637,NA,NA,NA,NA,NA,NA,NA,NA,NA,NA,NA,NA,NA,NA
mwdCPyrg,assistant_low,32,Female,White,Private sector,"10,001-20,000",Bachelor,3.6,4,0,NA,NA,NA,NA,NA,NA,1,3,0,3,0,2,0,2,0,3,0,0,0,0,1,8,0,8,0,8,0,9,0,9,0,0,0,0,3,3,3,3,3,3,3,3,3,3,3,3,3,3,0.333333333333333,1,0,1,0,0.666666666666667,0,0.666666666666667,0,1,0,0,0,0,NA,NA,NA,NA,NA,NA,NA,NA,NA,NA,NA,NA,NA,NA,19055,NA,NA,NA,NA,NA,NA,NA,NA,NA,NA,NA,NA,NA
ESxPRCvI,assistant_medium,28,Male,White,Private sector,"10,001-20,000",Senior high,2.267,4,10.5,2.33333333333333,5,9.5,6,5,6,3,3,3,2,3,3,3,2,3,3,3,3,2,3,5,8,11,10,11,10,8,9,13,10,14,11,11,11,3,3,3,3,3,3,3,3,3,3,3,3,3,3,1,1,1,0.666666666666667,1,1,1,0.666666666666667,1,1,1,1,0.666666666666667,1,NA,NA,NA,NA,NA,NA,NA,NA,NA,NA,NA,NA,NA,NA,107476,NA,NA,27601,NA,NA,17688,NA,NA,3512,NA,NA,12706,NA
awiiJucM,assistant_low,33,Female,White,Private sector,"20,001-30,000",Bachelor,3.6,4,1,3.4,4,1,4,2,2,1,1,0,1,0,0,1,0,1,0,0,0,0,0,1,2,0,1,0,0,1,0,1,0,0,0,0,0,3,3,3,3,3,3,3,3,3,3,3,3,3,3,0.333333333333333,0.333333333333333,0,0.333333333333333,0,0,0.333333333333333,0,0.333333333333333,0,0,0,0,0,NA,NA,NA,NA,NA,NA,NA,NA,NA,NA,NA,NA,NA,NA,20358,NA,NA,NA,NA,NA,NA,NA,NA,NA,NA,NA,NA,NA
iBdgiZnj,assistant_medium,20,Male,Mixed,Student,"<10,000",College diploma,3.933,4,6.5,NA,NA,NA,NA,NA,NA,3,1,3,1,2,2,3,NA,3,2,2,2,3,1,4,0,10,0,7,1,11,NA,10,1,10,0,12,0,3,3,3,3,3,3,3,NA,3,3,3,3,3,3,1,0.333333333333333,1,0.333333333333333,0.666666666666667,0.666666666666667,1,NA,1,0.666666666666667,0.666666666666667,0.666666666666667,1,0.333333333333333,NA,NA,NA,NA,NA,NA,NA,NA,NA,NA,NA,NA,NA,NA,13982,NA,NA,7721,NA,NA,3821,NA,NA,21368,NA,NA,7912,NA
amyZPCOx,information_low,56,Male,White,Private sector,"10,001-20,000",Senior high,3.4,4,4.5,3.26666666666667,4,4,6,2,1,3,0,3,0,3,0,3,0,3,0,2,0,2,0,3,0,3,0,2,0,2,0,3,0,2,0,3,0,3,3,3,3,3,3,3,3,3,3,3,3,3,3,1,0,1,0,1,0,1,0,1,0,0.666666666666667,0,0.666666666666667,0,26082,NA,NA,NA,NA,NA,NA,NA,NA,NA,NA,NA,NA,NA,NA,NA,NA,NA,NA,NA,NA,NA,NA,NA,NA,NA,NA,NA
vhQjkTxm,control,30,Male,White,Self-employed/Freelancer,"20,001-30,000",College diploma,3.133,2,-3.5,3.8,4,4.5,NA,NA,NA,3,0,3,0,2,0,1,0,2,1,3,0,2,0,8,0,10,0,10,0,4,0,11,0,10,0,10,0,3,3,3,3,3,3,3,3,3,3,3,3,3,3,1,0,1,0,0.666666666666667,0,0.333333333333333,0,0.666666666666667,0.333333333333333,1,0,0.666666666666667,0,NA,NA,NA,NA,NA,NA,NA,NA,NA,NA,NA,NA,NA,NA,NA,NA,NA,NA,NA,NA,NA,NA,NA,NA,NA,NA,NA,NA
odlHiaOU,assistant_medium,29,Male,Asian,Private sector,"<10,000",Bachelor,3.533,5,4.5,3.66666666666667,4,2.5,6,3,5,2,1,0,0,0,0,0,0,0,0,0,0,0,0,2,2,0,0,0,0,0,0,0,0,0,0,0,0,3,3,3,3,3,3,3,3,3,3,3,3,3,3,0.666666666666667,0.333333333333333,0,0,0,0,0,0,0,0,0,0,0,0,NA,NA,NA,NA,NA,NA,NA,NA,NA,NA,NA,NA,NA,NA,7358,NA,NA,2840,NA,NA,2721,NA,NA,2284,NA,NA,3029,NA
GycBEXxW,structure_low,45,Female,Mixed,Private sector,"40,001-60,000",Bachelor,3.533,4,2,NA,NA,NA,NA,NA,NA,3,2,3,2,3,NA,1,3,3,1,1,3,0,3,2,6,3,6,3,NA,1,11,2,5,0,13,0,12,3,3,3,3,3,NA,3,3,3,3,3,3,3,3,1,0.666666666666667,1,0.666666666666667,1,NA,0.333333333333333,1,1,0.333333333333333,0.333333333333333,1,0,1,NA,NA,NA,NA,NA,NA,NA,NA,NA,NA,NA,NA,NA,NA,NA,NA,NA,NA,NA,NA,NA,NA,NA,NA,NA,NA,NA,NA
kCAYZIuX,assistant_medium,20,Male,White,Self-employed/Freelancer,"40,001-60,000",College diploma,3.533,4,1,NA,NA,NA,NA,NA,NA,0,1,1,3,0,2,0,1,0,2,0,NA,1,NA,0,5,1,6,0,3,0,4,0,6,0,NA,2,NA,3,3,3,3,3,3,3,3,3,3,3,NA,3,NA,0,0.333333333333333,0.333333333333333,1,0,0.666666666666667,0,0.333333333333333,0,0.666666666666667,0,NA,0.333333333333333,NA,NA,NA,NA,NA,NA,NA,NA,NA,NA,NA,NA,NA,NA,NA,5700,NA,NA,8107,NA,NA,5711,NA,NA,7948,NA,NA,1766,NA
ElfvpeLI,assistant_high,21,Male,White,Student,"10,001-20,000",Senior high,3.867,5,7,3.93333333333333,5,8,5,5,7,2,1,1,3,3,3,2,1,2,3,3,2,0,2,4,1,3,8,4,4,5,0,4,8,12,11,0,0,3,3,3,3,3,3,3,3,3,3,3,3,3,3,0.666666666666667,0.333333333333333,0.333333333333333,1,1,1,0.666666666666667,0.333333333333333,0.666666666666667,1,1,0.666666666666667,0,0.666666666666667,NA,NA,NA,NA,NA,NA,NA,NA,NA,NA,NA,NA,NA,NA,23640,12946,11116,24499,8313,11679,7525,7554,7794,8068,9800,9720,7595,6767
wCSvozXl,structure_low,54,Male,White,Other,"40,001-60,000",College diploma,1.8,3,0,NA,NA,NA,NA,NA,NA,3,NA,2,0,2,0,0,0,1,0,3,0,0,0,8,NA,4,0,6,0,0,0,2,0,9,0,0,0,3,NA,3,3,3,3,3,3,3,3,3,3,3,3,1,NA,0.666666666666667,0,0.666666666666667,0,0,0,0.333333333333333,0,1,0,0,0,NA,NA,NA,NA,NA,NA,NA,NA,NA,NA,NA,NA,NA,NA,NA,NA,NA,NA,NA,NA,NA,NA,NA,NA,NA,NA,NA,NA
csyaRZfo,information_medium,45,Male,White,Private sector,">60,000",College diploma,2.2,4,-8,NA,NA,NA,NA,NA,NA,0,1,0,1,NA,0,0,0,0,0,0,0,0,0,0,2,0,2,NA,0,0,0,0,0,0,0,0,0,3,3,3,3,NA,3,3,3,3,3,3,3,3,3,0,0.333333333333333,0,0.333333333333333,NA,0,0,0,0,0,0,0,0,0,7027,NA,NA,1160,NA,NA,5785,NA,NA,1691,NA,NA,1056,NA,NA,NA,NA,NA,NA,NA,NA,NA,NA,NA,NA,NA,NA,NA
GTvVHSKH,information_medium,35,Male,White,Government/Public sector,"<10,000",Doctoral,3,5,5,3.33333333333333,5,9,4,4,2,1,0,1,0,1,0,1,0,0,0,0,0,1,1,1,0,0,0,1,0,0,0,0,0,0,0,1,0,3,3,3,3,3,3,3,3,3,3,3,3,3,3,0.333333333333333,0,0.333333333333333,0,0.333333333333333,0,0.333333333333333,0,0,0,0,0,0.333333333333333,0.333333333333333,25276,NA,NA,2834,NA,NA,5125,NA,NA,5527,NA,NA,1648,NA,NA,NA,NA,NA,NA,NA,NA,NA,NA,NA,NA,NA,NA,NA
eEcqNuBc,structure_low,20,Male,White,Other,"<10,000",Junior high,4,4,-1,4.33333333333333,4,-1,5,1,2,3,2,2,0,2,2,3,3,3,1,3,0,2,1,4,5,9,0,8,5,12,7,7,4,11,0,10,4,3,3,3,3,3,3,3,3,3,3,3,3,3,3,1,0.666666666666667,0.666666666666667,0,0.666666666666667,0.666666666666667,1,1,1,0.333333333333333,1,0,0.666666666666667,0.333333333333333,NA,NA,NA,NA,NA,NA,NA,NA,NA,NA,NA,NA,NA,NA,NA,NA,NA,NA,NA,NA,NA,NA,NA,NA,NA,NA,NA,NA
znoHGQVc,assistant_low,24,Male,White,Private sector,"10,001-20,000",Bachelor,3.267,5,3.5,3.06666666666667,4,4.5,5,2,1,3,1,1,0,0,0,0,0,0,0,0,0,1,0,4,1,3,0,0,0,0,0,0,0,0,0,4,0,3,3,3,3,3,3,3,3,3,3,3,3,3,3,1,0.333333333333333,0.333333333333333,0,0,0,0,0,0,0,0,0,0.333333333333333,0,NA,NA,NA,NA,NA,NA,NA,NA,NA,NA,NA,NA,NA,NA,12242,NA,NA,NA,NA,NA,NA,NA,NA,NA,NA,NA,NA,NA
vhTHAYAM,structure_high,28,Female,Black,Government/Public sector,">60,000",Doctoral,2.8,4,-3,NA,NA,NA,NA,NA,NA,1,2,1,NA,NA,2,NA,NA,1,2,2,2,NA,NA,0,0,0,NA,NA,0,NA,NA,0,1,1,1,NA,NA,3,3,3,NA,NA,3,NA,NA,3,3,3,3,NA,NA,0.333333333333333,0.666666666666667,0.333333333333333,NA,NA,0.666666666666667,NA,NA,0.333333333333333,0.666666666666667,0.666666666666667,0.666666666666667,NA,NA,NA,NA,NA,NA,NA,NA,NA,NA,NA,NA,NA,NA,NA,NA,NA,NA,NA,NA,NA,NA,NA,NA,NA,NA,NA,NA,NA,NA
AojHWNhl,information_medium,23,Female,Asian,Student,NA,Senior high,3.867,4,-4.5,4.13333333333333,4,-3,5,4,4,2,0,2,2,3,1,3,0,3,0,3,0,3,0,4,0,5,4,8,2,10,0,11,0,11,0,12,0,3,3,3,3,3,3,3,3,3,3,3,3,3,3,0.666666666666667,0,0.666666666666667,0.666666666666667,1,0.333333333333333,1,0,1,0,1,0,1,0,18581,NA,NA,3223,NA,NA,9454,NA,NA,1748,NA,NA,2052,NA,NA,NA,NA,NA,NA,NA,NA,NA,NA,NA,NA,NA,NA,NA
iBuGslqN,structure_high,22,Male,White,Student,"20,001-30,000",College diploma,3.267,4,2.5,NA,NA,NA,NA,NA,NA,1,2,3,1,2,1,2,2,NA,NA,NA,3,3,3,2,2,10,0,8,2,5,3,NA,NA,NA,4,9,6,3,3,3,3,3,3,3,3,NA,NA,NA,3,3,3,0.333333333333333,0.666666666666667,1,0.333333333333333,0.666666666666667,0.333333333333333,0.666666666666667,0.666666666666667,NA,NA,NA,1,1,1,NA,NA,NA,NA,NA,NA,NA,NA,NA,NA,NA,NA,NA,NA,NA,NA,NA,NA,NA,NA,NA,NA,NA,NA,NA,NA,NA,NA
RbrHPNzH,information_high,35,Male,White,Other,"10,001-20,000",Master,3.667,4,2,3.2,4,-1,5,5,3,3,2,3,3,3,3,3,2,3,3,3,3,2,2,9,2,9,4,12,6,13,5,13,5,14,6,11,7,3,3,3,3,3,3,3,3,3,3,3,3,3,3,1,0.666666666666667,1,1,1,1,1,0.666666666666667,1,1,1,1,0.666666666666667,0.666666666666667,20011,56753,20808,16381,7261,4534,6345,4496,1159,23248,2094,846,1386,5145,NA,NA,NA,NA,NA,NA,NA,NA,NA,NA,NA,NA,NA,NA
BCHwDVjh,information_low,20,Male,White,Student,"30,001-40,000",Senior high,3.6,4,1,NA,NA,NA,NA,NA,NA,3,1,2,NA,2,1,1,0,NA,0,2,NA,1,0,5,0,8,NA,6,0,5,0,NA,0,8,NA,4,0,3,3,3,NA,3,3,3,3,NA,3,3,NA,3,3,1,0.333333333333333,0.666666666666667,NA,0.666666666666667,0.333333333333333,0.333333333333333,0,NA,0,0.666666666666667,NA,0.333333333333333,0,34151,NA,NA,NA,NA,NA,NA,NA,NA,NA,NA,NA,NA,NA,NA,NA,NA,NA,NA,NA,NA,NA,NA,NA,NA,NA,NA,NA
qtaIXjAk,assistant_high,33,Male,White,Other,NA,Senior high,4.133,3,3.5,4.4,4,2.5,3,2,4,2,2,3,2,3,0,3,1,3,1,3,1,3,1,2,1,6,0,6,0,8,0,8,0,10,0,10,2,3,3,3,3,3,3,3,3,3,3,3,3,3,3,0.666666666666667,0.666666666666667,1,0.666666666666667,1,0,1,0.333333333333333,1,0.333333333333333,1,0.333333333333333,1,0.333333333333333,NA,NA,NA,NA,NA,NA,NA,NA,NA,NA,NA,NA,NA,NA,5899,4996,12430,7977,3890,5884,3283,14659,3090,10308,2048,3384,6115,2872
jMJuFMoh,information_medium,18,Male,Asian,Student,"<10,000",Senior high,3.467,4,-2,3.33333333333333,4,2,5,3,5,2,0,1,1,1,2,1,1,1,1,1,0,1,1,2,0,1,2,1,8,1,4,2,4,2,0,2,3,3,3,3,3,3,3,3,3,3,3,3,3,3,3,0.666666666666667,0,0.333333333333333,0.333333333333333,0.333333333333333,0.666666666666667,0.333333333333333,0.333333333333333,0.333333333333333,0.333333333333333,0.333333333333333,0,0.333333333333333,0.333333333333333,16609,NA,NA,8026,NA,NA,7038,NA,NA,4221,NA,NA,2596,NA,NA,NA,NA,NA,NA,NA,NA,NA,NA,NA,NA,NA,NA,NA
pvGcAMGn,information_high,32,Male,White,Private sector,"40,001-60,000",Master,3.733,4,-1,4.13333333333333,4,6,5,4,3,1,3,0,0,0,0,0,0,0,0,0,0,0,1,1,8,0,0,0,0,0,0,0,0,0,0,0,1,3,3,3,3,3,3,3,3,3,3,3,3,3,3,0.333333333333333,1,0,0,0,0,0,0,0,0,0,0,0,0.333333333333333,34865,8386,7103,7920,3354,4443,2633,2748,2796,2863,3493,2495,3011,14043,NA,NA,NA,NA,NA,NA,NA,NA,NA,NA,NA,NA,NA,NA
nTGBBxEM,assistant_medium,50,Female,White,Private sector,"20,001-30,000",Master,3.133,4,6.5,3.13333333333333,4,2.5,7,2,5,2,1,1,2,2,0,0,3,1,0,1,1,1,0,3,1,1,7,4,0,0,5,2,0,2,4,2,0,3,3,3,3,3,3,3,3,3,3,3,3,3,3,0.666666666666667,0.333333333333333,0.333333333333333,0.666666666666667,0.666666666666667,0,0,1,0.333333333333333,0,0.333333333333333,0.333333333333333,0.333333333333333,0,NA,NA,NA,NA,NA,NA,NA,NA,NA,NA,NA,NA,NA,NA,27455,NA,NA,17001,NA,NA,7948,NA,NA,11039,NA,NA,7252,NA
eOCLmdWD,information_medium,20,Female,Asian,Student,"<10,000",Senior high,3.2,5,2.5,3.26666666666667,4,-1,5,3,3,1,1,1,0,0,0,0,0,0,0,0,0,0,0,0,0,1,0,0,0,0,0,0,0,0,0,0,0,3,3,3,3,3,3,3,3,3,3,3,3,3,3,0.333333333333333,0.333333333333333,0.333333333333333,0,0,0,0,0,0,0,0,0,0,0,26393,NA,NA,2334,NA,NA,2474,NA,NA,2622,NA,NA,2756,NA,NA,NA,NA,NA,NA,NA,NA,NA,NA,NA,NA,NA,NA,NA
CzcZBzXp,control,25,Male,Asian,Other,"<10,000",Bachelor,3,4,3,3.13333333333333,4,2.5,NA,NA,NA,0,3,3,2,2,3,3,3,2,2,2,2,3,3,0,9,8,10,8,9,10,10,10,11,11,9,11,11,3,3,3,3,3,3,3,3,3,3,3,3,3,3,0,1,1,0.666666666666667,0.666666666666667,1,1,1,0.666666666666667,0.666666666666667,0.666666666666667,0.666666666666667,1,1,NA,NA,NA,NA,NA,NA,NA,NA,NA,NA,NA,NA,NA,NA,NA,NA,NA,NA,NA,NA,NA,NA,NA,NA,NA,NA,NA,NA
NWMvzDHb,structure_medium,31,Male,Black,Government/Public sector,"40,001-60,000",Master,3.067,5,3.5,NA,NA,NA,NA,NA,NA,2,0,2,2,0,1,0,1,1,3,1,2,NA,1,1,0,4,2,0,1,0,2,1,8,1,0,NA,1,3,3,3,3,3,3,3,3,3,3,3,3,NA,3,0.666666666666667,0,0.666666666666667,0.666666666666667,0,0.333333333333333,0,0.333333333333333,0.333333333333333,1,0.333333333333333,0.666666666666667,NA,0.333333333333333,NA,NA,NA,NA,NA,NA,NA,NA,NA,NA,NA,NA,NA,NA,NA,NA,NA,NA,NA,NA,NA,NA,NA,NA,NA,NA,NA,NA
IkQSdcus,structure_medium,29,Female,Black,Government/Public sector,"10,001-20,000",Master,2.333,4,2,NA,NA,NA,NA,NA,NA,0,1,3,3,3,0,1,2,1,NA,NA,NA,NA,NA,0,0,5,3,6,0,0,2,0,NA,NA,NA,NA,NA,3,3,3,3,3,3,3,3,3,NA,NA,NA,NA,NA,0,0.333333333333333,1,1,1,0,0.333333333333333,0.666666666666667,0.333333333333333,NA,NA,NA,NA,NA,NA,NA,NA,NA,NA,NA,NA,NA,NA,NA,NA,NA,NA,NA,NA,NA,NA,NA,NA,NA,NA,NA,NA,NA,NA,NA,NA,NA
NjpGIaku,information_high,24,Female,White,Student,"<10,000",Bachelor,4.2,4,1,NA,NA,NA,NA,NA,NA,1,1,2,0,2,2,NA,3,2,2,0,1,2,3,1,1,0,0,3,1,NA,3,2,5,0,0,4,8,3,3,3,3,3,3,NA,3,3,3,3,3,3,3,0.333333333333333,0.333333333333333,0.666666666666667,0,0.666666666666667,0.666666666666667,NA,1,0.666666666666667,0.666666666666667,0,0.333333333333333,0.666666666666667,1,20917,14516,7839,2867,1197,1041,NA,1203,6706,2175,3189,871,849,2988,NA,NA,NA,NA,NA,NA,NA,NA,NA,NA,NA,NA,NA,NA
OjXvEJze,assistant_low,32,Male,White,Private sector,"<10,000",Bachelor,3.267,4,5.5,3.26666666666667,4,4,4,2,2,2,1,3,0,1,0,0,0,0,0,0,0,0,0,4,0,10,0,5,0,0,0,0,0,0,0,0,0,3,3,3,3,3,3,3,3,3,3,3,3,3,3,0.666666666666667,0.333333333333333,1,0,0.333333333333333,0,0,0,0,0,0,0,0,0,NA,NA,NA,NA,NA,NA,NA,NA,NA,NA,NA,NA,NA,NA,13387,NA,NA,NA,NA,NA,NA,NA,NA,NA,NA,NA,NA,NA
gePITDOE,structure_high,35,Male,Other,Government/Public sector,"<10,000",Doctoral,3.667,4,-2.5,3.8,4,2.5,4,3,1,2,3,2,2,3,2,2,3,2,0,1,2,1,1,4,3,3,2,5,1,3,2,3,0,0,1,1,0,3,3,3,3,3,3,3,3,3,3,3,3,3,3,0.666666666666667,1,0.666666666666667,0.666666666666667,1,0.666666666666667,0.666666666666667,1,0.666666666666667,0,0.333333333333333,0.666666666666667,0.333333333333333,0.333333333333333,NA,NA,NA,NA,NA,NA,NA,NA,NA,NA,NA,NA,NA,NA,NA,NA,NA,NA,NA,NA,NA,NA,NA,NA,NA,NA,NA,NA
KCVjdbBl,assistant_high,29,Male,White,Self-employed/Freelancer,"<10,000",Bachelor,4.067,5,10,NA,NA,NA,NA,NA,NA,0,1,1,0,1,NA,NA,NA,1,0,NA,0,1,NA,0,0,0,0,0,NA,NA,NA,0,0,NA,0,0,NA,3,3,3,3,3,NA,NA,NA,3,3,NA,3,3,NA,0,0.333333333333333,0.333333333333333,0,0.333333333333333,NA,NA,NA,0.333333333333333,0,NA,0,0.333333333333333,NA,NA,NA,NA,NA,NA,NA,NA,NA,NA,NA,NA,NA,NA,NA,44781,13956,8057,4753,6169,NA,NA,NA,9975,3166,NA,2914,4010,NA
QVIhwQQn,structure_high,42,Female,White,Self-employed/Freelancer,"<10,000",Bachelor,4,5,11,3.6,5,11.5,7,1,1,3,3,3,3,3,3,3,3,3,3,3,3,3,3,5,7,4,11,7,10,6,10,6,10,6,12,7,11,3,3,3,3,3,3,3,3,3,3,3,3,3,3,1,1,1,1,1,1,1,1,1,1,1,1,1,1,NA,NA,NA,NA,NA,NA,NA,NA,NA,NA,NA,NA,NA,NA,NA,NA,NA,NA,NA,NA,NA,NA,NA,NA,NA,NA,NA,NA
NzbEkvqK,control,37,Male,Asian,Self-employed/Freelancer,"30,001-40,000",Bachelor,2.4,4,1.5,2.73333333333333,3,4,NA,NA,NA,2,0,0,2,0,0,0,1,0,0,0,0,0,0,3,0,0,3,0,0,0,2,0,0,0,0,0,0,3,3,3,3,3,3,3,3,3,3,3,3,3,3,0.666666666666667,0,0,0.666666666666667,0,0,0,0.333333333333333,0,0,0,0,0,0,NA,NA,NA,NA,NA,NA,NA,NA,NA,NA,NA,NA,NA,NA,NA,NA,NA,NA,NA,NA,NA,NA,NA,NA,NA,NA,NA,NA
aAPDKHWw,information_high,30,Female,Black,Private sector,"30,001-40,000",Master,3.133,4,0,3.06666666666667,4,1,1,3,6,0,0,0,0,0,0,0,0,0,0,0,0,0,0,0,0,0,0,0,0,0,0,0,0,0,0,0,0,3,3,3,3,3,3,3,3,3,3,3,3,3,3,0,0,0,0,0,0,0,0,0,0,0,0,0,0,13681,5096,5668,3307,2520,2221,2008,3180,2740,2946,11949,2355,5260,8952,NA,NA,NA,NA,NA,NA,NA,NA,NA,NA,NA,NA,NA,NA
UemVhjFm,assistant_medium,36,Male,White,Private sector,"<10,000",Doctoral,3.6,4,-2,3.26666666666667,4,-3.5,2,4,4,0,1,0,0,0,0,0,0,0,0,0,0,2,0,0,0,0,0,0,0,0,0,0,0,0,0,7,0,3,3,3,3,3,3,3,3,3,3,3,3,3,3,0,0.333333333333333,0,0,0,0,0,0,0,0,0,0,0.666666666666667,0,NA,NA,NA,NA,NA,NA,NA,NA,NA,NA,NA,NA,NA,NA,10666,NA,NA,5852,NA,NA,24642,NA,NA,7394,NA,NA,9302,NA
IdzHbYBf,structure_low,20,Male,White,Student,"<10,000",Senior high,3.267,4,3.5,NA,NA,NA,NA,NA,NA,3,2,3,2,3,NA,2,2,2,3,2,3,3,NA,5,7,11,9,6,NA,9,5,10,11,10,10,11,NA,3,3,3,3,3,NA,3,3,3,3,3,3,3,NA,1,0.666666666666667,1,0.666666666666667,1,NA,0.666666666666667,0.666666666666667,0.666666666666667,1,0.666666666666667,1,1,NA,NA,NA,NA,NA,NA,NA,NA,NA,NA,NA,NA,NA,NA,NA,NA,NA,NA,NA,NA,NA,NA,NA,NA,NA,NA,NA,NA,NA
StzdlEYn,information_medium,35,Male,White,Private sector,"10,001-20,000",Master,2.867,4,5,3.26666666666667,5,3.5,6,1,2,0,0,3,0,0,1,0,1,0,0,2,0,0,0,0,0,0,0,0,1,0,1,0,0,1,0,0,0,3,3,3,3,3,3,3,3,3,3,3,3,3,3,0,0,1,0,0,0.333333333333333,0,0.333333333333333,0,0,0.666666666666667,0,0,0,29283,NA,NA,16692,NA,NA,2896,NA,NA,2272,NA,NA,5313,NA,NA,NA,NA,NA,NA,NA,NA,NA,NA,NA,NA,NA,NA,NA
hMlWZHfU,information_high,38,Female,White,Government/Public sector,"10,001-20,000",Bachelor,3.933,4,5.5,3.8,5,9.5,6,3,1,2,1,3,1,3,2,2,2,3,3,3,0,3,0,2,0,3,0,3,4,3,5,4,9,6,0,6,0,3,3,3,3,3,3,3,3,3,3,3,3,3,3,0.666666666666667,0.333333333333333,1,0.333333333333333,1,0.666666666666667,0.666666666666667,0.666666666666667,1,1,1,0,1,0,16836,13470,6736,5024,18381,4637,3913,2739,8394,2156,3246,2265,2965,18411,NA,NA,NA,NA,NA,NA,NA,NA,NA,NA,NA,NA,NA,NA
GOfgufPc,structure_high,30,Male,White,Private sector,"40,001-60,000",Master,3.467,4,-1,NA,NA,NA,NA,NA,NA,1,3,3,3,3,3,3,NA,3,3,NA,3,NA,3,0,8,8,5,9,11,10,NA,11,6,NA,9,NA,9,3,3,3,3,3,3,3,NA,3,3,NA,3,NA,3,0.333333333333333,1,1,1,1,1,1,NA,1,1,NA,1,NA,1,NA,NA,NA,NA,NA,NA,NA,NA,NA,NA,NA,NA,NA,NA,NA,NA,NA,NA,NA,NA,NA,NA,NA,NA,NA,NA,NA,NA
zoxZyaFd,assistant_high,20,Male,Asian,Student,"10,001-20,000",Bachelor,3.267,4,1,3.53333333333333,5,10,7,5,4,2,2,2,2,3,3,3,3,2,3,3,2,3,3,5,5,2,6,6,4,5,8,3,8,4,11,8,5,3,3,3,3,3,3,3,3,3,3,3,3,3,3,0.666666666666667,0.666666666666667,0.666666666666667,0.666666666666667,1,1,1,1,0.666666666666667,1,1,0.666666666666667,1,1,NA,NA,NA,NA,NA,NA,NA,NA,NA,NA,NA,NA,NA,NA,23594,4009,5257,4830,4273,10520,1888,3798,3864,4807,3340,3924,3492,4133
JIWjQwAJ,structure_low,30,Male,Black,Private sector,"20,001-30,000",Master,3.733,3,2.5,NA,NA,NA,NA,NA,NA,3,2,NA,0,0,0,0,NA,0,0,NA,0,0,0,3,0,NA,0,0,0,0,NA,0,0,NA,0,0,0,3,3,NA,3,3,3,3,NA,3,3,NA,3,3,3,1,0.666666666666667,NA,0,0,0,0,NA,0,0,NA,0,0,0,NA,NA,NA,NA,NA,NA,NA,NA,NA,NA,NA,NA,NA,NA,NA,NA,NA,NA,NA,NA,NA,NA,NA,NA,NA,NA,NA,NA
PQieWrJt,information_medium,32,Male,White,Private sector,"30,001-40,000",Bachelor,2.733,4,2.5,3.2,3,5.5,3,2,2,1,0,0,3,0,3,0,3,0,3,0,3,0,3,0,0,0,11,0,11,0,9,0,11,0,9,0,11,3,3,3,3,3,3,3,3,3,3,3,3,3,3,0.333333333333333,0,0,1,0,1,0,1,0,1,0,1,0,1,17355,NA,NA,25678,NA,NA,1125,NA,NA,2738,NA,NA,2349,NA,NA,NA,NA,NA,NA,NA,NA,NA,NA,NA,NA,NA,NA,NA
ryQXSzOw,information_low,25,Male,White,Self-employed/Freelancer,"30,001-40,000",Bachelor,3.933,4,3,4.13333333333333,5,5,5,3,1,3,1,3,3,0,0,1,3,0,3,3,1,2,1,7,1,9,7,0,0,3,6,0,5,11,5,7,3,3,3,3,3,3,3,3,3,3,3,3,3,3,3,1,0.333333333333333,1,1,0,0,0.333333333333333,1,0,1,1,0.333333333333333,0.666666666666667,0.333333333333333,20769,NA,NA,NA,NA,NA,NA,NA,NA,NA,NA,NA,NA,NA,NA,NA,NA,NA,NA,NA,NA,NA,NA,NA,NA,NA,NA,NA
MsPWewcZ,information_medium,30,Male,Asian,Self-employed/Freelancer,">60,000",Bachelor,3.533,4,3.5,3.6,3,2,5,5,4,3,3,1,3,3,0,3,2,3,3,3,3,3,2,5,5,3,7,4,0,5,5,10,7,9,8,10,9,3,3,3,3,3,3,3,3,3,3,3,3,3,3,1,1,0.333333333333333,1,1,0,1,0.666666666666667,1,1,1,1,1,0.666666666666667,23463,NA,NA,13035,NA,NA,6080,NA,NA,11036,NA,NA,4051,NA,NA,NA,NA,NA,NA,NA,NA,NA,NA,NA,NA,NA,NA,NA
tvXZEzxk,assistant_high,21,Male,Other,Student,NA,Senior high,2.867,3,1,3.2,3,1.5,3,5,6,0,0,0,1,0,0,1,0,0,0,0,1,0,0,0,0,0,0,0,0,0,0,0,0,0,0,0,0,3,3,3,3,3,3,3,3,3,3,3,3,3,3,0,0,0,0.333333333333333,0,0,0.333333333333333,0,0,0,0,0.333333333333333,0,0,NA,NA,NA,NA,NA,NA,NA,NA,NA,NA,NA,NA,NA,NA,23560,4254,5445,3599,3605,3352,3598,3685,3183,5284,20310,3179,3388,4906
wPqAfDQq,information_medium,18,Male,White,Student,NA,Bachelor,3.933,5,6.5,NA,NA,NA,NA,NA,NA,1,0,1,1,1,2,0,1,1,1,0,NA,NA,1,0,0,2,2,3,5,0,3,4,2,0,NA,NA,5,3,3,3,3,3,3,3,3,3,3,3,NA,NA,3,0.333333333333333,0,0.333333333333333,0.333333333333333,0.333333333333333,0.666666666666667,0,0.333333333333333,0.333333333333333,0.333333333333333,0,NA,NA,0.333333333333333,10720,NA,NA,1110,NA,NA,4216,NA,NA,1206,NA,NA,NA,NA,NA,NA,NA,NA,NA,NA,NA,NA,NA,NA,NA,NA,NA,NA
PaTNIUti,structure_high,21,Female,White,Student,NA,Bachelor,3.867,4,5,3.66666666666667,4,3.5,5,1,1,3,3,3,2,3,3,2,3,3,3,3,3,3,3,3,6,5,10,6,10,7,10,8,11,7,13,7,11,3,3,3,3,3,3,3,3,3,3,3,3,3,3,1,1,1,0.666666666666667,1,1,0.666666666666667,1,1,1,1,1,1,1,NA,NA,NA,NA,NA,NA,NA,NA,NA,NA,NA,NA,NA,NA,NA,NA,NA,NA,NA,NA,NA,NA,NA,NA,NA,NA,NA,NA
WkcQfdXj,assistant_medium,18,Female,White,Student,"<10,000",Senior high,3.133,5,4.5,NA,NA,NA,NA,NA,NA,1,1,NA,NA,NA,NA,NA,NA,NA,NA,NA,NA,NA,NA,2,1,NA,NA,NA,NA,NA,NA,NA,NA,NA,NA,NA,NA,3,3,NA,NA,NA,NA,NA,NA,NA,NA,NA,NA,NA,NA,0.333333333333333,0.333333333333333,NA,NA,NA,NA,NA,NA,NA,NA,NA,NA,NA,NA,NA,NA,NA,NA,NA,NA,NA,NA,NA,NA,NA,NA,NA,NA,16462,NA,NA,NA,NA,NA,NA,NA,NA,NA,NA,NA,NA,NA
AgROEHZO,structure_medium,22,Female,Mixed,Student,"20,001-30,000",Senior high,4.4,4,0,NA,NA,NA,NA,NA,NA,1,3,3,3,2,NA,1,2,2,NA,2,2,2,1,1,4,6,9,4,NA,2,8,5,NA,4,8,6,3,3,3,3,3,3,NA,3,3,3,NA,3,3,3,3,0.333333333333333,1,1,1,0.666666666666667,NA,0.333333333333333,0.666666666666667,0.666666666666667,NA,0.666666666666667,0.666666666666667,0.666666666666667,0.333333333333333,NA,NA,NA,NA,NA,NA,NA,NA,NA,NA,NA,NA,NA,NA,NA,NA,NA,NA,NA,NA,NA,NA,NA,NA,NA,NA,NA,NA
KMgiorfm,information_low,24,Male,White,Self-employed/Freelancer,"<10,000",Bachelor,2.933,5,9.5,4.6,5,7.5,7,2,1,3,3,3,3,3,2,3,3,3,2,2,3,2,2,3,3,3,3,2,5,5,0,6,8,6,3,3,6,3,3,3,3,3,3,3,3,3,3,3,3,3,3,1,1,1,1,1,0.666666666666667,1,1,1,0.666666666666667,0.666666666666667,1,0.666666666666667,0.666666666666667,45101,NA,NA,NA,NA,NA,NA,NA,NA,NA,NA,NA,NA,NA,NA,NA,NA,NA,NA,NA,NA,NA,NA,NA,NA,NA,NA,NA
jKTtfExz,information_high,25,Male,Other,Government/Public sector,"<10,000",Bachelor,3.333,4,3,NA,NA,NA,NA,NA,NA,3,NA,2,NA,NA,NA,NA,NA,NA,NA,3,NA,NA,1,3,NA,3,NA,NA,NA,NA,NA,NA,NA,3,NA,NA,1,3,NA,3,NA,NA,NA,NA,NA,NA,NA,3,NA,NA,3,1,NA,0.666666666666667,NA,NA,NA,NA,NA,NA,NA,1,NA,NA,0.333333333333333,7412,NA,16823,NA,NA,NA,NA,NA,NA,NA,1576,NA,NA,2573,NA,NA,NA,NA,NA,NA,NA,NA,NA,NA,NA,NA,NA,NA
kWOmyHTK,assistant_low,33,Male,White,Other,"<10,000",Junior high,3.6,3,-3,3.26666666666667,4,-2,4,5,5,3,3,2,3,3,3,2,3,3,2,3,3,2,2,7,3,5,4,9,4,9,5,8,4,7,5,9,5,3,3,3,3,3,3,3,3,3,3,3,3,3,3,1,1,0.666666666666667,1,1,1,0.666666666666667,1,1,0.666666666666667,1,1,0.666666666666667,0.666666666666667,NA,NA,NA,NA,NA,NA,NA,NA,NA,NA,NA,NA,NA,NA,19772,NA,NA,NA,NA,NA,NA,NA,NA,NA,NA,NA,NA,NA
wIAAIetz,structure_high,29,Male,White,Private sector,"20,001-30,000",Senior high,3.267,4,6,NA,NA,NA,NA,NA,NA,3,2,1,NA,1,2,NA,2,1,2,1,0,1,3,6,6,2,NA,0,9,NA,7,0,9,0,0,0,9,3,3,3,NA,3,3,NA,3,3,3,3,3,3,3,1,0.666666666666667,0.333333333333333,NA,0.333333333333333,0.666666666666667,NA,0.666666666666667,0.333333333333333,0.666666666666667,0.333333333333333,0,0.333333333333333,1,NA,NA,NA,NA,NA,NA,NA,NA,NA,NA,NA,NA,NA,NA,NA,NA,NA,NA,NA,NA,NA,NA,NA,NA,NA,NA,NA,NA
BTcmgvkj,information_low,29,Male,Black,Private sector,"10,001-20,000",Bachelor,3.667,5,10.5,NA,NA,NA,NA,NA,NA,3,NA,3,NA,NA,NA,1,3,NA,NA,NA,NA,NA,NA,6,NA,5,NA,NA,NA,2,6,NA,NA,NA,NA,NA,NA,3,NA,3,NA,NA,NA,3,3,NA,NA,NA,NA,NA,NA,1,NA,1,NA,NA,NA,0.333333333333333,1,NA,NA,NA,NA,NA,NA,17212,NA,NA,NA,NA,NA,NA,NA,NA,NA,NA,NA,NA,NA,NA,NA,NA,NA,NA,NA,NA,NA,NA,NA,NA,NA,NA,NA
UAyzUgYT,assistant_medium,31,Female,Black,Private sector,"<10,000",Bachelor,3.533,5,12.5,3.2,5,11,5,3,3,1,0,0,1,0,0,0,0,0,0,0,0,1,0,0,0,0,1,0,0,0,0,0,0,0,0,2,0,3,3,3,3,3,3,3,3,3,3,3,3,3,3,0.333333333333333,0,0,0.333333333333333,0,0,0,0,0,0,0,0,0.333333333333333,0,NA,NA,NA,NA,NA,NA,NA,NA,NA,NA,NA,NA,NA,NA,11788,NA,NA,16021,NA,NA,2540,NA,NA,2937,NA,NA,4973,NA
qcSMSlLs,assistant_high,31,Male,Black,Private sector,"<10,000",College diploma,3.067,4,9.5,3.06666666666667,5,5.5,5,5,7,2,3,2,3,2,2,2,2,2,3,2,3,2,2,1,3,2,3,9,3,8,3,9,6,10,6,9,6,3,3,3,3,3,3,3,3,3,3,3,3,3,3,0.666666666666667,1,0.666666666666667,1,0.666666666666667,0.666666666666667,0.666666666666667,0.666666666666667,0.666666666666667,1,0.666666666666667,1,0.666666666666667,0.666666666666667,NA,NA,NA,NA,NA,NA,NA,NA,NA,NA,NA,NA,NA,NA,20789,2793,2181,2870,1921,2040,2073,1979,1978,2292,1887,2269,2079,2490
eWClesTr,structure_medium,57,Male,White,Self-employed/Freelancer,"30,001-40,000",College diploma,3.533,4,0.5,NA,NA,NA,NA,NA,NA,1,1,1,NA,1,1,3,NA,NA,NA,0,NA,NA,NA,1,3,1,NA,1,2,3,NA,NA,NA,0,NA,NA,NA,3,3,3,NA,3,3,3,NA,NA,NA,3,NA,NA,NA,0.333333333333333,0.333333333333333,0.333333333333333,NA,0.333333333333333,0.333333333333333,1,NA,NA,NA,0,NA,NA,NA,NA,NA,NA,NA,NA,NA,NA,NA,NA,NA,NA,NA,NA,NA,NA,NA,NA,NA,NA,NA,NA,NA,NA,NA,NA,NA,NA,NA
nesKtsIv,assistant_medium,28,Female,Black,Self-employed/Freelancer,"10,001-20,000",Bachelor,3.067,4,4.5,NA,NA,NA,NA,NA,NA,3,3,3,3,3,0,1,0,NA,0,NA,NA,2,NA,3,1,3,2,3,0,1,0,NA,0,NA,NA,1,NA,3,3,3,3,3,3,3,3,NA,3,NA,NA,3,NA,1,1,1,1,1,0,0.333333333333333,0,NA,0,NA,NA,0.666666666666667,NA,NA,NA,NA,NA,NA,NA,NA,NA,NA,NA,NA,NA,NA,NA,2430,NA,NA,10343,NA,NA,2116,NA,NA,12677,NA,NA,5938,NA
nDyHGDtW,information_low,36,Female,Asian,Private sector,">60,000",Master,4.4,5,7.5,4.13333333333333,5,6,6,2,1,0,0,0,0,0,0,0,0,0,0,0,0,0,0,0,0,0,0,0,0,0,0,0,0,0,0,0,0,3,3,3,3,3,3,3,3,3,3,3,3,3,3,0,0,0,0,0,0,0,0,0,0,0,0,0,0,29750,NA,NA,NA,NA,NA,NA,NA,NA,NA,NA,NA,NA,NA,NA,NA,NA,NA,NA,NA,NA,NA,NA,NA,NA,NA,NA,NA
ChMyiRdH,structure_low,61,Female,White,Other,"20,001-30,000",Senior high,3.933,4,3,NA,NA,NA,NA,NA,NA,1,NA,1,1,0,0,1,1,1,0,1,0,1,1,1,NA,1,2,0,0,1,1,0,0,0,0,0,3,3,NA,3,3,3,3,3,3,3,3,3,3,3,3,0.333333333333333,NA,0.333333333333333,0.333333333333333,0,0,0.333333333333333,0.333333333333333,0.333333333333333,0,0.333333333333333,0,0.333333333333333,0.333333333333333,NA,NA,NA,NA,NA,NA,NA,NA,NA,NA,NA,NA,NA,NA,NA,NA,NA,NA,NA,NA,NA,NA,NA,NA,NA,NA,NA,NA
sfcPAzsb,structure_medium,30,Female,Black,Other,NA,Senior high,3.133,3,0,NA,NA,NA,NA,NA,NA,0,NA,NA,NA,NA,NA,NA,NA,NA,NA,NA,NA,NA,NA,0,NA,NA,NA,NA,NA,NA,NA,NA,NA,NA,NA,NA,NA,3,NA,NA,NA,NA,NA,NA,NA,NA,NA,NA,NA,NA,NA,0,NA,NA,NA,NA,NA,NA,NA,NA,NA,NA,NA,NA,NA,NA,NA,NA,NA,NA,NA,NA,NA,NA,NA,NA,NA,NA,NA,NA,NA,NA,NA,NA,NA,NA,NA,NA,NA,NA,NA,NA,NA
LEcRuCri,information_low,23,Male,White,Private sector,"20,001-30,000",Bachelor,4.067,4,3,4.26666666666667,4,6,5,2,1,2,1,2,0,2,2,3,0,3,0,2,0,3,0,3,3,10,0,11,5,12,0,17,0,11,0,17,0,3,3,3,3,3,3,3,3,3,3,3,3,3,3,0.666666666666667,0.333333333333333,0.666666666666667,0,0.666666666666667,0.666666666666667,1,0,1,0,0.666666666666667,0,1,0,15485,NA,NA,NA,NA,NA,NA,NA,NA,NA,NA,NA,NA,NA,NA,NA,NA,NA,NA,NA,NA,NA,NA,NA,NA,NA,NA,NA
LnTsHjMW,information_high,47,Male,Asian,Private sector,">60,000",Bachelor,3.867,3,4.5,NA,NA,NA,NA,NA,NA,3,NA,3,1,0,1,2,1,1,1,1,0,1,1,5,NA,3,1,0,2,5,1,2,2,3,0,3,5,3,NA,3,3,3,3,3,3,3,3,3,3,3,3,1,NA,1,0.333333333333333,0,0.333333333333333,0.666666666666667,0.333333333333333,0.333333333333333,0.333333333333333,0.333333333333333,0,0.333333333333333,0.333333333333333,21710,NA,13921,4240,22172,1700,3805,1978,1484,1431,28361,1289,2004,1201,NA,NA,NA,NA,NA,NA,NA,NA,NA,NA,NA,NA,NA,NA
pDIOaCZd,information_high,19,Male,White,Student,"<10,000",Senior high,3.333,5,4.5,3.86666666666667,5,4,6,4,3,2,1,2,0,2,0,2,1,2,2,3,2,3,2,4,3,9,0,8,0,9,4,11,7,14,7,12,7,3,3,3,3,3,3,3,3,3,3,3,3,3,3,0.666666666666667,0.333333333333333,0.666666666666667,0,0.666666666666667,0,0.666666666666667,0.333333333333333,0.666666666666667,0.666666666666667,1,0.666666666666667,1,0.666666666666667,22630,12648,3042,2567,5421,1434,2599,1705,11536,4646,2290,2715,1895,3821,NA,NA,NA,NA,NA,NA,NA,NA,NA,NA,NA,NA,NA,NA
fZeJUjfc,structure_high,29,Male,White,Government/Public sector,"20,001-30,000",Bachelor,2.6,4,0,NA,NA,NA,NA,NA,NA,1,0,0,0,1,NA,0,1,0,0,0,0,0,2,0,0,0,0,5,NA,0,2,0,0,0,0,0,6,3,3,3,3,3,NA,3,3,3,3,3,3,3,3,0.333333333333333,0,0,0,0.333333333333333,NA,0,0.333333333333333,0,0,0,0,0,0.666666666666667,NA,NA,NA,NA,NA,NA,NA,NA,NA,NA,NA,NA,NA,NA,NA,NA,NA,NA,NA,NA,NA,NA,NA,NA,NA,NA,NA,NA
RWkfMLKH,structure_medium,24,Male,Asian,Government/Public sector,"40,001-60,000",Senior high,3.067,4,7.5,NA,NA,NA,NA,NA,NA,3,2,0,0,3,3,3,2,2,NA,0,0,3,0,5,6,0,0,6,10,5,11,6,NA,0,0,5,0,3,3,3,3,3,3,3,3,3,NA,3,3,3,3,1,0.666666666666667,0,0,1,1,1,0.666666666666667,0.666666666666667,NA,0,0,1,0,NA,NA,NA,NA,NA,NA,NA,NA,NA,NA,NA,NA,NA,NA,NA,NA,NA,NA,NA,NA,NA,NA,NA,NA,NA,NA,NA,NA
iWeHKQaY,assistant_high,24,Male,Asian,Student,"10,001-20,000",Bachelor,3.533,4,5.5,3.6,5,10.5,6,5,3,3,3,3,3,3,3,3,3,3,3,3,3,3,3,7,6,12,5,7,6,15,6,10,6,14,7,15,9,3,3,3,3,3,3,3,3,3,3,3,3,3,3,1,1,1,1,1,1,1,1,1,1,1,1,1,1,NA,NA,NA,NA,NA,NA,NA,NA,NA,NA,NA,NA,NA,NA,27406,29492,3957,3858,5857,6811,3148,2175,2418,2034,6077,4611,1770,3945
NYLjgYBc,assistant_medium,31,Male,White,Private sector,">60,000",Master,3.6,4,6,NA,NA,NA,NA,NA,NA,3,1,3,0,3,0,2,0,3,0,3,0,NA,0,1,0,3,0,5,0,3,0,4,0,5,0,NA,0,3,3,3,3,3,3,3,3,3,3,3,3,NA,3,1,0.333333333333333,1,0,1,0,0.666666666666667,0,1,0,1,0,NA,0,NA,NA,NA,NA,NA,NA,NA,NA,NA,NA,NA,NA,NA,NA,5073,NA,NA,2688,NA,NA,4022,NA,NA,4932,NA,NA,NA,NA
bitTWiiq,assistant_high,28,Female,White,Self-employed/Freelancer,"<10,000",Bachelor,4.533,5,12,4.6,5,12,7,3,1,1,2,3,0,2,1,3,1,3,0,3,0,3,1,1,0,6,0,4,0,6,0,8,0,8,0,9,0,3,3,3,3,3,3,3,3,3,3,3,3,3,3,0.333333333333333,0.666666666666667,1,0,0.666666666666667,0.333333333333333,1,0.333333333333333,1,0,1,0,1,0.333333333333333,NA,NA,NA,NA,NA,NA,NA,NA,NA,NA,NA,NA,NA,NA,22547,7394,2554,1525,8334,8430,2123,9645,1553,4242,2774,16756,2752,2945
drKXrcOl,information_medium,24,Male,White,Private sector,">60,000",Senior high,2.733,4,6,NA,NA,NA,NA,NA,NA,0,0,0,0,0,0,0,0,0,0,0,0,NA,0,0,0,0,0,0,0,0,0,0,0,0,0,NA,0,3,3,3,3,3,3,3,3,3,3,3,3,NA,3,0,0,0,0,0,0,0,0,0,0,0,0,NA,0,32837,NA,NA,1620,NA,NA,11779,NA,NA,5058,NA,NA,NA,NA,NA,NA,NA,NA,NA,NA,NA,NA,NA,NA,NA,NA,NA,NA
HlQdkzGA,control,19,Male,White,Student,"<10,000",Senior high,3.267,3,-2.5,3.46666666666667,4,4.5,NA,NA,NA,0,0,0,0,0,1,0,0,0,1,0,0,1,0,0,0,0,0,0,3,0,0,0,4,0,0,3,0,3,3,3,3,3,3,3,3,3,3,3,3,3,3,0,0,0,0,0,0.333333333333333,0,0,0,0.333333333333333,0,0,0.333333333333333,0,NA,NA,NA,NA,NA,NA,NA,NA,NA,NA,NA,NA,NA,NA,NA,NA,NA,NA,NA,NA,NA,NA,NA,NA,NA,NA,NA,NA
ZMggnbUR,assistant_medium,27,Male,White,Self-employed/Freelancer,"10,001-20,000",Bachelor,4.133,3,2.5,3.8,4,-2.5,7,1,1,3,1,2,1,1,1,1,1,1,1,1,1,1,1,3,2,6,4,3,3,3,4,3,4,3,5,3,4,3,3,3,3,3,3,3,3,3,3,3,3,3,3,1,0.333333333333333,0.666666666666667,0.333333333333333,0.333333333333333,0.333333333333333,0.333333333333333,0.333333333333333,0.333333333333333,0.333333333333333,0.333333333333333,0.333333333333333,0.333333333333333,0.333333333333333,NA,NA,NA,NA,NA,NA,NA,NA,NA,NA,NA,NA,NA,NA,267,NA,NA,823,NA,NA,2692,NA,NA,2019,NA,NA,2459,NA
nnMogOoB,information_high,32,Female,White,Government/Public sector,">60,000",Doctoral,3.067,4,0,NA,NA,NA,NA,NA,NA,2,NA,NA,NA,NA,NA,NA,NA,NA,3,2,2,0,NA,1,NA,NA,NA,NA,NA,NA,NA,NA,1,3,3,0,NA,3,NA,NA,NA,NA,NA,NA,NA,NA,3,3,3,3,NA,0.666666666666667,NA,NA,NA,NA,NA,NA,NA,NA,1,0.666666666666667,0.666666666666667,0,NA,237708,NA,NA,NA,NA,NA,NA,NA,NA,22091,49057,5712,1781,NA,NA,NA,NA,NA,NA,NA,NA,NA,NA,NA,NA,NA,NA,NA
mVKbMNXm,assistant_low,24,Male,Black,Student,"20,001-30,000",College diploma,2.8,4,3,NA,NA,NA,NA,NA,NA,3,NA,3,2,2,NA,1,1,1,2,2,2,0,1,2,NA,5,7,3,NA,2,5,4,8,5,8,0,1,3,NA,3,3,3,NA,3,3,3,3,3,3,3,3,1,NA,1,0.666666666666667,0.666666666666667,NA,0.333333333333333,0.333333333333333,0.333333333333333,0.666666666666667,0.666666666666667,0.666666666666667,0,0.333333333333333,NA,NA,NA,NA,NA,NA,NA,NA,NA,NA,NA,NA,NA,NA,5331,NA,NA,NA,NA,NA,NA,NA,NA,NA,NA,NA,NA,NA
ouEiCTnq,control,24,Female,Black,Private sector,">60,000",Bachelor,3.2,5,3.5,3.4,5,11,NA,NA,NA,2,1,2,1,2,2,2,2,2,2,2,2,2,2,0,0,0,2,2,5,2,3,2,8,1,6,3,4,3,3,3,3,3,3,3,3,3,3,3,3,3,3,0.666666666666667,0.333333333333333,0.666666666666667,0.333333333333333,0.666666666666667,0.666666666666667,0.666666666666667,0.666666666666667,0.666666666666667,0.666666666666667,0.666666666666667,0.666666666666667,0.666666666666667,0.666666666666667,NA,NA,NA,NA,NA,NA,NA,NA,NA,NA,NA,NA,NA,NA,NA,NA,NA,NA,NA,NA,NA,NA,NA,NA,NA,NA,NA,NA
jwTLksiW,structure_low,47,Male,White,Self-employed/Freelancer,NA,Master,4.267,4,4,4.33333333333333,5,5,7,4,4,2,1,2,2,1,1,1,1,0,0,1,1,0,2,2,4,4,4,1,2,3,2,0,0,3,2,0,3,3,3,3,3,3,3,3,3,3,3,3,3,3,3,0.666666666666667,0.333333333333333,0.666666666666667,0.666666666666667,0.333333333333333,0.333333333333333,0.333333333333333,0.333333333333333,0,0,0.333333333333333,0.333333333333333,0,0.666666666666667,NA,NA,NA,NA,NA,NA,NA,NA,NA,NA,NA,NA,NA,NA,NA,NA,NA,NA,NA,NA,NA,NA,NA,NA,NA,NA,NA,NA
uEXZxQBC,structure_high,32,Male,Black,Private sector,"10,001-20,000",Bachelor,3.733,4,3,3.8,4,2.5,5,2,4,1,2,3,3,2,3,1,3,2,3,1,3,2,3,2,3,5,3,4,3,4,3,5,3,3,6,3,5,3,3,3,3,3,3,3,3,3,3,3,3,3,3,0.333333333333333,0.666666666666667,1,1,0.666666666666667,1,0.333333333333333,1,0.666666666666667,1,0.333333333333333,1,0.666666666666667,1,NA,NA,NA,NA,NA,NA,NA,NA,NA,NA,NA,NA,NA,NA,NA,NA,NA,NA,NA,NA,NA,NA,NA,NA,NA,NA,NA,NA
mjiCaJwr,information_low,20,Male,White,Student,"10,001-20,000",Senior high,4,5,0.5,3.73333333333333,5,3,3,4,5,0,0,0,0,0,0,0,0,0,0,0,0,0,0,0,0,0,0,0,0,0,0,0,0,0,0,0,0,3,3,3,3,3,3,3,3,3,3,3,3,3,3,0,0,0,0,0,0,0,0,0,0,0,0,0,0,14892,NA,NA,NA,NA,NA,NA,NA,NA,NA,NA,NA,NA,NA,NA,NA,NA,NA,NA,NA,NA,NA,NA,NA,NA,NA,NA,NA
ltliQDLF,information_high,55,Male,White,Private sector,"40,001-60,000",Master,3,3,0,3.06666666666667,3,3,4,5,6,3,0,3,0,2,0,3,0,0,0,0,0,0,0,1,0,4,0,3,0,2,0,0,0,0,0,0,0,3,3,3,3,3,3,3,3,3,3,3,3,3,3,1,0,1,0,0.666666666666667,0,1,0,0,0,0,0,0,0,57744,4417,18498,3795,2857,2786,2720,3470,2666,2992,5419,2703,8135,5350,NA,NA,NA,NA,NA,NA,NA,NA,NA,NA,NA,NA,NA,NA
wsuiMKPh,structure_low,28,Male,White,Government/Public sector,"30,001-40,000",Master,3.667,4,3,NA,NA,NA,NA,NA,NA,3,3,3,3,2,3,2,3,3,NA,NA,NA,NA,NA,5,4,10,9,5,8,9,9,12,NA,NA,NA,NA,NA,3,3,3,3,3,3,3,3,3,NA,NA,NA,NA,NA,1,1,1,1,0.666666666666667,1,0.666666666666667,1,1,NA,NA,NA,NA,NA,NA,NA,NA,NA,NA,NA,NA,NA,NA,NA,NA,NA,NA,NA,NA,NA,NA,NA,NA,NA,NA,NA,NA,NA,NA,NA,NA,NA
PwcBMKfK,assistant_medium,24,Male,Asian,Self-employed/Freelancer,"10,001-20,000",Bachelor,4.733,5,5,NA,NA,NA,NA,NA,NA,3,NA,3,3,1,2,3,3,2,2,2,2,2,2,8,NA,10,7,5,9,11,10,11,10,10,9,10,10,3,NA,3,3,3,3,3,3,3,3,3,3,3,3,1,NA,1,1,0.333333333333333,0.666666666666667,1,1,0.666666666666667,0.666666666666667,0.666666666666667,0.666666666666667,0.666666666666667,0.666666666666667,NA,NA,NA,NA,NA,NA,NA,NA,NA,NA,NA,NA,NA,NA,19346,NA,NA,4944,NA,NA,7798,NA,NA,3948,NA,NA,2178,NA
JEREcKPC,structure_medium,25,Male,White,Self-employed/Freelancer,"20,001-30,000",Senior high,3.4,4,6,NA,NA,NA,NA,NA,NA,0,NA,0,3,1,0,2,0,0,NA,NA,NA,1,0,0,NA,0,13,5,0,9,0,0,NA,NA,NA,4,0,3,NA,3,3,3,3,3,3,3,NA,NA,NA,3,3,0,NA,0,1,0.333333333333333,0,0.666666666666667,0,0,NA,NA,NA,0.333333333333333,0,NA,NA,NA,NA,NA,NA,NA,NA,NA,NA,NA,NA,NA,NA,NA,NA,NA,NA,NA,NA,NA,NA,NA,NA,NA,NA,NA,NA
bJvDOhJz,control,28,Male,White,Private sector,">60,000",Bachelor,4.4,4,1,NA,NA,NA,NA,NA,NA,0,1,0,NA,NA,NA,NA,NA,NA,NA,NA,NA,NA,NA,0,4,0,NA,NA,NA,NA,NA,NA,NA,NA,NA,NA,NA,3,3,3,NA,NA,NA,NA,NA,NA,NA,NA,NA,NA,NA,0,0.333333333333333,0,NA,NA,NA,NA,NA,NA,NA,NA,NA,NA,NA,NA,NA,NA,NA,NA,NA,NA,NA,NA,NA,NA,NA,NA,NA,NA,NA,NA,NA,NA,NA,NA,NA,NA,NA,NA,NA,NA,NA
BPNMQGLU,control,23,Male,White,Government/Public sector,"20,001-30,000",College diploma,3.867,5,6,NA,NA,NA,NA,NA,NA,0,0,NA,NA,NA,NA,NA,NA,NA,NA,NA,NA,NA,NA,0,0,NA,NA,NA,NA,NA,NA,NA,NA,NA,NA,NA,NA,3,3,NA,NA,NA,NA,NA,NA,NA,NA,NA,NA,NA,NA,0,0,NA,NA,NA,NA,NA,NA,NA,NA,NA,NA,NA,NA,NA,NA,NA,NA,NA,NA,NA,NA,NA,NA,NA,NA,NA,NA,NA,NA,NA,NA,NA,NA,NA,NA,NA,NA,NA,NA,NA,NA
FGgqiOTb,structure_low,23,Female,Black,Self-employed/Freelancer,"<10,000",Bachelor,4.133,4,-0.5,3.93333333333333,3,-1,3,3,2,1,1,0,0,0,0,0,0,0,0,0,0,0,0,1,2,0,0,0,0,0,0,0,0,0,0,0,0,3,3,3,3,3,3,3,3,3,3,3,3,3,3,0.333333333333333,0.333333333333333,0,0,0,0,0,0,0,0,0,0,0,0,NA,NA,NA,NA,NA,NA,NA,NA,NA,NA,NA,NA,NA,NA,NA,NA,NA,NA,NA,NA,NA,NA,NA,NA,NA,NA,NA,NA
HgLOSmMO,structure_low,53,Female,White,Self-employed/Freelancer,"20,001-30,000",Bachelor,4,4,4.5,NA,NA,NA,NA,NA,NA,3,3,2,2,2,1,0,2,0,1,NA,NA,NA,1,1,5,3,6,8,5,0,5,0,4,NA,NA,NA,4,3,3,3,3,3,3,3,3,3,3,NA,NA,NA,3,1,1,0.666666666666667,0.666666666666667,0.666666666666667,0.333333333333333,0,0.666666666666667,0,0.333333333333333,NA,NA,NA,0.333333333333333,NA,NA,NA,NA,NA,NA,NA,NA,NA,NA,NA,NA,NA,NA,NA,NA,NA,NA,NA,NA,NA,NA,NA,NA,NA,NA,NA,NA
ioIAjNOM,assistant_medium,19,Male,White,Student,"10,001-20,000",Senior high,3.733,5,5,NA,NA,NA,NA,NA,NA,1,NA,1,2,NA,NA,0,1,1,NA,NA,NA,NA,NA,5,NA,4,5,NA,NA,0,5,4,NA,NA,NA,NA,NA,3,NA,3,3,NA,NA,3,3,3,NA,NA,NA,NA,NA,0.333333333333333,NA,0.333333333333333,0.666666666666667,NA,NA,0,0.333333333333333,0.333333333333333,NA,NA,NA,NA,NA,NA,NA,NA,NA,NA,NA,NA,NA,NA,NA,NA,NA,NA,NA,12030,NA,NA,12500,NA,NA,3646,NA,NA,NA,NA,NA,NA,NA
EeKydlUs,information_high,52,Female,Mixed,Self-employed/Freelancer,NA,Master,3.333,4,2,NA,NA,NA,NA,NA,NA,2,NA,NA,NA,NA,NA,NA,NA,NA,NA,NA,NA,NA,NA,2,NA,NA,NA,NA,NA,NA,NA,NA,NA,NA,NA,NA,NA,3,NA,NA,NA,NA,NA,NA,NA,NA,NA,NA,NA,NA,NA,0.666666666666667,NA,NA,NA,NA,NA,NA,NA,NA,NA,NA,NA,NA,NA,23160,NA,NA,NA,NA,NA,NA,NA,NA,NA,NA,NA,NA,NA,NA,NA,NA,NA,NA,NA,NA,NA,NA,NA,NA,NA,NA,NA
ipEIGYwf,information_high,50,Female,White,Self-employed/Freelancer,">60,000",Doctoral,3.067,4,2,NA,NA,NA,NA,NA,NA,0,NA,0,0,NA,NA,NA,NA,NA,NA,NA,NA,NA,NA,0,NA,0,0,NA,NA,NA,NA,NA,NA,NA,NA,NA,NA,3,NA,3,3,NA,NA,NA,NA,NA,NA,NA,NA,NA,NA,0,NA,0,0,NA,NA,NA,NA,NA,NA,NA,NA,NA,NA,7733,NA,22035,7912,NA,NA,NA,NA,NA,NA,NA,NA,NA,NA,NA,NA,NA,NA,NA,NA,NA,NA,NA,NA,NA,NA,NA,NA
utPQiCBZ,information_high,30,Male,Black,Private sector,"10,001-20,000",Bachelor,3.133,3,-0.5,3.33333333333333,4,-1,6,4,4,0,0,0,0,0,0,1,0,0,0,0,0,0,0,0,0,0,0,0,0,0,0,0,0,0,0,0,0,3,3,3,3,3,3,3,3,3,3,3,3,3,3,0,0,0,0,0,0,0.333333333333333,0,0,0,0,0,0,0,10632,2272,9390,2626,2565,2207,8325,2532,18029,1814,2110,6062,1614,3247,NA,NA,NA,NA,NA,NA,NA,NA,NA,NA,NA,NA,NA,NA
KqGGuXzx,structure_high,25,Male,Asian,Private sector,">60,000",Bachelor,3.267,3,1.5,NA,NA,NA,NA,NA,NA,3,NA,NA,NA,NA,NA,NA,NA,NA,NA,NA,NA,NA,NA,3,NA,NA,NA,NA,NA,NA,NA,NA,NA,NA,NA,NA,NA,3,NA,NA,NA,NA,NA,NA,NA,NA,NA,NA,NA,NA,NA,1,NA,NA,NA,NA,NA,NA,NA,NA,NA,NA,NA,NA,NA,NA,NA,NA,NA,NA,NA,NA,NA,NA,NA,NA,NA,NA,NA,NA,NA,NA,NA,NA,NA,NA,NA,NA,NA,NA,NA,NA,NA
YdGAnddo,information_low,30,Female,Other,Private sector,"40,001-60,000",Bachelor,4,5,9.5,NA,NA,NA,NA,NA,NA,2,NA,NA,1,NA,2,2,2,2,NA,2,2,2,2,5,NA,NA,1,NA,5,4,9,4,NA,5,8,6,10,3,NA,NA,3,NA,3,3,3,3,NA,3,3,3,3,0.666666666666667,NA,NA,0.333333333333333,NA,0.666666666666667,0.666666666666667,0.666666666666667,0.666666666666667,NA,0.666666666666667,0.666666666666667,0.666666666666667,0.666666666666667,18441,NA,NA,NA,NA,NA,NA,NA,NA,NA,NA,NA,NA,NA,NA,NA,NA,NA,NA,NA,NA,NA,NA,NA,NA,NA,NA,NA
kOYiSsQX,control,39,Male,White,Other,"10,001-20,000",College diploma,3.333,4,-0.5,NA,NA,NA,NA,NA,NA,1,1,2,2,2,2,2,2,NA,NA,NA,NA,NA,NA,4,5,8,3,9,4,9,6,NA,NA,NA,NA,NA,NA,3,3,3,3,3,3,3,3,NA,NA,NA,NA,NA,NA,0.333333333333333,0.333333333333333,0.666666666666667,0.666666666666667,0.666666666666667,0.666666666666667,0.666666666666667,0.666666666666667,NA,NA,NA,NA,NA,NA,NA,NA,NA,NA,NA,NA,NA,NA,NA,NA,NA,NA,NA,NA,NA,NA,NA,NA,NA,NA,NA,NA,NA,NA,NA,NA,NA,NA
suubDClU,structure_low,41,Male,White,Private sector,">60,000",Bachelor,4.267,5,11.5,NA,NA,NA,NA,NA,NA,2,3,NA,2,NA,NA,NA,NA,1,NA,0,0,NA,NA,6,3,NA,4,NA,NA,NA,NA,1,NA,0,0,NA,NA,3,3,NA,3,NA,NA,NA,NA,3,NA,3,3,NA,NA,0.666666666666667,1,NA,0.666666666666667,NA,NA,NA,NA,0.333333333333333,NA,0,0,NA,NA,NA,NA,NA,NA,NA,NA,NA,NA,NA,NA,NA,NA,NA,NA,NA,NA,NA,NA,NA,NA,NA,NA,NA,NA,NA,NA,NA,NA
YhPYEGSX,assistant_low,26,Male,Mixed,Government/Public sector,">60,000",Bachelor,3,4,1,NA,NA,NA,NA,NA,NA,2,2,3,2,2,1,2,1,1,1,0,0,NA,1,4,8,3,5,7,4,9,4,5,4,0,0,NA,5,3,3,3,3,3,3,3,3,3,3,3,3,NA,3,0.666666666666667,0.666666666666667,1,0.666666666666667,0.666666666666667,0.333333333333333,0.666666666666667,0.333333333333333,0.333333333333333,0.333333333333333,0,0,NA,0.333333333333333,NA,NA,NA,NA,NA,NA,NA,NA,NA,NA,NA,NA,NA,NA,11494,NA,NA,NA,NA,NA,NA,NA,NA,NA,NA,NA,NA,NA
