ID,group,nudgeType,nudgeIntensity,Age,Sex,ethnicity,occupation,income,education,envAttitude_pre,envSelfEfficacy_pre,envMotivation_pre,eco_choices_day1,eco_choices_day2,eco_choices_day3,eco_choices_day4,eco_choices_day5,eco_choices_day6,eco_choices_day7,eco_choices_day8,eco_choices_day9,eco_choices_day10,eco_choices_day11,eco_choices_day12,eco_choices_day13,eco_choices_day14,eco_share_day1,eco_share_day2,eco_share_day3,eco_share_day4,eco_share_day5,eco_share_day6,eco_share_day7,eco_share_day8,eco_share_day9,eco_share_day10,eco_share_day11,eco_share_day12,eco_share_day13,eco_share_day14
1,assistant_high,assistant,high,23,Female,Asian,3,3,5,2.867,3,0.5,3,3,3,3,3,3,3,3,3,3,3,3,3,3,1.0,1.0,1.0,1.0,1.0,1.0,1.0,1.0,1.0,1.0,1.0,1.0,1.0,1.0
2,assistant_high,assistant,high,32,Male,Mixed,5,1,5,3.933,4,0.5,3,3,3,3,3,3,3,3,3,3,3,3,3,3,1.0,1.0,1.0,1.0,1.0,1.0,1.0,1.0,1.0,1.0,1.0,1.0,1.0,1.0
3,assistant_high,assistant,high,35,Male,Black,4,2,4,2.467,5,7.0,3,3,3,3,3,3,3,3,3,3,3,3,3,3,1.0,1.0,1.0,1.0,1.0,1.0,1.0,1.0,1.0,1.0,1.0,1.0,1.0,1.0
4,assistant_high,assistant,high,33,Male,White,3,4,6,3.4,4,1.0,3,3,3,3,3,3,3,3,3,3,3,3,3,3,1.0,1.0,1.0,1.0,1.0,1.0,1.0,1.0,1.0,1.0,1.0,1.0,1.0,1.0
5,assistant_high,assistant,high,37,Male,White,3,3,5,3.533,5,7.0,3,3,3,3,3,3,3,3,3,3,3,3,3,3,1.0,1.0,1.0,1.0,1.0,1.0,1.0,1.0,1.0,1.0,1.0,1.0,1.0,1.0
6,assistant_high,assistant,high,34,Male,Mixed,3,3,6,4.133,4,0.5,3,3,3,3,3,3,3,3,3,3,3,3,3,3,1.0,1.0,1.0,1.0,1.0,1.0,1.0,1.0,1.0,1.0,1.0,1.0,1.0,1.0
7,assistant_high,assistant,high,25,Male,White,4,3,3,3.4,4,6.0,3,3,3,3,3,3,3,3,3,3,3,3,3,3,1.0,1.0,1.0,1.0,1.0,1.0,1.0,1.0,1.0,1.0,1.0,1.0,1.0,1.0
8,assistant_high,assistant,high,29,Male,White,2,3,4,4.0,5,10.0,3,3,3,3,3,3,3,3,3,3,3,3,3,3,1.0,1.0,1.0,1.0,1.0,1.0,1.0,1.0,1.0,1.0,1.0,1.0,1.0,1.0
9,assistant_high,assistant,high,60,Female,Black,2,6,7,4.533,4,5.0,3,3,3,3,3,3,3,3,3,3,3,3,3,3,1.0,1.0,1.0,1.0,1.0,1.0,1.0,1.0,1.0,1.0,1.0,1.0,1.0,1.0
10,assistant_high,assistant,high,23,Male,Other,4,4,5,3.2,4,-4.5,3,2,2,3,3,3,3,3,3,3,3,3,3,3,1.0,0.6666666666666666,0.6666666666666666,1.0,1.0,1.0,1.0,1.0,1.0,1.0,1.0,1.0,1.0,1.0
11,assistant_high,assistant,high,36,Male,White,5,1,3,2.2,3,3.0,3,3,3,3,3,3,3,3,3,3,3,3,3,3,1.0,1.0,1.0,1.0,1.0,1.0,1.0,1.0,1.0,1.0,1.0,1.0,1.0,1.0
12,assistant_high,assistant,high,28,Male,Black,3,1,5,3.267,4,0.5,2,3,3,3,2,2,3,3,3,3,3,3,3,3,0.6666666666666666,1.0,1.0,1.0,0.6666666666666666,0.6666666666666666,1.0,1.0,1.0,1.0,1.0,1.0,1.0,1.0
13,assistant_high,assistant,high,23,Female,Black,2,3,5,3.067,4,0.0,3,3,3,3,3,3,3,3,3,3,3,3,3,3,1.0,1.0,1.0,1.0,1.0,1.0,1.0,1.0,1.0,1.0,1.0,1.0,1.0,1.0
14,assistant_high,assistant,high,27,Male,White,3,5,5,2.8,4,9.0,3,3,3,3,3,3,3,3,3,3,3,3,3,3,1.0,1.0,1.0,1.0,1.0,1.0,1.0,1.0,1.0,1.0,1.0,1.0,1.0,1.0
15,assistant_high,assistant,high,21,Male,White,5,1,3,3.267,4,2.0,3,3,3,3,3,3,3,3,3,3,3,3,3,3,1.0,1.0,1.0,1.0,1.0,1.0,1.0,1.0,1.0,1.0,1.0,1.0,1.0,1.0
16,assistant_high,assistant,high,34,Female,Black,3,4,5,3.4,4,4.0,3,3,3,3,3,3,3,3,3,3,3,3,3,3,1.0,1.0,1.0,1.0,1.0,1.0,1.0,1.0,1.0,1.0,1.0,1.0,1.0,1.0
17,assistant_high,assistant,high,26,Male,Mixed,2,2,5,3.067,4,-2.5,3,3,3,3,3,3,3,3,3,3,3,3,3,3,1.0,1.0,1.0,1.0,1.0,1.0,1.0,1.0,1.0,1.0,1.0,1.0,1.0,1.0
18,assistant_high,assistant,high,25,Female,Black,2,5,5,4.267,5,6.0,3,3,3,3,3,3,3,3,3,3,3,3,3,3,1.0,1.0,1.0,1.0,1.0,1.0,1.0,1.0,1.0,1.0,1.0,1.0,1.0,1.0
19,assistant_high,assistant,high,43,Female,White,3,2,5,3.0,3,-5.0,3,3,3,3,3,3,3,3,3,3,3,3,3,3,1.0,1.0,1.0,1.0,1.0,1.0,1.0,1.0,1.0,1.0,1.0,1.0,1.0,1.0
20,assistant_high,assistant,high,30,Female,Mixed,4,1,3,2.933,5,12.0,3,3,3,3,3,3,3,3,3,3,3,3,3,3,1.0,1.0,1.0,1.0,1.0,1.0,1.0,1.0,1.0,1.0,1.0,1.0,1.0,1.0
21,assistant_high,assistant,high,33,Male,White,5,1,2,3.6,3,-3.0,3,3,3,3,3,3,3,3,3,3,3,3,3,3,1.0,1.0,1.0,1.0,1.0,1.0,1.0,1.0,1.0,1.0,1.0,1.0,1.0,1.0
22,assistant_high,assistant,high,47,Male,Asian,4,3,4,2.667,4,2.5,3,3,3,3,3,3,3,3,3,3,3,3,3,3,1.0,1.0,1.0,1.0,1.0,1.0,1.0,1.0,1.0,1.0,1.0,1.0,1.0,1.0
23,assistant_high,assistant,high,21,Male,Asian,1,1,5,3.467,4,3.0,3,3,3,3,3,3,3,3,3,3,3,3,3,3,1.0,1.0,1.0,1.0,1.0,1.0,1.0,1.0,1.0,1.0,1.0,1.0,1.0,1.0
24,assistant_high,assistant,high,31,Male,Black,3,6,6,3.2,5,9.0,3,3,3,3,3,3,3,3,3,3,3,3,3,3,1.0,1.0,1.0,1.0,1.0,1.0,1.0,1.0,1.0,1.0,1.0,1.0,1.0,1.0
25,assistant_high,assistant,high,34,Male,White,2,6,5,4.267,5,12.0,3,3,3,3,3,3,3,3,3,3,3,3,3,3,1.0,1.0,1.0,1.0,1.0,1.0,1.0,1.0,1.0,1.0,1.0,1.0,1.0,1.0
26,assistant_high,assistant,high,44,Female,White,3,3,4,3.533,4,-6.5,3,3,3,3,3,3,3,3,3,3,3,3,3,3,1.0,1.0,1.0,1.0,1.0,1.0,1.0,1.0,1.0,1.0,1.0,1.0,1.0,1.0
27,assistant_high,assistant,high,26,Male,Asian,4,1,5,4.133,5,4.5,3,3,3,3,3,3,3,3,3,3,3,3,3,3,1.0,1.0,1.0,1.0,1.0,1.0,1.0,1.0,1.0,1.0,1.0,1.0,1.0,1.0
28,assistant_high,assistant,high,25,Female,Black,2,1,5,3.867,5,9.0,3,3,3,3,3,3,3,3,3,3,3,3,3,3,1.0,1.0,1.0,1.0,1.0,1.0,1.0,1.0,1.0,1.0,1.0,1.0,1.0,1.0
29,assistant_high,assistant,high,21,Male,Asian,1,1,5,3.467,4,3.0,2,3,3,3,3,3,3,3,3,3,3,3,3,3,0.6666666666666666,1.0,1.0,1.0,1.0,1.0,1.0,1.0,1.0,1.0,1.0,1.0,1.0,1.0
30,assistant_high,assistant,high,20,Male,Asian,3,1,5,3.867,4,2.0,3,3,3,3,3,3,3,3,3,3,3,3,3,3,1.0,1.0,1.0,1.0,1.0,1.0,1.0,1.0,1.0,1.0,1.0,1.0,1.0,1.0
31,assistant_high,assistant,high,32,Male,Black,3,3,3,3.267,4,3.0,3,3,3,3,3,3,3,3,3,3,3,3,3,3,1.0,1.0,1.0,1.0,1.0,1.0,1.0,1.0,1.0,1.0,1.0,1.0,1.0,1.0
32,assistant_high,assistant,high,26,Male,Black,2,5,5,3.067,5,8.0,3,3,3,3,3,3,3,3,3,3,3,3,3,3,1.0,1.0,1.0,1.0,1.0,1.0,1.0,1.0,1.0,1.0,1.0,1.0,1.0,1.0
33,assistant_high,assistant,high,29,Female,Black,3,6,6,4.133,5,3.5,3,3,3,3,3,3,3,3,3,3,3,3,3,3,1.0,1.0,1.0,1.0,1.0,1.0,1.0,1.0,1.0,1.0,1.0,1.0,1.0,1.0
34,assistant_high,assistant,high,49,Male,White,2,4,5,3.867,4,6.0,3,3,3,3,3,3,3,3,3,3,3,3,3,3,1.0,1.0,1.0,1.0,1.0,1.0,1.0,1.0,1.0,1.0,1.0,1.0,1.0,1.0
35,assistant_high,assistant,high,50,Male,White,2,2,5,3.6,4,3.0,3,3,3,3,3,3,3,3,3,3,3,3,3,3,1.0,1.0,1.0,1.0,1.0,1.0,1.0,1.0,1.0,1.0,1.0,1.0,1.0,1.0
36,assistant_high,assistant,high,48,Female,White,4,2,6,3.4,4,7.5,3,3,3,3,3,3,3,3,3,3,3,3,3,3,1.0,1.0,1.0,1.0,1.0,1.0,1.0,1.0,1.0,1.0,1.0,1.0,1.0,1.0
37,assistant_high,assistant,high,31,Male,Black,3,4,6,2.867,4,3.5,3,3,3,3,3,3,3,3,3,3,3,3,3,3,1.0,1.0,1.0,1.0,1.0,1.0,1.0,1.0,1.0,1.0,1.0,1.0,1.0,1.0
38,assistant_high,assistant,high,41,Male,Black,3,6,5,2.4,5,2.5,3,3,3,3,3,3,3,3,3,3,3,3,3,3,1.0,1.0,1.0,1.0,1.0,1.0,1.0,1.0,1.0,1.0,1.0,1.0,1.0,1.0
39,assistant_high,assistant,high,37,Male,Black,2,6,6,3.333,4,1.5,3,3,3,3,3,3,3,3,3,3,3,3,3,3,1.0,1.0,1.0,1.0,1.0,1.0,1.0,1.0,1.0,1.0,1.0,1.0,1.0,1.0
40,assistant_high,assistant,high,28,Male,Black,4,1,4,3.6,5,10.5,3,3,3,3,3,3,3,3,3,3,3,3,3,3,1.0,1.0,1.0,1.0,1.0,1.0,1.0,1.0,1.0,1.0,1.0,1.0,1.0,1.0
41,assistant_high,assistant,high,22,Male,Black,4,1,5,3.4,5,4.5,2,2,3,3,3,3,3,3,3,3,3,3,3,3,0.6666666666666666,0.6666666666666666,1.0,1.0,1.0,1.0,1.0,1.0,1.0,1.0,1.0,1.0,1.0,1.0
42,assistant_high,assistant,high,47,Female,White,4,6,3,4.533,4,7.0,3,3,3,3,3,3,3,3,3,3,3,3,3,3,1.0,1.0,1.0,1.0,1.0,1.0,1.0,1.0,1.0,1.0,1.0,1.0,1.0,1.0
43,assistant_high,assistant,high,27,Female,Black,3,4,5,3.067,5,7.5,3,3,3,3,3,3,3,3,3,3,3,3,3,3,1.0,1.0,1.0,1.0,1.0,1.0,1.0,1.0,1.0,1.0,1.0,1.0,1.0,1.0
44,assistant_high,assistant,high,56,Male,Black,2,1,5,3.533,4,0.0,3,3,3,3,3,3,3,3,3,3,3,3,3,3,1.0,1.0,1.0,1.0,1.0,1.0,1.0,1.0,1.0,1.0,1.0,1.0,1.0,1.0
45,assistant_high,assistant,high,42,Female,White,4,1,5,4.0,5,11.0,3,3,3,3,3,3,3,3,3,3,3,3,3,3,1.0,1.0,1.0,1.0,1.0,1.0,1.0,1.0,1.0,1.0,1.0,1.0,1.0,1.0
46,assistant_high,assistant,high,32,Male,Mixed,4,2,5,3.467,4,2.0,3,2,2,3,3,3,2,3,3,3,3,3,3,3,1.0,0.6666666666666666,0.6666666666666666,1.0,1.0,1.0,0.6666666666666666,1.0,1.0,1.0,1.0,1.0,1.0,1.0
47,assistant_high,assistant,high,35,Female,Black,2,3,5,3.333,2,0.0,3,3,3,3,3,3,3,3,3,3,3,3,3,3,1.0,1.0,1.0,1.0,1.0,1.0,1.0,1.0,1.0,1.0,1.0,1.0,1.0,1.0
48,assistant_high,assistant,high,30,Male,Black,5,1,3,2.933,5,6.5,2,3,3,3,2,3,3,3,3,3,3,3,3,3,0.6666666666666666,1.0,1.0,1.0,0.6666666666666666,1.0,1.0,1.0,1.0,1.0,1.0,1.0,1.0,1.0
49,assistant_high,assistant,high,30,Female,Black,3,3,5,3.533,4,13.0,3,3,3,3,3,3,3,3,3,3,3,3,3,3,1.0,1.0,1.0,1.0,1.0,1.0,1.0,1.0,1.0,1.0,1.0,1.0,1.0,1.0
50,assistant_high,assistant,high,22,Male,Other,3,1,5,2.733,5,0.5,3,3,3,3,3,3,3,3,3,3,3,3,3,3,1.0,1.0,1.0,1.0,1.0,1.0,1.0,1.0,1.0,1.0,1.0,1.0,1.0,1.0
1,assistant_low,assistant,low,31,Female,White,3,2,5,3.933,4,2.5,3,0,0,0,0,0,0,0,0,0,0,0,0,0,1.0,0.0,0.0,0.0,0.0,0.0,0.0,0.0,0.0,0.0,0.0,0.0,0.0,0.0
2,assistant_low,assistant,low,33,Male,White,3,4,6,3.4,4,1.0,3,1,1,1,1,0,0,0,0,0,0,0,0,0,1.0,0.3333333333333333,0.3333333333333333,0.3333333333333333,0.3333333333333333,0.0,0.0,0.0,0.0,0.0,0.0,0.0,0.0,0.0
3,assistant_low,assistant,low,23,Male,Other,3,2,6,3.533,4,2.0,3,2,2,2,1,2,3,2,3,2,2,2,2,2,1.0,0.6666666666666666,0.6666666666666666,0.6666666666666666,0.3333333333333333,0.6666666666666666,1.0,0.6666666666666666,1.0,0.6666666666666666,0.6666666666666666,0.6666666666666666,0.6666666666666666,0.6666666666666666
4,assistant_low,assistant,low,25,Male,Asian,4,1,5,3.6,4,5.0,2,1,1,0,0,0,0,0,0,0,0,0,0,0,0.6666666666666666,0.3333333333333333,0.3333333333333333,0.0,0.0,0.0,0.0,0.0,0.0,0.0,0.0,0.0,0.0,0.0
5,assistant_low,assistant,low,56,Male,White,3,6,4,4.733,4,7.0,2,1,1,1,1,1,0,0,0,0,0,0,0,0,0.6666666666666666,0.3333333333333333,0.3333333333333333,0.3333333333333333,0.3333333333333333,0.3333333333333333,0.0,0.0,0.0,0.0,0.0,0.0,0.0,0.0
6,assistant_low,assistant,low,30,Male,Mixed,4,2,3,3.333,4,-0.5,3,1,1,1,1,0,0,0,0,0,0,0,0,0,1.0,0.3333333333333333,0.3333333333333333,0.3333333333333333,0.3333333333333333,0.0,0.0,0.0,0.0,0.0,0.0,0.0,0.0,0.0
7,assistant_low,assistant,low,32,Male,White,4,1,5,2.933,4,3.5,3,0,0,0,0,0,0,0,0,0,0,0,0,0,1.0,0.0,0.0,0.0,0.0,0.0,0.0,0.0,0.0,0.0,0.0,0.0,0.0,0.0
8,assistant_low,assistant,low,34,Female,White,3,4,6,4.467,4,7.0,3,1,1,1,1,1,0,0,0,0,0,0,0,0,1.0,0.3333333333333333,0.3333333333333333,0.3333333333333333,0.3333333333333333,0.3333333333333333,0.0,0.0,0.0,0.0,0.0,0.0,0.0,0.0
9,assistant_low,assistant,low,23,Female,Black,2,4,5,3.267,5,6.5,3,2,2,2,2,2,2,2,2,2,2,2,3,2,1.0,0.6666666666666666,0.6666666666666666,0.6666666666666666,0.6666666666666666,0.6666666666666666,0.6666666666666666,0.6666666666666666,0.6666666666666666,0.6666666666666666,0.6666666666666666,0.6666666666666666,1.0,0.6666666666666666
10,assistant_low,assistant,low,27,Female,Mixed,5,1,5,4.067,5,0.0,3,1,1,1,1,1,0,0,0,0,0,0,0,0,1.0,0.3333333333333333,0.3333333333333333,0.3333333333333333,0.3333333333333333,0.3333333333333333,0.0,0.0,0.0,0.0,0.0,0.0,0.0,0.0
11,assistant_low,assistant,low,30,Male,Black,5,1,3,2.933,5,6.5,3,1,1,1,1,1,1,1,0,0,0,0,0,0,1.0,0.3333333333333333,0.3333333333333333,0.3333333333333333,0.3333333333333333,0.3333333333333333,0.3333333333333333,0.3333333333333333,0.0,0.0,0.0,0.0,0.0,0.0
12,assistant_low,assistant,low,43,Male,White,3,2,5,2.933,5,7.0,3,2,0,1,0,1,0,0,0,0,0,0,0,0,1.0,0.6666666666666666,0.0,0.3333333333333333,0.0,0.3333333333333333,0.0,0.0,0.0,0.0,0.0,0.0,0.0,0.0
13,assistant_low,assistant,low,27,Male,White,3,5,5,2.8,4,9.0,3,0,0,0,0,0,0,0,0,0,0,0,0,0,1.0,0.0,0.0,0.0,0.0,0.0,0.0,0.0,0.0,0.0,0.0,0.0,0.0,0.0
14,assistant_low,assistant,low,34,Female,Black,3,6,6,2.8,5,2.5,3,0,0,0,0,0,0,0,0,0,0,0,0,0,1.0,0.0,0.0,0.0,0.0,0.0,0.0,0.0,0.0,0.0,0.0,0.0,0.0,0.0
15,assistant_low,assistant,low,29,Male,Mixed,4,1,3,4.867,3,-0.5,2,0,0,0,0,0,0,0,0,0,0,0,0,0,0.6666666666666666,0.0,0.0,0.0,0.0,0.0,0.0,0.0,0.0,0.0,0.0,0.0,0.0,0.0
16,assistant_low,assistant,low,40,Female,White,4,2,3,4.667,4,1.0,2,2,2,2,2,0,0,0,0,0,0,0,0,0,0.6666666666666666,0.6666666666666666,0.6666666666666666,0.6666666666666666,0.6666666666666666,0.0,0.0,0.0,0.0,0.0,0.0,0.0,0.0,0.0
17,assistant_low,assistant,low,28,Female,White,3,3,6,2.933,4,0.0,3,2,0,0,0,0,0,0,0,0,0,0,0,0,1.0,0.6666666666666666,0.0,0.0,0.0,0.0,0.0,0.0,0.0,0.0,0.0,0.0,0.0,0.0
18,assistant_low,assistant,low,31,Female,Other,4,2,5,3.2,4,5.0,2,1,1,1,1,1,2,0,0,0,0,0,0,0,0.6666666666666666,0.3333333333333333,0.3333333333333333,0.3333333333333333,0.3333333333333333,0.3333333333333333,0.6666666666666666,0.0,0.0,0.0,0.0,0.0,0.0,0.0
19,assistant_low,assistant,low,28,Male,Black,3,3,5,3.133,4,2.5,3,2,0,0,0,1,1,0,0,0,0,0,0,0,1.0,0.6666666666666666,0.0,0.0,0.0,0.3333333333333333,0.3333333333333333,0.0,0.0,0.0,0.0,0.0,0.0,0.0
20,assistant_low,assistant,low,23,Female,White,5,1,3,3.867,5,-2.0,3,1,1,1,1,1,1,1,1,1,1,1,1,1,1.0,0.3333333333333333,0.3333333333333333,0.3333333333333333,0.3333333333333333,0.3333333333333333,0.3333333333333333,0.3333333333333333,0.3333333333333333,0.3333333333333333,0.3333333333333333,0.3333333333333333,0.3333333333333333,0.3333333333333333
21,assistant_low,assistant,low,23,Male,Black,1,1,3,2.933,5,14.0,3,2,1,1,1,0,1,0,0,0,0,0,0,0,1.0,0.6666666666666666,0.3333333333333333,0.3333333333333333,0.3333333333333333,0.0,0.3333333333333333,0.0,0.0,0.0,0.0,0.0,0.0,0.0
22,assistant_low,assistant,low,31,Male,Black,3,1,5,3.8,4,1.0,3,0,0,0,0,0,0,0,0,0,0,0,0,0,1.0,0.0,0.0,0.0,0.0,0.0,0.0,0.0,0.0,0.0,0.0,0.0,0.0,0.0
23,assistant_low,assistant,low,26,Male,White,3,2,3,3.6,4,-2.0,3,1,0,0,0,0,0,0,0,0,0,0,0,0,1.0,0.3333333333333333,0.0,0.0,0.0,0.0,0.0,0.0,0.0,0.0,0.0,0.0,0.0,0.0
24,assistant_low,assistant,low,37,Male,Black,2,6,6,3.333,4,1.5,2,0,0,0,0,0,0,0,0,0,0,0,0,0,0.6666666666666666,0.0,0.0,0.0,0.0,0.0,0.0,0.0,0.0,0.0,0.0,0.0,0.0,0.0
25,assistant_low,assistant,low,42,Female,Black,3,4,6,3.467,5,6.0,3,0,0,0,0,0,0,0,0,0,0,0,0,0,1.0,0.0,0.0,0.0,0.0,0.0,0.0,0.0,0.0,0.0,0.0,0.0,0.0,0.0
26,assistant_low,assistant,low,22,Male,Asian,3,1,5,3.8,4,4.5,3,1,2,1,1,0,1,0,0,0,0,0,0,0,1.0,0.3333333333333333,0.6666666666666666,0.3333333333333333,0.3333333333333333,0.0,0.3333333333333333,0.0,0.0,0.0,0.0,0.0,0.0,0.0
27,assistant_low,assistant,low,43,Female,White,2,6,5,4.6,4,2.0,3,0,0,0,0,0,0,0,0,0,0,0,0,0,1.0,0.0,0.0,0.0,0.0,0.0,0.0,0.0,0.0,0.0,0.0,0.0,0.0,0.0
28,assistant_low,assistant,low,26,Male,White,4,1,5,4.133,4,5.0,3,2,2,2,2,2,2,2,2,2,2,2,2,2,1.0,0.6666666666666666,0.6666666666666666,0.6666666666666666,0.6666666666666666,0.6666666666666666,0.6666666666666666,0.6666666666666666,0.6666666666666666,0.6666666666666666,0.6666666666666666,0.6666666666666666,0.6666666666666666,0.6666666666666666
29,assistant_low,assistant,low,31,Male,White,4,2,3,3.6,4,4.0,3,1,0,0,0,0,0,0,0,0,0,0,0,0,1.0,0.3333333333333333,0.0,0.0,0.0,0.0,0.0,0.0,0.0,0.0,0.0,0.0,0.0,0.0
30,assistant_low,assistant,low,33,Male,Black,3,1,5,3.2,5,2.0,2,0,0,0,0,0,0,0,0,0,0,0,0,0,0.6666666666666666,0.0,0.0,0.0,0.0,0.0,0.0,0.0,0.0,0.0,0.0,0.0,0.0,0.0
31,assistant_low,assistant,low,30,Male,Black,3,3,6,3.733,3,2.5,3,0,0,0,0,0,0,0,0,0,0,0,0,0,1.0,0.0,0.0,0.0,0.0,0.0,0.0,0.0,0.0,0.0,0.0,0.0,0.0,0.0
32,assistant_low,assistant,low,20,Female,Black,4,3,5,2.867,5,9.5,3,2,0,1,1,1,0,0,0,0,0,0,0,0,1.0,0.6666666666666666,0.0,0.3333333333333333,0.3333333333333333,0.3333333333333333,0.0,0.0,0.0,0.0,0.0,0.0,0.0,0.0
33,assistant_low,assistant,low,31,Male,White,3,2,5,3.2,4,-3.0,3,0,0,0,0,0,0,0,0,0,0,0,0,0,1.0,0.0,0.0,0.0,0.0,0.0,0.0,0.0,0.0,0.0,0.0,0.0,0.0,0.0
34,assistant_low,assistant,low,37,Male,White,4,1,3,2.933,4,6.5,3,0,1,0,0,0,0,0,0,0,0,0,0,0,1.0,0.0,0.3333333333333333,0.0,0.0,0.0,0.0,0.0,0.0,0.0,0.0,0.0,0.0,0.0
35,assistant_low,assistant,low,24,Male,Black,3,2,5,2.933,4,9.0,3,1,0,0,0,0,0,0,0,0,0,0,0,0,1.0,0.3333333333333333,0.0,0.0,0.0,0.0,0.0,0.0,0.0,0.0,0.0,0.0,0.0,0.0
36,assistant_low,assistant,low,52,Male,White,4,6,6,4.267,4,2.0,3,2,1,1,1,1,0,0,0,0,0,0,0,0,1.0,0.6666666666666666,0.3333333333333333,0.3333333333333333,0.3333333333333333,0.3333333333333333,0.0,0.0,0.0,0.0,0.0,0.0,0.0,0.0
37,assistant_low,assistant,low,23,Male,Asian,3,2,5,3.933,5,12.5,3,2,0,2,2,2,2,2,2,2,2,2,3,2,1.0,0.6666666666666666,0.0,0.6666666666666666,0.6666666666666666,0.6666666666666666,0.6666666666666666,0.6666666666666666,0.6666666666666666,0.6666666666666666,0.6666666666666666,0.6666666666666666,1.0,0.6666666666666666
38,assistant_low,assistant,low,44,Male,Black,2,5,7,3.933,5,9.0,3,2,1,1,2,2,2,2,2,2,2,2,3,2,1.0,0.6666666666666666,0.3333333333333333,0.3333333333333333,0.6666666666666666,0.6666666666666666,0.6666666666666666,0.6666666666666666,0.6666666666666666,0.6666666666666666,0.6666666666666666,0.6666666666666666,1.0,0.6666666666666666
39,assistant_low,assistant,low,40,Female,Black,3,4,5,3.867,4,7.0,3,0,0,0,0,0,0,0,0,0,0,0,0,0,1.0,0.0,0.0,0.0,0.0,0.0,0.0,0.0,0.0,0.0,0.0,0.0,0.0,0.0
40,assistant_low,assistant,low,22,Male,Black,3,4,4,3.0,5,5.0,2,0,0,0,0,0,0,0,0,0,0,0,0,0,0.6666666666666666,0.0,0.0,0.0,0.0,0.0,0.0,0.0,0.0,0.0,0.0,0.0,0.0,0.0
41,assistant_low,assistant,low,24,Male,Asian,4,2,5,2.867,4,9.0,3,1,0,0,0,0,0,0,0,0,0,0,0,0,1.0,0.3333333333333333,0.0,0.0,0.0,0.0,0.0,0.0,0.0,0.0,0.0,0.0,0.0,0.0
42,assistant_low,assistant,low,49,Male,White,3,2,4,4.333,4,2.5,3,2,1,1,2,1,1,0,0,0,0,1,0,0,1.0,0.6666666666666666,0.3333333333333333,0.3333333333333333,0.6666666666666666,0.3333333333333333,0.3333333333333333,0.0,0.0,0.0,0.0,0.3333333333333333,0.0,0.0
43,assistant_low,assistant,low,26,Male,Asian,3,2,5,3.2,4,4.5,2,0,0,0,0,0,0,0,0,0,0,0,0,0,0.6666666666666666,0.0,0.0,0.0,0.0,0.0,0.0,0.0,0.0,0.0,0.0,0.0,0.0,0.0
44,assistant_low,assistant,low,27,Female,Black,4,1,5,2.667,5,10.5,3,0,0,0,0,0,0,0,0,0,0,0,0,0,1.0,0.0,0.0,0.0,0.0,0.0,0.0,0.0,0.0,0.0,0.0,0.0,0.0,0.0
45,assistant_low,assistant,low,24,Male,White,3,2,5,3.267,5,3.5,3,2,2,2,2,2,2,3,2,2,2,2,2,2,1.0,0.6666666666666666,0.6666666666666666,0.6666666666666666,0.6666666666666666,0.6666666666666666,0.6666666666666666,1.0,0.6666666666666666,0.6666666666666666,0.6666666666666666,0.6666666666666666,0.6666666666666666,0.6666666666666666
46,assistant_low,assistant,low,33,Female,Other,4,1,5,3.2,5,4.5,3,1,0,0,0,0,0,0,0,0,0,0,0,0,1.0,0.3333333333333333,0.0,0.0,0.0,0.0,0.0,0.0,0.0,0.0,0.0,0.0,0.0,0.0
47,assistant_low,assistant,low,34,Male,Black,4,2,5,4.2,5,4.0,3,2,2,1,2,2,2,2,3,2,2,2,3,2,1.0,0.6666666666666666,0.6666666666666666,0.3333333333333333,0.6666666666666666,0.6666666666666666,0.6666666666666666,0.6666666666666666,1.0,0.6666666666666666,0.6666666666666666,0.6666666666666666,1.0,0.6666666666666666
48,assistant_low,assistant,low,46,Female,Mixed,4,1,4,3.533,4,4.0,2,0,0,0,0,0,0,0,0,0,0,0,0,0,0.6666666666666666,0.0,0.0,0.0,0.0,0.0,0.0,0.0,0.0,0.0,0.0,0.0,0.0,0.0
49,assistant_low,assistant,low,31,Male,Asian,3,1,5,3.333,5,0.0,3,2,0,1,1,1,1,1,1,1,1,1,0,0,1.0,0.6666666666666666,0.0,0.3333333333333333,0.3333333333333333,0.3333333333333333,0.3333333333333333,0.3333333333333333,0.3333333333333333,0.3333333333333333,0.3333333333333333,0.3333333333333333,0.0,0.0
50,assistant_low,assistant,low,32,Male,Asian,3,1,5,4.0,5,3.0,3,1,1,1,1,1,1,1,1,0,0,0,0,0,1.0,0.3333333333333333,0.3333333333333333,0.3333333333333333,0.3333333333333333,0.3333333333333333,0.3333333333333333,0.3333333333333333,0.3333333333333333,0.0,0.0,0.0,0.0,0.0
1,assistant_medium,assistant,medium,21,Male,Black,1,3,5,2.933,5,5.5,2,1,1,3,1,1,3,1,0,3,2,2,3,2,0.6666666666666666,0.3333333333333333,0.3333333333333333,1.0,0.3333333333333333,0.3333333333333333,1.0,0.3333333333333333,0.0,1.0,0.6666666666666666,0.6666666666666666,1.0,0.6666666666666666
2,assistant_medium,assistant,medium,21,Male,Black,1,1,5,3.667,4,4.5,3,2,1,3,2,1,3,2,2,3,3,2,3,2,1.0,0.6666666666666666,0.3333333333333333,1.0,0.6666666666666666,0.3333333333333333,1.0,0.6666666666666666,0.6666666666666666,1.0,1.0,0.6666666666666666,1.0,0.6666666666666666
3,assistant_medium,assistant,medium,26,Male,Asian,3,3,5,3.4,5,5.5,3,1,0,3,0,0,3,0,0,3,0,0,3,0,1.0,0.3333333333333333,0.0,1.0,0.0,0.0,1.0,0.0,0.0,1.0,0.0,0.0,1.0,0.0
4,assistant_medium,assistant,medium,25,Male,Mixed,4,3,5,3.6,5,12.5,3,2,2,3,2,2,3,2,2,3,2,2,3,3,1.0,0.6666666666666666,0.6666666666666666,1.0,0.6666666666666666,0.6666666666666666,1.0,0.6666666666666666,0.6666666666666666,1.0,0.6666666666666666,0.6666666666666666,1.0,1.0
5,assistant_medium,assistant,medium,29,Male,White,2,3,5,2.6,4,0.0,3,2,1,3,1,2,3,2,2,3,2,2,3,3,1.0,0.6666666666666666,0.3333333333333333,1.0,0.3333333333333333,0.6666666666666666,1.0,0.6666666666666666,0.6666666666666666,1.0,0.6666666666666666,0.6666666666666666,1.0,1.0
6,assistant_medium,assistant,medium,52,Male,White,4,6,6,4.267,4,2.0,3,1,1,3,0,0,3,1,0,3,0,0,3,0,1.0,0.3333333333333333,0.3333333333333333,1.0,0.0,0.0,1.0,0.3333333333333333,0.0,1.0,0.0,0.0,1.0,0.0
7,assistant_medium,assistant,medium,29,Female,Black,2,2,5,3.4,5,6.5,3,2,2,3,2,2,3,3,3,3,3,3,3,3,1.0,0.6666666666666666,0.6666666666666666,1.0,0.6666666666666666,0.6666666666666666,1.0,1.0,1.0,1.0,1.0,1.0,1.0,1.0
8,assistant_medium,assistant,medium,32,Male,Asian,4,1,6,3.533,4,7.5,2,2,1,3,1,1,3,1,1,2,1,1,3,1,0.6666666666666666,0.6666666666666666,0.3333333333333333,1.0,0.3333333333333333,0.3333333333333333,1.0,0.3333333333333333,0.3333333333333333,0.6666666666666666,0.3333333333333333,0.3333333333333333,1.0,0.3333333333333333
9,assistant_medium,assistant,medium,25,Female,Asian,4,1,5,3.8,3,1.0,2,1,0,3,2,1,3,2,2,3,2,2,3,3,0.6666666666666666,0.3333333333333333,0.0,1.0,0.6666666666666666,0.3333333333333333,1.0,0.6666666666666666,0.6666666666666666,1.0,0.6666666666666666,0.6666666666666666,1.0,1.0
10,assistant_medium,assistant,medium,27,Male,Asian,3,2,6,3.933,4,2.0,3,0,1,3,1,1,3,1,1,3,1,1,3,1,1.0,0.0,0.3333333333333333,1.0,0.3333333333333333,0.3333333333333333,1.0,0.3333333333333333,0.3333333333333333,1.0,0.3333333333333333,0.3333333333333333,1.0,0.3333333333333333
11,assistant_medium,assistant,medium,28,Male,Mixed,4,1,3,3.333,4,-2.0,3,1,1,2,1,1,3,1,1,3,2,1,3,1,1.0,0.3333333333333333,0.3333333333333333,0.6666666666666666,0.3333333333333333,0.3333333333333333,1.0,0.3333333333333333,0.3333333333333333,1.0,0.6666666666666666,0.3333333333333333,1.0,0.3333333333333333
12,assistant_medium,assistant,medium,38,Male,White,3,3,4,2.333,3,0.0,3,0,0,3,0,0,3,0,0,3,2,0,3,0,1.0,0.0,0.0,1.0,0.0,0.0,1.0,0.0,0.0,1.0,0.6666666666666666,0.0,1.0,0.0
13,assistant_medium,assistant,medium,30,Female,Black,3,6,5,2.733,4,5.5,2,0,0,2,0,0,3,0,0,3,1,0,3,1,0.6666666666666666,0.0,0.0,0.6666666666666666,0.0,0.0,1.0,0.0,0.0,1.0,0.3333333333333333,0.0,1.0,0.3333333333333333
14,assistant_medium,assistant,medium,30,Male,Other,3,2,5,2.8,2,-3.5,3,1,0,3,0,0,3,1,0,3,0,0,3,0,1.0,0.3333333333333333,0.0,1.0,0.0,0.0,1.0,0.3333333333333333,0.0,1.0,0.0,0.0,1.0,0.0
15,assistant_medium,assistant,medium,34,Male,White,2,6,5,4.267,5,12.0,3,2,2,3,2,2,3,2,3,3,3,3,3,3,1.0,0.6666666666666666,0.6666666666666666,1.0,0.6666666666666666,0.6666666666666666,1.0,0.6666666666666666,1.0,1.0,1.0,1.0,1.0,1.0
16,assistant_medium,assistant,medium,29,Male,Asian,1,1,2,2.933,2,4.5,2,0,0,2,0,0,2,0,0,2,0,0,3,0,0.6666666666666666,0.0,0.0,0.6666666666666666,0.0,0.0,0.6666666666666666,0.0,0.0,0.6666666666666666,0.0,0.0,1.0,0.0
17,assistant_medium,assistant,medium,50,Male,White,2,2,5,3.6,4,3.0,3,2,1,3,2,2,3,3,2,3,2,2,3,2,1.0,0.6666666666666666,0.3333333333333333,1.0,0.6666666666666666,0.6666666666666666,1.0,1.0,0.6666666666666666,1.0,0.6666666666666666,0.6666666666666666,1.0,0.6666666666666666
18,assistant_medium,assistant,medium,23,Female,Black,4,1,5,4.133,4,-0.5,2,0,0,2,0,0,3,0,0,3,1,0,3,1,0.6666666666666666,0.0,0.0,0.6666666666666666,0.0,0.0,1.0,0.0,0.0,1.0,0.3333333333333333,0.0,1.0,0.3333333333333333
19,assistant_medium,assistant,medium,19,Male,White,4,2,5,3.867,4,2.0,3,2,2,3,2,2,3,3,3,3,3,3,3,3,1.0,0.6666666666666666,0.6666666666666666,1.0,0.6666666666666666,0.6666666666666666,1.0,1.0,1.0,1.0,1.0,1.0,1.0,1.0
20,assistant_medium,assistant,medium,29,Male,Black,2,6,5,3.2,5,3.0,3,0,0,3,0,0,3,0,0,3,0,0,3,0,1.0,0.0,0.0,1.0,0.0,0.0,1.0,0.0,0.0,1.0,0.0,0.0,1.0,0.0
21,assistant_medium,assistant,medium,27,Male,Black,2,3,5,3.067,5,6.0,3,2,2,3,2,2,3,2,2,3,2,2,3,2,1.0,0.6666666666666666,0.6666666666666666,1.0,0.6666666666666666,0.6666666666666666,1.0,0.6666666666666666,0.6666666666666666,1.0,0.6666666666666666,0.6666666666666666,1.0,0.6666666666666666
22,assistant_medium,assistant,medium,29,Female,White,4,3,5,4.333,2,1.0,2,1,0,3,1,1,3,1,1,3,2,1,3,0,0.6666666666666666,0.3333333333333333,0.0,1.0,0.3333333333333333,0.3333333333333333,1.0,0.3333333333333333,0.3333333333333333,1.0,0.6666666666666666,0.3333333333333333,1.0,0.0
23,assistant_medium,assistant,medium,31,Male,White,3,3,5,3.0,4,3.0,3,1,1,3,2,1,3,2,3,3,2,2,3,2,1.0,0.3333333333333333,0.3333333333333333,1.0,0.6666666666666666,0.3333333333333333,1.0,0.6666666666666666,1.0,1.0,0.6666666666666666,0.6666666666666666,1.0,0.6666666666666666
24,assistant_medium,assistant,medium,26,Male,Black,3,6,6,3.2,5,1.0,3,1,1,3,1,1,3,1,0,3,1,1,3,2,1.0,0.3333333333333333,0.3333333333333333,1.0,0.3333333333333333,0.3333333333333333,1.0,0.3333333333333333,0.0,1.0,0.3333333333333333,0.3333333333333333,1.0,0.6666666666666666
25,assistant_medium,assistant,medium,48,Male,White,3,6,6,2.6,4,0.5,3,2,1,3,1,1,2,1,1,3,1,1,3,1,1.0,0.6666666666666666,0.3333333333333333,1.0,0.3333333333333333,0.3333333333333333,0.6666666666666666,0.3333333333333333,0.3333333333333333,1.0,0.3333333333333333,0.3333333333333333,1.0,0.3333333333333333
26,assistant_medium,assistant,medium,38,Male,White,3,6,3,4.267,4,2.5,2,0,0,3,2,1,2,1,0,3,1,1,3,1,0.6666666666666666,0.0,0.0,1.0,0.6666666666666666,0.3333333333333333,0.6666666666666666,0.3333333333333333,0.0,1.0,0.3333333333333333,0.3333333333333333,1.0,0.3333333333333333
27,assistant_medium,assistant,medium,44,Female,Mixed,4,1,3,3.267,4,3.5,3,1,0,3,0,1,3,0,0,3,1,0,3,0,1.0,0.3333333333333333,0.0,1.0,0.0,0.3333333333333333,1.0,0.0,0.0,1.0,0.3333333333333333,0.0,1.0,0.0
28,assistant_medium,assistant,medium,28,Female,Mixed,3,2,3,3.267,4,3.0,3,0,0,3,0,0,3,0,0,3,0,0,3,0,1.0,0.0,0.0,1.0,0.0,0.0,1.0,0.0,0.0,1.0,0.0,0.0,1.0,0.0
29,assistant_medium,assistant,medium,28,Female,Black,2,1,5,3.533,4,7.0,3,1,0,3,0,0,3,0,0,3,0,0,3,0,1.0,0.3333333333333333,0.0,1.0,0.0,0.0,1.0,0.0,0.0,1.0,0.0,0.0,1.0,0.0
30,assistant_medium,assistant,medium,26,Male,Black,2,2,5,3.667,5,6.0,3,2,2,3,2,2,3,3,3,3,3,3,3,3,1.0,0.6666666666666666,0.6666666666666666,1.0,0.6666666666666666,0.6666666666666666,1.0,1.0,1.0,1.0,1.0,1.0,1.0,1.0
31,assistant_medium,assistant,medium,29,Male,Asian,4,2,5,2.933,4,1.5,3,2,2,3,2,2,3,2,3,3,2,2,3,2,1.0,0.6666666666666666,0.6666666666666666,1.0,0.6666666666666666,0.6666666666666666,1.0,0.6666666666666666,1.0,1.0,0.6666666666666666,0.6666666666666666,1.0,0.6666666666666666
32,assistant_medium,assistant,medium,34,Male,Mixed,3,2,3,4.2,4,3.0,3,2,2,3,2,2,3,3,2,3,2,2,3,2,1.0,0.6666666666666666,0.6666666666666666,1.0,0.6666666666666666,0.6666666666666666,1.0,1.0,0.6666666666666666,1.0,0.6666666666666666,0.6666666666666666,1.0,0.6666666666666666
33,assistant_medium,assistant,medium,24,Male,Asian,4,2,5,4.733,5,5.0,3,2,2,3,2,2,3,2,3,3,3,3,3,3,1.0,0.6666666666666666,0.6666666666666666,1.0,0.6666666666666666,0.6666666666666666,1.0,0.6666666666666666,1.0,1.0,1.0,1.0,1.0,1.0
34,assistant_medium,assistant,medium,28,Female,Black,2,3,6,3.6,4,5.5,3,0,0,3,1,0,3,0,0,2,0,0,3,1,1.0,0.0,0.0,1.0,0.3333333333333333,0.0,1.0,0.0,0.0,0.6666666666666666,0.0,0.0,1.0,0.3333333333333333
35,assistant_medium,assistant,medium,33,Male,Black,3,1,5,3.2,5,2.0,3,0,0,2,1,0,3,1,0,3,0,1,3,1,1.0,0.0,0.0,0.6666666666666666,0.3333333333333333,0.0,1.0,0.3333333333333333,0.0,1.0,0.0,0.3333333333333333,1.0,0.3333333333333333
36,assistant_medium,assistant,medium,32,Male,White,3,3,5,3.467,4,0.5,3,0,0,3,1,1,3,1,0,3,1,1,3,1,1.0,0.0,0.0,1.0,0.3333333333333333,0.3333333333333333,1.0,0.3333333333333333,0.0,1.0,0.3333333333333333,0.3333333333333333,1.0,0.3333333333333333
37,assistant_medium,assistant,medium,19,Male,Mixed,1,1,3,3.333,4,-0.5,2,1,0,3,0,1,3,1,0,3,1,1,3,1,0.6666666666666666,0.3333333333333333,0.0,1.0,0.0,0.3333333333333333,1.0,0.3333333333333333,0.0,1.0,0.3333333333333333,0.3333333333333333,1.0,0.3333333333333333
38,assistant_medium,assistant,medium,37,Male,White,3,1,2,2.733,4,6.0,3,2,2,3,2,2,3,3,2,3,2,2,3,2,1.0,0.6666666666666666,0.6666666666666666,1.0,0.6666666666666666,0.6666666666666666,1.0,1.0,0.6666666666666666,1.0,0.6666666666666666,0.6666666666666666,1.0,0.6666666666666666
39,assistant_medium,assistant,medium,32,Female,White,2,4,5,2.933,2,-8.0,3,0,0,3,0,0,3,0,0,3,0,0,3,0,1.0,0.0,0.0,1.0,0.0,0.0,1.0,0.0,0.0,1.0,0.0,0.0,1.0,0.0
40,assistant_medium,assistant,medium,51,Female,Black,4,4,4,4.867,4,8.5,2,0,0,3,0,0,3,0,0,3,1,0,3,0,0.6666666666666666,0.0,0.0,1.0,0.0,0.0,1.0,0.0,0.0,1.0,0.3333333333333333,0.0,1.0,0.0
41,assistant_medium,assistant,medium,30,Male,Other,3,2,5,2.8,2,-3.5,2,1,0,2,0,0,2,0,0,2,0,0,2,0,0.6666666666666666,0.3333333333333333,0.0,0.6666666666666666,0.0,0.0,0.6666666666666666,0.0,0.0,0.6666666666666666,0.0,0.0,0.6666666666666666,0.0
42,assistant_medium,assistant,medium,34,Female,Black,3,2,5,3.733,4,3.5,3,0,0,3,0,0,3,1,0,3,0,0,3,0,1.0,0.0,0.0,1.0,0.0,0.0,1.0,0.3333333333333333,0.0,1.0,0.0,0.0,1.0,0.0
43,assistant_medium,assistant,medium,35,Male,Asian,4,3,5,3.333,4,-2.5,3,0,0,3,0,0,3,2,0,3,0,0,3,1,1.0,0.0,0.0,1.0,0.0,0.0,1.0,0.6666666666666666,0.0,1.0,0.0,0.0,1.0,0.3333333333333333
44,assistant_medium,assistant,medium,31,Female,White,4,2,5,3.333,5,6.0,3,0,0,3,0,0,3,2,0,3,0,0,3,1,1.0,0.0,0.0,1.0,0.0,0.0,1.0,0.6666666666666666,0.0,1.0,0.0,0.0,1.0,0.3333333333333333
45,assistant_medium,assistant,medium,32,Female,Black,4,3,6,3.133,5,10.0,3,2,2,3,2,2,3,3,3,3,2,3,3,3,1.0,0.6666666666666666,0.6666666666666666,1.0,0.6666666666666666,0.6666666666666666,1.0,1.0,1.0,1.0,0.6666666666666666,1.0,1.0,1.0
46,assistant_medium,assistant,medium,31,Male,Black,3,4,6,2.867,4,3.5,3,2,1,3,1,1,3,2,3,3,3,2,3,2,1.0,0.6666666666666666,0.3333333333333333,1.0,0.3333333333333333,0.3333333333333333,1.0,0.6666666666666666,1.0,1.0,1.0,0.6666666666666666,1.0,0.6666666666666666
47,assistant_medium,assistant,medium,28,Female,Black,3,6,5,3.733,5,4.5,3,0,0,3,1,0,3,2,0,3,0,1,3,1,1.0,0.0,0.0,1.0,0.3333333333333333,0.0,1.0,0.6666666666666666,0.0,1.0,0.0,0.3333333333333333,1.0,0.3333333333333333
48,assistant_medium,assistant,medium,35,Male,White,3,1,5,3.4,4,2.0,2,0,1,2,0,1,3,1,1,2,2,0,3,1,0.6666666666666666,0.0,0.3333333333333333,0.6666666666666666,0.0,0.3333333333333333,1.0,0.3333333333333333,0.3333333333333333,0.6666666666666666,0.6666666666666666,0.0,1.0,0.3333333333333333
49,assistant_medium,assistant,medium,36,Female,Black,5,2,6,3.6,5,10.0,3,2,1,3,2,2,3,3,3,3,3,3,3,3,1.0,0.6666666666666666,0.3333333333333333,1.0,0.6666666666666666,0.6666666666666666,1.0,1.0,1.0,1.0,1.0,1.0,1.0,1.0
50,assistant_medium,assistant,medium,38,Female,Black,3,3,5,2.8,4,5.0,3,2,1,3,2,2,3,2,2,3,2,2,3,2,1.0,0.6666666666666666,0.3333333333333333,1.0,0.6666666666666666,0.6666666666666666,1.0,0.6666666666666666,0.6666666666666666,1.0,0.6666666666666666,0.6666666666666666,1.0,0.6666666666666666
1,control,control,none,24,Male,Black,1,3,4,2.8,4,3.0,2,3,3,3,3,3,3,3,3,3,3,3,3,3,0.6666666666666666,1.0,1.0,1.0,1.0,1.0,1.0,1.0,1.0,1.0,1.0,1.0,1.0,1.0
2,control,control,none,26,Female,White,2,4,5,3.733,4,5.0,0,0,0,0,0,0,0,0,0,0,0,0,0,0,0.0,0.0,0.0,0.0,0.0,0.0,0.0,0.0,0.0,0.0,0.0,0.0,0.0,0.0
3,control,control,none,21,Female,Asian,3,1,5,4.6,4,5.0,2,2,3,1,3,3,3,3,3,3,3,3,3,3,0.6666666666666666,0.6666666666666666,1.0,0.3333333333333333,1.0,1.0,1.0,1.0,1.0,1.0,1.0,1.0,1.0,1.0
4,control,control,none,39,Female,White,3,5,4,4.067,4,-3.0,0,0,0,0,0,0,0,0,0,0,0,0,0,0,0.0,0.0,0.0,0.0,0.0,0.0,0.0,0.0,0.0,0.0,0.0,0.0,0.0,0.0
5,control,control,none,27,Male,White,2,6,6,3.8,4,0.0,0,0,0,0,0,0,0,0,0,0,0,0,0,0,0.0,0.0,0.0,0.0,0.0,0.0,0.0,0.0,0.0,0.0,0.0,0.0,0.0,0.0
6,control,control,none,32,Male,White,3,3,2,2.6,4,2.0,0,0,0,0,0,0,0,0,0,0,0,0,0,0,0.0,0.0,0.0,0.0,0.0,0.0,0.0,0.0,0.0,0.0,0.0,0.0,0.0,0.0
7,control,control,none,25,Male,Black,3,2,5,3.2,5,10.5,0,0,0,0,0,0,0,0,0,0,0,0,0,0,0.0,0.0,0.0,0.0,0.0,0.0,0.0,0.0,0.0,0.0,0.0,0.0,0.0,0.0
8,control,control,none,33,Male,Black,3,1,5,3.2,5,2.0,2,3,3,3,3,3,3,3,3,3,3,3,3,3,0.6666666666666666,1.0,1.0,1.0,1.0,1.0,1.0,1.0,1.0,1.0,1.0,1.0,1.0,1.0
9,control,control,none,27,Male,White,2,6,6,3.8,4,0.0,0,0,0,0,0,0,0,0,0,0,0,0,0,0,0.0,0.0,0.0,0.0,0.0,0.0,0.0,0.0,0.0,0.0,0.0,0.0,0.0,0.0
10,control,control,none,23,Male,Asian,1,1,5,3.4,5,6.0,1,1,1,2,2,2,2,2,3,3,3,3,3,3,0.3333333333333333,0.3333333333333333,0.3333333333333333,0.6666666666666666,0.6666666666666666,0.6666666666666666,0.6666666666666666,0.6666666666666666,1.0,1.0,1.0,1.0,1.0,1.0
11,control,control,none,29,Male,Mixed,1,1,4,4.667,4,14.0,2,3,3,3,3,3,3,3,3,3,3,3,3,3,0.6666666666666666,1.0,1.0,1.0,1.0,1.0,1.0,1.0,1.0,1.0,1.0,1.0,1.0,1.0
12,control,control,none,19,Female,Black,2,6,7,3.467,5,8.5,0,0,0,0,0,0,0,0,0,0,0,0,0,0,0.0,0.0,0.0,0.0,0.0,0.0,0.0,0.0,0.0,0.0,0.0,0.0,0.0,0.0
13,control,control,none,31,Female,Black,3,3,5,3.6,4,1.0,0,0,0,0,0,0,0,0,0,0,0,0,0,0,0.0,0.0,0.0,0.0,0.0,0.0,0.0,0.0,0.0,0.0,0.0,0.0,0.0,0.0
14,control,control,none,32,Female,Black,4,3,6,3.133,5,10.0,2,3,3,3,3,3,2,3,3,3,3,3,3,3,0.6666666666666666,1.0,1.0,1.0,1.0,1.0,0.6666666666666666,1.0,1.0,1.0,1.0,1.0,1.0,1.0
15,control,control,none,24,Female,Asian,3,2,5,3.467,3,1.5,0,0,0,0,0,0,0,0,0,0,0,0,0,0,0.0,0.0,0.0,0.0,0.0,0.0,0.0,0.0,0.0,0.0,0.0,0.0,0.0,0.0
16,control,control,none,53,Female,White,5,2,3,3.733,4,1.0,0,0,0,0,0,0,0,0,0,0,0,0,0,0,0.0,0.0,0.0,0.0,0.0,0.0,0.0,0.0,0.0,0.0,0.0,0.0,0.0,0.0
17,control,control,none,51,Female,Black,4,4,4,4.867,4,8.5,0,0,0,0,0,0,0,0,0,0,0,0,0,0,0.0,0.0,0.0,0.0,0.0,0.0,0.0,0.0,0.0,0.0,0.0,0.0,0.0,0.0
18,control,control,none,30,Male,White,3,3,5,3.533,4,0.5,0,0,0,0,0,0,0,0,0,0,0,0,0,0,0.0,0.0,0.0,0.0,0.0,0.0,0.0,0.0,0.0,0.0,0.0,0.0,0.0,0.0
19,control,control,none,32,Male,Asian,3,1,5,4.0,5,3.0,2,0,1,0,0,0,0,0,0,0,0,0,0,0,0.6666666666666666,0.0,0.3333333333333333,0.0,0.0,0.0,0.0,0.0,0.0,0.0,0.0,0.0,0.0,0.0
20,control,control,none,42,Female,White,3,2,3,4.6,5,7.5,0,0,0,0,0,0,0,0,0,0,0,0,0,0,0.0,0.0,0.0,0.0,0.0,0.0,0.0,0.0,0.0,0.0,0.0,0.0,0.0,0.0
21,control,control,none,28,Female,Black,2,2,5,2.867,5,12.0,1,1,1,1,1,3,1,1,1,1,0,0,0,2,0.3333333333333333,0.3333333333333333,0.3333333333333333,0.3333333333333333,0.3333333333333333,1.0,0.3333333333333333,0.3333333333333333,0.3333333333333333,0.3333333333333333,0.0,0.0,0.0,0.6666666666666666
22,control,control,none,40,Female,White,4,2,3,4.667,4,1.0,0,0,0,0,0,0,0,0,0,0,0,0,0,0,0.0,0.0,0.0,0.0,0.0,0.0,0.0,0.0,0.0,0.0,0.0,0.0,0.0,0.0
23,control,control,none,32,Female,White,3,3,3,4.2,4,12.0,0,0,0,0,0,0,0,0,0,0,0,0,0,0,0.0,0.0,0.0,0.0,0.0,0.0,0.0,0.0,0.0,0.0,0.0,0.0,0.0,0.0
24,control,control,none,45,Male,Other,3,6,5,3.467,5,10.0,1,1,2,1,2,1,0,1,1,0,1,1,1,1,0.3333333333333333,0.3333333333333333,0.6666666666666666,0.3333333333333333,0.6666666666666666,0.3333333333333333,0.0,0.3333333333333333,0.3333333333333333,0.0,0.3333333333333333,0.3333333333333333,0.3333333333333333,0.3333333333333333
25,control,control,none,31,Male,Mixed,1,2,5,3.667,5,2.5,0,0,0,0,0,0,0,0,0,0,0,0,0,0,0.0,0.0,0.0,0.0,0.0,0.0,0.0,0.0,0.0,0.0,0.0,0.0,0.0,0.0
26,control,control,none,38,Male,Mixed,3,3,3,3.267,3,-2.0,0,0,0,0,0,0,0,0,0,0,0,0,0,0,0.0,0.0,0.0,0.0,0.0,0.0,0.0,0.0,0.0,0.0,0.0,0.0,0.0,0.0
27,control,control,none,39,Male,White,5,1,3,3.733,5,10.5,2,2,2,3,3,3,3,3,3,3,3,3,3,3,0.6666666666666666,0.6666666666666666,0.6666666666666666,1.0,1.0,1.0,1.0,1.0,1.0,1.0,1.0,1.0,1.0,1.0
28,control,control,none,33,Male,White,3,4,5,2.4,5,2.5,0,0,0,0,0,0,0,0,0,0,0,0,0,0,0.0,0.0,0.0,0.0,0.0,0.0,0.0,0.0,0.0,0.0,0.0,0.0,0.0,0.0
29,control,control,none,34,Female,Asian,5,1,5,4.067,5,6.0,0,0,0,0,0,0,0,0,0,0,0,0,0,0,0.0,0.0,0.0,0.0,0.0,0.0,0.0,0.0,0.0,0.0,0.0,0.0,0.0,0.0
30,control,control,none,24,Male,White,3,6,3,2.733,4,6.0,0,0,0,0,0,0,0,0,0,0,0,0,0,0,0.0,0.0,0.0,0.0,0.0,0.0,0.0,0.0,0.0,0.0,0.0,0.0,0.0,0.0
31,control,control,none,48,Male,White,3,5,5,2.4,2,3.0,0,0,0,0,0,0,0,0,0,0,0,0,0,0,0.0,0.0,0.0,0.0,0.0,0.0,0.0,0.0,0.0,0.0,0.0,0.0,0.0,0.0
32,control,control,none,25,Male,Asian,3,1,5,3.733,5,0.0,0,0,0,0,0,0,0,0,0,0,0,0,0,0,0.0,0.0,0.0,0.0,0.0,0.0,0.0,0.0,0.0,0.0,0.0,0.0,0.0,0.0
33,control,control,none,34,Male,Asian,3,3,6,4.133,4,3.5,0,0,0,0,0,0,0,0,0,0,0,0,0,0,0.0,0.0,0.0,0.0,0.0,0.0,0.0,0.0,0.0,0.0,0.0,0.0,0.0,0.0
34,control,control,none,29,Female,Black,3,5,5,2.933,4,5.5,0,0,0,0,0,0,0,0,0,0,0,0,0,0,0.0,0.0,0.0,0.0,0.0,0.0,0.0,0.0,0.0,0.0,0.0,0.0,0.0,0.0
35,control,control,none,31,Female,White,4,2,5,3.333,5,6.0,0,0,0,0,0,0,0,0,0,0,0,0,0,0,0.0,0.0,0.0,0.0,0.0,0.0,0.0,0.0,0.0,0.0,0.0,0.0,0.0,0.0
36,control,control,none,22,Male,Asian,4,4,5,4.2,4,3.5,0,0,0,0,0,0,0,0,0,0,0,0,0,0,0.0,0.0,0.0,0.0,0.0,0.0,0.0,0.0,0.0,0.0,0.0,0.0,0.0,0.0
37,control,control,none,54,Male,White,5,5,4,1.8,3,0.0,0,0,0,0,0,0,0,0,0,0,0,0,0,0,0.0,0.0,0.0,0.0,0.0,0.0,0.0,0.0,0.0,0.0,0.0,0.0,0.0,0.0
38,control,control,none,26,Female,White,3,6,5,3.067,3,-1.5,0,0,0,0,0,0,0,0,0,0,0,0,0,0,0.0,0.0,0.0,0.0,0.0,0.0,0.0,0.0,0.0,0.0,0.0,0.0,0.0,0.0
39,control,control,none,27,Male,Black,4,1,3,3.267,4,6.5,1,1,1,1,1,0,0,0,0,0,0,0,0,0,0.3333333333333333,0.3333333333333333,0.3333333333333333,0.3333333333333333,0.3333333333333333,0.0,0.0,0.0,0.0,0.0,0.0,0.0,0.0,0.0
40,control,control,none,32,Female,Black,2,5,5,3.533,4,5.0,0,0,0,0,0,0,0,0,0,0,0,0,0,0,0.0,0.0,0.0,0.0,0.0,0.0,0.0,0.0,0.0,0.0,0.0,0.0,0.0,0.0
41,control,control,none,24,Male,Black,3,3,3,3.4,2,-1.5,0,0,0,0,0,0,0,0,0,0,0,0,0,0,0.0,0.0,0.0,0.0,0.0,0.0,0.0,0.0,0.0,0.0,0.0,0.0,0.0,0.0
42,control,control,none,26,Female,Black,2,6,6,3.6,5,1.0,0,0,0,0,0,0,0,0,0,0,0,0,0,0,0.0,0.0,0.0,0.0,0.0,0.0,0.0,0.0,0.0,0.0,0.0,0.0,0.0,0.0
43,control,control,none,28,Female,Black,2,3,6,3.6,4,5.5,0,0,0,0,0,0,0,0,0,0,0,0,0,0,0.0,0.0,0.0,0.0,0.0,0.0,0.0,0.0,0.0,0.0,0.0,0.0,0.0,0.0
44,control,control,none,36,Female,Asian,3,6,6,4.4,5,7.5,0,0,0,0,0,0,0,0,0,0,0,0,0,0,0.0,0.0,0.0,0.0,0.0,0.0,0.0,0.0,0.0,0.0,0.0,0.0,0.0,0.0
45,control,control,none,56,Male,White,3,4,3,2.533,5,8.0,0,0,0,0,0,0,0,0,0,0,0,0,0,0,0.0,0.0,0.0,0.0,0.0,0.0,0.0,0.0,0.0,0.0,0.0,0.0,0.0,0.0
46,control,control,none,31,Female,White,4,2,5,3.333,5,6.0,0,0,0,0,0,0,0,0,0,0,0,0,0,0,0.0,0.0,0.0,0.0,0.0,0.0,0.0,0.0,0.0,0.0,0.0,0.0,0.0,0.0
47,control,control,none,27,Male,Asian,4,5,5,3.2,4,3.0,0,0,0,0,0,0,0,0,0,0,0,0,0,0,0.0,0.0,0.0,0.0,0.0,0.0,0.0,0.0,0.0,0.0,0.0,0.0,0.0,0.0
48,control,control,none,25,Female,Black,3,3,6,3.133,5,7.0,1,0,1,2,0,1,1,1,0,0,0,0,0,0,0.3333333333333333,0.0,0.3333333333333333,0.6666666666666666,0.0,0.3333333333333333,0.3333333333333333,0.3333333333333333,0.0,0.0,0.0,0.0,0.0,0.0
49,control,control,none,48,Female,White,5,5,6,3.8,5,9.0,1,2,2,2,3,2,1,2,2,2,3,3,3,3,0.3333333333333333,0.6666666666666666,0.6666666666666666,0.6666666666666666,1.0,0.6666666666666666,0.3333333333333333,0.6666666666666666,0.6666666666666666,0.6666666666666666,1.0,1.0,1.0,1.0
50,control,control,none,38,Male,White,3,6,6,3.733,4,1.0,0,0,0,0,0,0,0,0,0,0,0,0,0,0,0.0,0.0,0.0,0.0,0.0,0.0,0.0,0.0,0.0,0.0,0.0,0.0,0.0,0.0
1,information_high,information,high,55,Male,White,3,5,6,3.0,3,0.0,1,1,1,1,1,1,1,1,0,1,1,1,1,1,0.3333333333333333,0.3333333333333333,0.3333333333333333,0.3333333333333333,0.3333333333333333,0.3333333333333333,0.3333333333333333,0.3333333333333333,0.0,0.3333333333333333,0.3333333333333333,0.3333333333333333,0.3333333333333333,0.3333333333333333
2,information_high,information,high,23,Female,White,5,1,3,3.867,5,-2.0,1,1,1,1,1,1,1,1,1,0,1,2,1,1,0.3333333333333333,0.3333333333333333,0.3333333333333333,0.3333333333333333,0.3333333333333333,0.3333333333333333,0.3333333333333333,0.3333333333333333,0.3333333333333333,0.0,0.3333333333333333,0.6666666666666666,0.3333333333333333,0.3333333333333333
3,information_high,information,high,47,Male,White,3,5,3,3.533,4,1.0,0,0,1,1,1,0,1,1,0,1,1,1,1,1,0.0,0.0,0.3333333333333333,0.3333333333333333,0.3333333333333333,0.0,0.3333333333333333,0.3333333333333333,0.0,0.3333333333333333,0.3333333333333333,0.3333333333333333,0.3333333333333333,0.3333333333333333
4,information_high,information,high,31,Male,White,3,6,6,3.267,5,4.5,1,1,1,1,1,1,1,1,1,1,1,1,1,1,0.3333333333333333,0.3333333333333333,0.3333333333333333,0.3333333333333333,0.3333333333333333,0.3333333333333333,0.3333333333333333,0.3333333333333333,0.3333333333333333,0.3333333333333333,0.3333333333333333,0.3333333333333333,0.3333333333333333,0.3333333333333333
5,information_high,information,high,28,Female,Black,3,3,5,3.2,5,4.5,1,2,2,2,2,2,2,2,2,2,2,2,2,2,0.3333333333333333,0.6666666666666666,0.6666666666666666,0.6666666666666666,0.6666666666666666,0.6666666666666666,0.6666666666666666,0.6666666666666666,0.6666666666666666,0.6666666666666666,0.6666666666666666,0.6666666666666666,0.6666666666666666,0.6666666666666666
6,information_high,information,high,23,Female,Black,1,1,5,3.133,4,3.0,2,1,2,2,1,2,2,2,3,2,2,2,2,2,0.6666666666666666,0.3333333333333333,0.6666666666666666,0.6666666666666666,0.3333333333333333,0.6666666666666666,0.6666666666666666,0.6666666666666666,1.0,0.6666666666666666,0.6666666666666666,0.6666666666666666,0.6666666666666666,0.6666666666666666
7,information_high,information,high,45,Female,Mixed,3,5,5,3.533,4,2.0,0,0,1,1,1,1,1,1,1,1,1,1,1,1,0.0,0.0,0.3333333333333333,0.3333333333333333,0.3333333333333333,0.3333333333333333,0.3333333333333333,0.3333333333333333,0.3333333333333333,0.3333333333333333,0.3333333333333333,0.3333333333333333,0.3333333333333333,0.3333333333333333
8,information_high,information,high,31,Female,Black,3,1,5,3.533,5,6.5,0,0,0,0,0,0,0,0,0,0,0,0,0,0,0.0,0.0,0.0,0.0,0.0,0.0,0.0,0.0,0.0,0.0,0.0,0.0,0.0,0.0
9,information_high,information,high,38,Female,White,4,2,4,3.8,4,5.0,0,0,0,0,0,0,0,0,0,0,0,0,0,0,0.0,0.0,0.0,0.0,0.0,0.0,0.0,0.0,0.0,0.0,0.0,0.0,0.0,0.0
10,information_high,information,high,24,Male,White,1,1,3,2.133,4,-0.5,1,1,1,1,0,0,1,1,1,1,1,1,1,1,0.3333333333333333,0.3333333333333333,0.3333333333333333,0.3333333333333333,0.0,0.0,0.3333333333333333,0.3333333333333333,0.3333333333333333,0.3333333333333333,0.3333333333333333,0.3333333333333333,0.3333333333333333,0.3333333333333333
11,information_high,information,high,46,Female,Asian,5,1,5,3.4,4,2.0,0,0,0,0,0,0,0,0,0,0,0,0,0,0,0.0,0.0,0.0,0.0,0.0,0.0,0.0,0.0,0.0,0.0,0.0,0.0,0.0,0.0
12,information_high,information,high,25,Male,White,3,1,5,3.333,3,4.5,1,1,2,1,2,1,1,2,2,1,1,2,1,2,0.3333333333333333,0.3333333333333333,0.6666666666666666,0.3333333333333333,0.6666666666666666,0.3333333333333333,0.3333333333333333,0.6666666666666666,0.6666666666666666,0.3333333333333333,0.3333333333333333,0.6666666666666666,0.3333333333333333,0.6666666666666666
13,information_high,information,high,25,Male,Asian,4,1,5,3.6,4,5.0,1,1,1,0,0,0,0,0,0,0,0,0,0,0,0.3333333333333333,0.3333333333333333,0.3333333333333333,0.0,0.0,0.0,0.0,0.0,0.0,0.0,0.0,0.0,0.0,0.0
14,information_high,information,high,43,Male,White,2,5,3,2.733,5,-0.5,0,0,0,0,0,1,0,0,0,0,0,0,0,0,0.0,0.0,0.0,0.0,0.0,0.3333333333333333,0.0,0.0,0.0,0.0,0.0,0.0,0.0,0.0
15,information_high,information,high,49,Female,White,3,2,5,4.467,5,11.0,2,2,2,2,2,1,2,2,3,2,2,2,2,2,0.6666666666666666,0.6666666666666666,0.6666666666666666,0.6666666666666666,0.6666666666666666,0.3333333333333333,0.6666666666666666,0.6666666666666666,1.0,0.6666666666666666,0.6666666666666666,0.6666666666666666,0.6666666666666666,0.6666666666666666
16,information_high,information,high,58,Female,Asian,4,2,5,4.067,4,8.0,2,2,2,2,2,2,2,2,2,3,3,3,3,3,0.6666666666666666,0.6666666666666666,0.6666666666666666,0.6666666666666666,0.6666666666666666,0.6666666666666666,0.6666666666666666,0.6666666666666666,0.6666666666666666,1.0,1.0,1.0,1.0,1.0
17,information_high,information,high,28,Female,White,4,3,5,4.733,4,4.0,2,2,2,2,3,3,3,3,3,3,3,3,3,3,0.6666666666666666,0.6666666666666666,0.6666666666666666,0.6666666666666666,1.0,1.0,1.0,1.0,1.0,1.0,1.0,1.0,1.0,1.0
18,information_high,information,high,57,Male,Asian,3,4,5,3.733,4,0.5,1,1,2,1,1,1,1,1,1,2,2,1,1,1,0.3333333333333333,0.3333333333333333,0.6666666666666666,0.3333333333333333,0.3333333333333333,0.3333333333333333,0.3333333333333333,0.3333333333333333,0.3333333333333333,0.6666666666666666,0.6666666666666666,0.3333333333333333,0.3333333333333333,0.3333333333333333
19,information_high,information,high,26,Female,Black,2,2,5,4.333,5,12.5,3,2,2,3,2,2,2,2,2,2,2,2,2,2,1.0,0.6666666666666666,0.6666666666666666,1.0,0.6666666666666666,0.6666666666666666,0.6666666666666666,0.6666666666666666,0.6666666666666666,0.6666666666666666,0.6666666666666666,0.6666666666666666,0.6666666666666666,0.6666666666666666
20,information_high,information,high,22,Male,White,1,1,3,3.467,5,13.5,1,1,1,1,1,1,1,1,1,0,1,1,1,1,0.3333333333333333,0.3333333333333333,0.3333333333333333,0.3333333333333333,0.3333333333333333,0.3333333333333333,0.3333333333333333,0.3333333333333333,0.3333333333333333,0.0,0.3333333333333333,0.3333333333333333,0.3333333333333333,0.3333333333333333
21,information_high,information,high,32,Female,White,4,2,5,3.8,4,4.0,0,1,1,1,1,1,1,1,1,1,1,1,1,1,0.0,0.3333333333333333,0.3333333333333333,0.3333333333333333,0.3333333333333333,0.3333333333333333,0.3333333333333333,0.3333333333333333,0.3333333333333333,0.3333333333333333,0.3333333333333333,0.3333333333333333,0.3333333333333333,0.3333333333333333
22,information_high,information,high,25,Male,White,3,1,5,3.333,3,4.5,1,2,1,1,1,1,1,1,1,1,1,1,1,1,0.3333333333333333,0.6666666666666666,0.3333333333333333,0.3333333333333333,0.3333333333333333,0.3333333333333333,0.3333333333333333,0.3333333333333333,0.3333333333333333,0.3333333333333333,0.3333333333333333,0.3333333333333333,0.3333333333333333,0.3333333333333333
23,information_high,information,high,27,Female,Black,3,3,5,4.133,5,4.5,1,1,1,1,1,1,1,1,1,1,1,1,1,1,0.3333333333333333,0.3333333333333333,0.3333333333333333,0.3333333333333333,0.3333333333333333,0.3333333333333333,0.3333333333333333,0.3333333333333333,0.3333333333333333,0.3333333333333333,0.3333333333333333,0.3333333333333333,0.3333333333333333,0.3333333333333333
24,information_high,information,high,29,Male,Black,2,3,6,3.267,4,5.0,1,2,1,1,1,2,1,1,1,1,1,1,1,1,0.3333333333333333,0.6666666666666666,0.3333333333333333,0.3333333333333333,0.3333333333333333,0.6666666666666666,0.3333333333333333,0.3333333333333333,0.3333333333333333,0.3333333333333333,0.3333333333333333,0.3333333333333333,0.3333333333333333,0.3333333333333333
25,information_high,information,high,32,Male,White,3,3,5,3.533,4,0.5,0,1,0,1,0,1,0,0,0,1,0,0,0,0,0.0,0.3333333333333333,0.0,0.3333333333333333,0.0,0.3333333333333333,0.0,0.0,0.0,0.3333333333333333,0.0,0.0,0.0,0.0
26,information_high,information,high,38,Male,White,3,6,6,3.733,4,1.0,0,0,1,1,0,1,0,1,0,1,1,1,1,0,0.0,0.0,0.3333333333333333,0.3333333333333333,0.0,0.3333333333333333,0.0,0.3333333333333333,0.0,0.3333333333333333,0.3333333333333333,0.3333333333333333,0.3333333333333333,0.0
27,information_high,information,high,57,Female,White,2,2,4,3.933,4,3.0,0,0,1,1,1,1,1,1,1,0,1,1,1,1,0.0,0.0,0.3333333333333333,0.3333333333333333,0.3333333333333333,0.3333333333333333,0.3333333333333333,0.3333333333333333,0.3333333333333333,0.0,0.3333333333333333,0.3333333333333333,0.3333333333333333,0.3333333333333333
28,information_high,information,high,28,Female,Black,4,1,5,3.133,5,5.5,0,1,1,1,1,0,1,1,0,0,1,0,0,0,0.0,0.3333333333333333,0.3333333333333333,0.3333333333333333,0.3333333333333333,0.0,0.3333333333333333,0.3333333333333333,0.0,0.0,0.3333333333333333,0.0,0.0,0.0
29,information_high,information,high,37,Male,White,3,3,5,3.533,5,7.0,0,1,1,1,0,0,0,0,0,0,0,0,0,0,0.0,0.3333333333333333,0.3333333333333333,0.3333333333333333,0.0,0.0,0.0,0.0,0.0,0.0,0.0,0.0,0.0,0.0
30,information_high,information,high,40,Female,Black,4,2,4,3.733,4,7.0,0,1,1,1,1,0,0,0,0,0,0,0,0,0,0.0,0.3333333333333333,0.3333333333333333,0.3333333333333333,0.3333333333333333,0.0,0.0,0.0,0.0,0.0,0.0,0.0,0.0,0.0
31,information_high,information,high,25,Male,White,3,1,5,3.333,3,4.5,0,1,1,1,1,0,1,1,1,1,1,1,1,1,0.0,0.3333333333333333,0.3333333333333333,0.3333333333333333,0.3333333333333333,0.0,0.3333333333333333,0.3333333333333333,0.3333333333333333,0.3333333333333333,0.3333333333333333,0.3333333333333333,0.3333333333333333,0.3333333333333333
32,information_high,information,high,34,Female,Black,3,4,5,3.4,4,4.0,0,0,0,0,1,0,0,0,0,0,0,0,0,0,0.0,0.0,0.0,0.0,0.3333333333333333,0.0,0.0,0.0,0.0,0.0,0.0,0.0,0.0,0.0
33,information_high,information,high,32,Female,White,3,3,3,4.2,4,12.0,2,2,2,2,2,2,2,2,2,2,2,2,2,2,0.6666666666666666,0.6666666666666666,0.6666666666666666,0.6666666666666666,0.6666666666666666,0.6666666666666666,0.6666666666666666,0.6666666666666666,0.6666666666666666,0.6666666666666666,0.6666666666666666,0.6666666666666666,0.6666666666666666,0.6666666666666666
34,information_high,information,high,27,Female,Black,4,1,5,2.667,5,10.5,0,1,1,1,1,1,1,1,1,1,1,1,1,1,0.0,0.3333333333333333,0.3333333333333333,0.3333333333333333,0.3333333333333333,0.3333333333333333,0.3333333333333333,0.3333333333333333,0.3333333333333333,0.3333333333333333,0.3333333333333333,0.3333333333333333,0.3333333333333333,0.3333333333333333
35,information_high,information,high,25,Male,Black,2,6,6,3.333,4,-1.5,0,0,0,0,0,0,0,0,0,0,0,0,0,0,0.0,0.0,0.0,0.0,0.0,0.0,0.0,0.0,0.0,0.0,0.0,0.0,0.0,0.0
36,information_high,information,high,24,Male,White,4,1,3,2.4,3,3.5,0,0,0,0,0,0,0,0,0,0,0,0,0,0,0.0,0.0,0.0,0.0,0.0,0.0,0.0,0.0,0.0,0.0,0.0,0.0,0.0,0.0
37,information_high,information,high,28,Female,White,3,3,6,2.933,4,0.0,1,1,1,1,1,1,1,1,0,0,1,1,1,1,0.3333333333333333,0.3333333333333333,0.3333333333333333,0.3333333333333333,0.3333333333333333,0.3333333333333333,0.3333333333333333,0.3333333333333333,0.0,0.0,0.3333333333333333,0.3333333333333333,0.3333333333333333,0.3333333333333333
38,information_high,information,high,25,Male,Asian,1,1,5,3.333,4,1.5,0,1,0,0,0,0,0,0,0,0,0,0,0,0,0.0,0.3333333333333333,0.0,0.0,0.0,0.0,0.0,0.0,0.0,0.0,0.0,0.0,0.0,0.0
39,information_high,information,high,34,Female,Black,3,5,5,3.667,4,6.0,0,1,1,1,1,1,1,1,1,1,1,1,1,1,0.0,0.3333333333333333,0.3333333333333333,0.3333333333333333,0.3333333333333333,0.3333333333333333,0.3333333333333333,0.3333333333333333,0.3333333333333333,0.3333333333333333,0.3333333333333333,0.3333333333333333,0.3333333333333333,0.3333333333333333
40,information_high,information,high,44,Female,Black,3,2,5,3.2,5,11.0,0,1,1,1,1,3,1,1,1,1,1,1,1,1,0.0,0.3333333333333333,0.3333333333333333,0.3333333333333333,0.3333333333333333,1.0,0.3333333333333333,0.3333333333333333,0.3333333333333333,0.3333333333333333,0.3333333333333333,0.3333333333333333,0.3333333333333333,0.3333333333333333
41,information_high,information,high,48,Male,Other,3,3,5,3.8,5,8.5,2,1,2,2,2,2,2,2,3,2,2,2,2,2,0.6666666666666666,0.3333333333333333,0.6666666666666666,0.6666666666666666,0.6666666666666666,0.6666666666666666,0.6666666666666666,0.6666666666666666,1.0,0.6666666666666666,0.6666666666666666,0.6666666666666666,0.6666666666666666,0.6666666666666666
42,information_high,information,high,31,Male,Asian,3,1,5,3.333,5,0.0,1,1,1,1,1,1,1,1,1,1,1,1,1,1,0.3333333333333333,0.3333333333333333,0.3333333333333333,0.3333333333333333,0.3333333333333333,0.3333333333333333,0.3333333333333333,0.3333333333333333,0.3333333333333333,0.3333333333333333,0.3333333333333333,0.3333333333333333,0.3333333333333333,0.3333333333333333
43,information_high,information,high,26,Male,Black,4,1,4,3.267,5,5.5,1,1,1,1,1,1,1,1,1,1,1,1,1,1,0.3333333333333333,0.3333333333333333,0.3333333333333333,0.3333333333333333,0.3333333333333333,0.3333333333333333,0.3333333333333333,0.3333333333333333,0.3333333333333333,0.3333333333333333,0.3333333333333333,0.3333333333333333,0.3333333333333333,0.3333333333333333
44,information_high,information,high,24,Female,Black,2,6,5,3.467,5,8.5,1,2,1,1,1,2,1,2,2,2,2,2,2,2,0.3333333333333333,0.6666666666666666,0.3333333333333333,0.3333333333333333,0.3333333333333333,0.6666666666666666,0.3333333333333333,0.6666666666666666,0.6666666666666666,0.6666666666666666,0.6666666666666666,0.6666666666666666,0.6666666666666666,0.6666666666666666
45,information_high,information,high,26,Female,Black,2,1,5,3.0,4,3.0,1,1,1,1,2,1,1,1,3,1,1,1,1,1,0.3333333333333333,0.3333333333333333,0.3333333333333333,0.3333333333333333,0.6666666666666666,0.3333333333333333,0.3333333333333333,0.3333333333333333,1.0,0.3333333333333333,0.3333333333333333,0.3333333333333333,0.3333333333333333,0.3333333333333333
46,information_high,information,high,35,Female,Black,3,5,5,2.933,4,7.5,1,1,1,1,1,1,1,1,1,1,1,1,1,1,0.3333333333333333,0.3333333333333333,0.3333333333333333,0.3333333333333333,0.3333333333333333,0.3333333333333333,0.3333333333333333,0.3333333333333333,0.3333333333333333,0.3333333333333333,0.3333333333333333,0.3333333333333333,0.3333333333333333,0.3333333333333333
47,information_high,information,high,34,Male,Black,4,1,4,2.867,5,4.5,1,1,1,1,1,1,1,1,0,1,1,1,1,1,0.3333333333333333,0.3333333333333333,0.3333333333333333,0.3333333333333333,0.3333333333333333,0.3333333333333333,0.3333333333333333,0.3333333333333333,0.0,0.3333333333333333,0.3333333333333333,0.3333333333333333,0.3333333333333333,0.3333333333333333
48,information_high,information,high,24,Male,Black,3,3,3,3.4,2,-1.5,0,1,1,1,1,1,1,1,0,0,0,0,0,0,0.0,0.3333333333333333,0.3333333333333333,0.3333333333333333,0.3333333333333333,0.3333333333333333,0.3333333333333333,0.3333333333333333,0.0,0.0,0.0,0.0,0.0,0.0
49,information_high,information,high,39,Male,White,3,3,5,3.4,2,-1.5,1,1,1,1,1,1,1,1,1,1,1,1,1,1,0.3333333333333333,0.3333333333333333,0.3333333333333333,0.3333333333333333,0.3333333333333333,0.3333333333333333,0.3333333333333333,0.3333333333333333,0.3333333333333333,0.3333333333333333,0.3333333333333333,0.3333333333333333,0.3333333333333333,0.3333333333333333
50,information_high,information,high,22,Female,Other,1,2,3,4.067,4,-2.0,0,1,1,1,0,1,1,1,1,1,1,1,1,1,0.0,0.3333333333333333,0.3333333333333333,0.3333333333333333,0.0,0.3333333333333333,0.3333333333333333,0.3333333333333333,0.3333333333333333,0.3333333333333333,0.3333333333333333,0.3333333333333333,0.3333333333333333,0.3333333333333333
1,information_low,information,low,28,Female,White,1,1,5,4.8,5,12.0,3,2,2,2,2,2,2,2,3,2,2,2,2,2,1.0,0.6666666666666666,0.6666666666666666,0.6666666666666666,0.6666666666666666,0.6666666666666666,0.6666666666666666,0.6666666666666666,1.0,0.6666666666666666,0.6666666666666666,0.6666666666666666,0.6666666666666666,0.6666666666666666
2,information_low,information,low,24,Male,Black,1,3,5,2.733,5,8.5,0,0,0,0,0,0,0,0,0,0,0,0,0,0,0.0,0.0,0.0,0.0,0.0,0.0,0.0,0.0,0.0,0.0,0.0,0.0,0.0,0.0
3,information_low,information,low,22,Male,Other,1,1,5,3.533,5,3.0,1,2,0,0,0,0,0,0,0,0,0,0,0,0,0.3333333333333333,0.6666666666666666,0.0,0.0,0.0,0.0,0.0,0.0,0.0,0.0,0.0,0.0,0.0,0.0
4,information_low,information,low,55,Female,White,4,5,5,3.267,4,7.5,0,0,0,0,0,0,0,0,0,0,0,0,0,0,0.0,0.0,0.0,0.0,0.0,0.0,0.0,0.0,0.0,0.0,0.0,0.0,0.0,0.0
5,information_low,information,low,30,Female,Asian,3,2,5,4.067,5,5.0,0,1,0,0,1,1,0,0,0,0,0,0,0,0,0.0,0.3333333333333333,0.0,0.0,0.3333333333333333,0.3333333333333333,0.0,0.0,0.0,0.0,0.0,0.0,0.0,0.0
6,information_low,information,low,27,Male,White,3,2,5,3.467,3,-2.5,2,1,1,1,1,1,1,1,0,0,0,0,0,0,0.6666666666666666,0.3333333333333333,0.3333333333333333,0.3333333333333333,0.3333333333333333,0.3333333333333333,0.3333333333333333,0.3333333333333333,0.0,0.0,0.0,0.0,0.0,0.0
7,information_low,information,low,25,Female,Black,3,3,6,3.133,5,7.0,2,1,1,1,1,1,1,1,0,0,0,0,0,0,0.6666666666666666,0.3333333333333333,0.3333333333333333,0.3333333333333333,0.3333333333333333,0.3333333333333333,0.3333333333333333,0.3333333333333333,0.0,0.0,0.0,0.0,0.0,0.0
8,information_low,information,low,20,Male,Mixed,1,1,4,3.933,4,6.5,3,1,1,1,1,1,1,1,1,1,1,1,1,1,1.0,0.3333333333333333,0.3333333333333333,0.3333333333333333,0.3333333333333333,0.3333333333333333,0.3333333333333333,0.3333333333333333,0.3333333333333333,0.3333333333333333,0.3333333333333333,0.3333333333333333,0.3333333333333333,0.3333333333333333
9,information_low,information,low,37,Male,Asian,3,6,5,3.4,4,2.0,2,1,1,0,0,0,0,0,0,0,0,0,0,0,0.6666666666666666,0.3333333333333333,0.3333333333333333,0.0,0.0,0.0,0.0,0.0,0.0,0.0,0.0,0.0,0.0,0.0
10,information_low,information,low,59,Female,White,2,4,3,3.267,5,12.0,0,0,0,0,0,0,0,0,0,0,0,0,0,0,0.0,0.0,0.0,0.0,0.0,0.0,0.0,0.0,0.0,0.0,0.0,0.0,0.0,0.0
11,information_low,information,low,26,Male,Black,2,2,5,3.667,5,6.0,0,0,1,0,0,0,0,0,0,0,0,0,0,0,0.0,0.0,0.3333333333333333,0.0,0.0,0.0,0.0,0.0,0.0,0.0,0.0,0.0,0.0,0.0
12,information_low,information,low,26,Male,Asian,4,1,5,4.133,5,4.5,0,0,1,0,0,0,0,0,0,0,0,0,0,0,0.0,0.0,0.3333333333333333,0.0,0.0,0.0,0.0,0.0,0.0,0.0,0.0,0.0,0.0,0.0
13,information_low,information,low,48,Male,Black,3,2,4,3.6,4,1.5,0,0,0,0,0,0,0,0,0,0,0,0,0,0,0.0,0.0,0.0,0.0,0.0,0.0,0.0,0.0,0.0,0.0,0.0,0.0,0.0,0.0
14,information_low,information,low,23,Female,Black,2,1,4,2.933,5,1.5,0,1,0,0,0,0,0,0,0,0,0,0,0,0,0.0,0.3333333333333333,0.0,0.0,0.0,0.0,0.0,0.0,0.0,0.0,0.0,0.0,0.0,0.0
15,information_low,information,low,46,Female,Mixed,4,1,4,3.533,4,4.0,1,0,0,0,0,0,0,0,0,0,0,0,0,0,0.3333333333333333,0.0,0.0,0.0,0.0,0.0,0.0,0.0,0.0,0.0,0.0,0.0,0.0,0.0
16,information_low,information,low,26,Male,Asian,3,2,5,3.8,4,3.5,2,1,1,1,0,1,1,1,1,1,1,1,0,0,0.6666666666666666,0.3333333333333333,0.3333333333333333,0.3333333333333333,0.0,0.3333333333333333,0.3333333333333333,0.3333333333333333,0.3333333333333333,0.3333333333333333,0.3333333333333333,0.3333333333333333,0.0,0.0
17,information_low,information,low,32,Female,White,3,3,3,4.2,4,12.0,1,1,1,1,1,1,1,1,1,1,1,1,1,1,0.3333333333333333,0.3333333333333333,0.3333333333333333,0.3333333333333333,0.3333333333333333,0.3333333333333333,0.3333333333333333,0.3333333333333333,0.3333333333333333,0.3333333333333333,0.3333333333333333,0.3333333333333333,0.3333333333333333,0.3333333333333333
18,information_low,information,low,25,Male,Asian,1,1,5,3.333,4,1.5,0,0,0,0,0,0,0,0,0,0,0,0,0,0,0.0,0.0,0.0,0.0,0.0,0.0,0.0,0.0,0.0,0.0,0.0,0.0,0.0,0.0
19,information_low,information,low,31,Female,Black,3,1,5,3.533,5,6.5,0,0,0,0,0,0,0,0,0,0,0,0,0,0,0.0,0.0,0.0,0.0,0.0,0.0,0.0,0.0,0.0,0.0,0.0,0.0,0.0,0.0
20,information_low,information,low,28,Female,Black,4,2,5,3.067,4,4.5,0,0,0,0,0,0,0,0,0,0,0,0,0,0,0.0,0.0,0.0,0.0,0.0,0.0,0.0,0.0,0.0,0.0,0.0,0.0,0.0,0.0
21,information_low,information,low,55,Female,White,4,5,5,3.267,4,7.5,3,2,2,2,2,2,2,2,3,2,2,2,2,3,1.0,0.6666666666666666,0.6666666666666666,0.6666666666666666,0.6666666666666666,0.6666666666666666,0.6666666666666666,0.6666666666666666,1.0,0.6666666666666666,0.6666666666666666,0.6666666666666666,0.6666666666666666,1.0
22,information_low,information,low,35,Male,Black,3,3,6,3.533,4,9.5,3,2,2,2,2,2,2,2,3,3,3,3,3,3,1.0,0.6666666666666666,0.6666666666666666,0.6666666666666666,0.6666666666666666,0.6666666666666666,0.6666666666666666,0.6666666666666666,1.0,1.0,1.0,1.0,1.0,1.0
23,information_low,information,low,33,Male,Black,2,2,5,2.467,5,12.0,1,1,1,1,1,1,1,1,1,1,1,1,0,0,0.3333333333333333,0.3333333333333333,0.3333333333333333,0.3333333333333333,0.3333333333333333,0.3333333333333333,0.3333333333333333,0.3333333333333333,0.3333333333333333,0.3333333333333333,0.3333333333333333,0.3333333333333333,0.0,0.0
24,information_low,information,low,24,Female,Black,2,1,5,3.533,5,-1.5,3,1,1,1,1,1,1,1,1,0,0,0,0,0,1.0,0.3333333333333333,0.3333333333333333,0.3333333333333333,0.3333333333333333,0.3333333333333333,0.3333333333333333,0.3333333333333333,0.3333333333333333,0.0,0.0,0.0,0.0,0.0
25,information_low,information,low,30,Female,Mixed,3,2,4,3.8,5,12.0,0,0,0,0,0,0,0,0,0,0,0,0,0,0,0.0,0.0,0.0,0.0,0.0,0.0,0.0,0.0,0.0,0.0,0.0,0.0,0.0,0.0
26,information_low,information,low,26,Male,Asian,3,2,5,3.2,4,4.5,0,1,0,0,0,0,0,0,0,0,0,0,0,0,0.0,0.3333333333333333,0.0,0.0,0.0,0.0,0.0,0.0,0.0,0.0,0.0,0.0,0.0,0.0
27,information_low,information,low,27,Female,Black,3,3,5,4.133,5,4.5,0,0,0,0,0,0,0,0,0,0,0,0,0,0,0.0,0.0,0.0,0.0,0.0,0.0,0.0,0.0,0.0,0.0,0.0,0.0,0.0,0.0
28,information_low,information,low,27,Male,Black,2,3,5,3.067,5,6.0,1,1,1,1,1,1,1,1,0,0,0,0,0,0,0.3333333333333333,0.3333333333333333,0.3333333333333333,0.3333333333333333,0.3333333333333333,0.3333333333333333,0.3333333333333333,0.3333333333333333,0.0,0.0,0.0,0.0,0.0,0.0
29,information_low,information,low,21,Male,Asian,1,1,5,3.467,4,3.0,3,2,0,1,1,1,1,1,1,1,1,1,1,1,1.0,0.6666666666666666,0.0,0.3333333333333333,0.3333333333333333,0.3333333333333333,0.3333333333333333,0.3333333333333333,0.3333333333333333,0.3333333333333333,0.3333333333333333,0.3333333333333333,0.3333333333333333,0.3333333333333333
30,information_low,information,low,28,Female,White,1,1,5,4.8,5,12.0,1,2,0,1,1,1,1,1,1,1,1,1,1,1,0.3333333333333333,0.6666666666666666,0.0,0.3333333333333333,0.3333333333333333,0.3333333333333333,0.3333333333333333,0.3333333333333333,0.3333333333333333,0.3333333333333333,0.3333333333333333,0.3333333333333333,0.3333333333333333,0.3333333333333333
31,information_low,information,low,24,Male,White,3,2,5,3.267,5,3.5,1,1,1,1,1,1,1,1,0,0,0,0,0,0,0.3333333333333333,0.3333333333333333,0.3333333333333333,0.3333333333333333,0.3333333333333333,0.3333333333333333,0.3333333333333333,0.3333333333333333,0.0,0.0,0.0,0.0,0.0,0.0
32,information_low,information,low,24,Male,Asian,4,2,5,4.733,5,5.0,0,0,0,0,0,0,0,0,0,0,0,0,0,0,0.0,0.0,0.0,0.0,0.0,0.0,0.0,0.0,0.0,0.0,0.0,0.0,0.0,0.0
33,information_low,information,low,21,Male,White,4,1,5,3.467,5,-2.0,0,0,0,0,0,0,0,0,0,0,0,0,0,0,0.0,0.0,0.0,0.0,0.0,0.0,0.0,0.0,0.0,0.0,0.0,0.0,0.0,0.0
34,information_low,information,low,28,Male,Black,2,1,6,3.2,5,3.0,0,0,0,0,0,0,0,0,0,0,0,0,0,0,0.0,0.0,0.0,0.0,0.0,0.0,0.0,0.0,0.0,0.0,0.0,0.0,0.0,0.0
35,information_low,information,low,30,Male,Asian,3,2,6,3.8,2,-2.0,1,1,0,0,0,0,0,0,0,0,0,0,0,0,0.3333333333333333,0.3333333333333333,0.0,0.0,0.0,0.0,0.0,0.0,0.0,0.0,0.0,0.0,0.0,0.0
36,information_low,information,low,25,Male,Black,2,6,6,3.333,4,-1.5,0,0,0,0,0,0,0,0,0,0,0,0,0,0,0.0,0.0,0.0,0.0,0.0,0.0,0.0,0.0,0.0,0.0,0.0,0.0,0.0,0.0
37,information_low,information,low,26,Male,Asian,4,1,5,4.133,5,4.5,1,2,0,1,1,1,0,1,0,0,1,1,0,0,0.3333333333333333,0.6666666666666666,0.0,0.3333333333333333,0.3333333333333333,0.3333333333333333,0.0,0.3333333333333333,0.0,0.0,0.3333333333333333,0.3333333333333333,0.0,0.0
38,information_low,information,low,42,Male,White,3,4,6,4.2,4,2.0,0,0,1,0,0,0,0,0,0,0,0,0,0,0,0.0,0.0,0.3333333333333333,0.0,0.0,0.0,0.0,0.0,0.0,0.0,0.0,0.0,0.0,0.0
39,information_low,information,low,32,Male,White,5,3,3,3.467,3,4.0,1,1,0,0,0,0,0,0,0,0,0,0,0,0,0.3333333333333333,0.3333333333333333,0.0,0.0,0.0,0.0,0.0,0.0,0.0,0.0,0.0,0.0,0.0,0.0
40,information_low,information,low,26,Male,Asian,3,2,5,3.8,4,3.5,1,1,1,1,1,1,1,1,0,0,0,0,0,0,0.3333333333333333,0.3333333333333333,0.3333333333333333,0.3333333333333333,0.3333333333333333,0.3333333333333333,0.3333333333333333,0.3333333333333333,0.0,0.0,0.0,0.0,0.0,0.0
41,information_low,information,low,35,Female,Black,3,1,5,3.533,4,2.5,0,0,0,0,0,0,0,0,0,0,0,0,0,0,0.0,0.0,0.0,0.0,0.0,0.0,0.0,0.0,0.0,0.0,0.0,0.0,0.0,0.0
42,information_low,information,low,41,Female,White,4,2,3,3.6,4,5.5,1,1,1,1,1,1,1,1,0,0,0,0,0,0,0.3333333333333333,0.3333333333333333,0.3333333333333333,0.3333333333333333,0.3333333333333333,0.3333333333333333,0.3333333333333333,0.3333333333333333,0.0,0.0,0.0,0.0,0.0,0.0
43,information_low,information,low,49,Male,White,4,4,6,3.533,4,5.0,2,1,1,1,1,1,1,1,1,1,1,1,1,1,0.6666666666666666,0.3333333333333333,0.3333333333333333,0.3333333333333333,0.3333333333333333,0.3333333333333333,0.3333333333333333,0.3333333333333333,0.3333333333333333,0.3333333333333333,0.3333333333333333,0.3333333333333333,0.3333333333333333,0.3333333333333333
44,information_low,information,low,35,Male,Black,4,2,4,2.467,5,7.0,2,0,0,0,0,0,0,0,0,0,0,0,0,0,0.6666666666666666,0.0,0.0,0.0,0.0,0.0,0.0,0.0,0.0,0.0,0.0,0.0,0.0,0.0
45,information_low,information,low,23,Female,Black,3,6,5,3.333,4,0.0,0,1,0,0,0,0,0,0,0,0,0,0,0,0,0.0,0.3333333333333333,0.0,0.0,0.0,0.0,0.0,0.0,0.0,0.0,0.0,0.0,0.0,0.0
46,information_low,information,low,19,Male,White,4,2,5,3.867,4,2.0,1,1,0,1,0,0,0,0,0,0,0,0,0,0,0.3333333333333333,0.3333333333333333,0.0,0.3333333333333333,0.0,0.0,0.0,0.0,0.0,0.0,0.0,0.0,0.0,0.0
47,information_low,information,low,33,Male,White,3,4,6,3.4,4,1.0,0,0,0,0,0,0,0,0,0,0,0,0,0,0,0.0,0.0,0.0,0.0,0.0,0.0,0.0,0.0,0.0,0.0,0.0,0.0,0.0,0.0
48,information_low,information,low,32,Female,Black,3,2,5,3.333,5,6.0,1,1,1,1,1,1,1,1,0,0,0,0,0,0,0.3333333333333333,0.3333333333333333,0.3333333333333333,0.3333333333333333,0.3333333333333333,0.3333333333333333,0.3333333333333333,0.3333333333333333,0.0,0.0,0.0,0.0,0.0,0.0
49,information_low,information,low,24,Male,Black,2,5,5,2.467,5,7.0,1,1,1,1,1,1,1,1,0,0,0,0,0,0,0.3333333333333333,0.3333333333333333,0.3333333333333333,0.3333333333333333,0.3333333333333333,0.3333333333333333,0.3333333333333333,0.3333333333333333,0.0,0.0,0.0,0.0,0.0,0.0
50,information_low,information,low,47,Female,White,4,6,3,4.533,4,7.0,1,1,0,1,1,1,1,1,1,1,1,1,2,1,0.3333333333333333,0.3333333333333333,0.0,0.3333333333333333,0.3333333333333333,0.3333333333333333,0.3333333333333333,0.3333333333333333,0.3333333333333333,0.3333333333333333,0.3333333333333333,0.3333333333333333,0.6666666666666666,0.3333333333333333
1,information_medium,information,medium,30,Male,Black,4,2,5,3.267,5,4.0,0,0,0,0,0,0,0,0,0,0,0,0,0,0,0.0,0.0,0.0,0.0,0.0,0.0,0.0,0.0,0.0,0.0,0.0,0.0,0.0,0.0
2,information_medium,information,medium,26,Female,White,3,2,5,3.267,5,8.0,0,0,0,0,0,0,0,0,0,0,0,0,0,0,0.0,0.0,0.0,0.0,0.0,0.0,0.0,0.0,0.0,0.0,0.0,0.0,0.0,0.0
3,information_medium,information,medium,37,Male,White,4,1,3,2.933,4,6.5,0,0,0,0,0,0,0,0,0,0,0,0,0,0,0.0,0.0,0.0,0.0,0.0,0.0,0.0,0.0,0.0,0.0,0.0,0.0,0.0,0.0
4,information_medium,information,medium,41,Male,Black,2,3,5,2.533,4,7.0,1,1,1,1,0,1,1,0,0,1,0,0,1,0,0.3333333333333333,0.3333333333333333,0.3333333333333333,0.3333333333333333,0.0,0.3333333333333333,0.3333333333333333,0.0,0.0,0.3333333333333333,0.0,0.0,0.3333333333333333,0.0
5,information_medium,information,medium,41,Male,Black,3,6,5,2.4,5,2.5,0,0,0,0,0,0,0,0,0,0,0,0,0,0,0.0,0.0,0.0,0.0,0.0,0.0,0.0,0.0,0.0,0.0,0.0,0.0,0.0,0.0
6,information_medium,information,medium,41,Male,Black,5,1,5,3.667,5,3.0,1,1,1,1,1,1,1,1,1,1,1,1,1,1,0.3333333333333333,0.3333333333333333,0.3333333333333333,0.3333333333333333,0.3333333333333333,0.3333333333333333,0.3333333333333333,0.3333333333333333,0.3333333333333333,0.3333333333333333,0.3333333333333333,0.3333333333333333,0.3333333333333333,0.3333333333333333
7,information_medium,information,medium,61,Female,White,5,3,3,3.933,4,3.0,0,0,0,0,0,0,0,0,0,0,0,0,1,0,0.0,0.0,0.0,0.0,0.0,0.0,0.0,0.0,0.0,0.0,0.0,0.0,0.3333333333333333,0.0
8,information_medium,information,medium,24,Male,Black,5,1,3,2.867,4,0.0,0,0,0,1,0,0,0,0,0,0,0,0,0,0,0.0,0.0,0.0,0.3333333333333333,0.0,0.0,0.0,0.0,0.0,0.0,0.0,0.0,0.0,0.0
9,information_medium,information,medium,37,Female,White,2,5,5,2.867,4,4.0,1,0,0,1,0,0,1,0,0,1,2,0,1,1,0.3333333333333333,0.0,0.0,0.3333333333333333,0.0,0.0,0.3333333333333333,0.0,0.0,0.3333333333333333,0.6666666666666666,0.0,0.3333333333333333,0.3333333333333333
10,information_medium,information,medium,54,Female,White,3,3,3,4.0,5,6.0,2,1,1,3,2,1,2,2,2,2,3,1,3,2,0.6666666666666666,0.3333333333333333,0.3333333333333333,1.0,0.6666666666666666,0.3333333333333333,0.6666666666666666,0.6666666666666666,0.6666666666666666,0.6666666666666666,1.0,0.3333333333333333,1.0,0.6666666666666666
11,information_medium,information,medium,29,Male,White,3,3,5,3.8,4,-1.0,0,0,0,1,0,0,1,0,0,1,0,0,1,0,0.0,0.0,0.0,0.3333333333333333,0.0,0.0,0.3333333333333333,0.0,0.0,0.3333333333333333,0.0,0.0,0.3333333333333333,0.0
12,information_medium,information,medium,59,Female,White,2,4,3,3.267,5,12.0,0,0,0,0,0,0,0,0,0,0,0,0,0,0,0.0,0.0,0.0,0.0,0.0,0.0,0.0,0.0,0.0,0.0,0.0,0.0,0.0,0.0
13,information_medium,information,medium,24,Female,Black,1,1,5,3.933,5,12.0,0,0,0,1,0,0,1,0,0,1,0,0,1,1,0.0,0.0,0.0,0.3333333333333333,0.0,0.0,0.3333333333333333,0.0,0.0,0.3333333333333333,0.0,0.0,0.3333333333333333,0.3333333333333333
14,information_medium,information,medium,32,Female,Black,4,3,6,3.133,5,10.0,0,0,0,0,0,0,0,0,0,0,0,0,0,0,0.0,0.0,0.0,0.0,0.0,0.0,0.0,0.0,0.0,0.0,0.0,0.0,0.0,0.0
15,information_medium,information,medium,32,Male,Black,3,3,3,3.267,4,3.0,0,0,0,1,0,0,1,0,0,1,0,0,1,0,0.0,0.0,0.0,0.3333333333333333,0.0,0.0,0.3333333333333333,0.0,0.0,0.3333333333333333,0.0,0.0,0.3333333333333333,0.0
16,information_medium,information,medium,36,Female,Black,5,2,6,3.6,5,10.0,0,0,0,0,0,0,0,0,0,0,0,0,0,0,0.0,0.0,0.0,0.0,0.0,0.0,0.0,0.0,0.0,0.0,0.0,0.0,0.0,0.0
17,information_medium,information,medium,50,Male,Black,3,5,5,3.0,4,2.5,0,0,0,0,0,0,0,0,0,0,0,0,0,0,0.0,0.0,0.0,0.0,0.0,0.0,0.0,0.0,0.0,0.0,0.0,0.0,0.0,0.0
18,information_medium,information,medium,20,Female,Asian,4,1,5,3.4,4,-1.5,1,1,1,2,1,1,2,1,1,2,1,0,0,0,0.3333333333333333,0.3333333333333333,0.3333333333333333,0.6666666666666666,0.3333333333333333,0.3333333333333333,0.6666666666666666,0.3333333333333333,0.3333333333333333,0.6666666666666666,0.3333333333333333,0.0,0.0,0.0
19,information_medium,information,medium,26,Male,Black,3,1,5,3.667,5,4.5,0,0,0,1,0,0,0,0,0,0,0,0,0,0,0.0,0.0,0.0,0.3333333333333333,0.0,0.0,0.0,0.0,0.0,0.0,0.0,0.0,0.0,0.0
20,information_medium,information,medium,21,Male,Asian,1,2,5,4.533,1,12.0,0,0,0,0,0,0,0,0,0,0,0,0,0,0,0.0,0.0,0.0,0.0,0.0,0.0,0.0,0.0,0.0,0.0,0.0,0.0,0.0,0.0
21,information_medium,information,medium,46,Female,Black,2,3,5,3.133,4,5.5,1,1,0,2,1,1,1,1,1,1,1,0,1,1,0.3333333333333333,0.3333333333333333,0.0,0.6666666666666666,0.3333333333333333,0.3333333333333333,0.3333333333333333,0.3333333333333333,0.3333333333333333,0.3333333333333333,0.3333333333333333,0.0,0.3333333333333333,0.3333333333333333
22,information_medium,information,medium,49,Male,White,4,4,6,3.533,4,5.0,2,1,1,2,1,1,2,1,1,2,0,1,2,1,0.6666666666666666,0.3333333333333333,0.3333333333333333,0.6666666666666666,0.3333333333333333,0.3333333333333333,0.6666666666666666,0.3333333333333333,0.3333333333333333,0.6666666666666666,0.0,0.3333333333333333,0.6666666666666666,0.3333333333333333
23,information_medium,information,medium,28,Female,Black,2,4,5,4.133,5,8.0,1,1,1,1,1,1,1,1,1,1,0,0,0,0,0.3333333333333333,0.3333333333333333,0.3333333333333333,0.3333333333333333,0.3333333333333333,0.3333333333333333,0.3333333333333333,0.3333333333333333,0.3333333333333333,0.3333333333333333,0.0,0.0,0.0,0.0
24,information_medium,information,medium,23,Male,White,1,1,5,3.933,4,5.0,1,1,1,2,1,1,1,1,1,1,1,1,1,1,0.3333333333333333,0.3333333333333333,0.3333333333333333,0.6666666666666666,0.3333333333333333,0.3333333333333333,0.3333333333333333,0.3333333333333333,0.3333333333333333,0.3333333333333333,0.3333333333333333,0.3333333333333333,0.3333333333333333,0.3333333333333333
25,information_medium,information,medium,20,Male,Asian,4,4,5,3.333,4,2.5,1,1,0,1,1,1,1,1,1,1,1,1,1,1,0.3333333333333333,0.3333333333333333,0.0,0.3333333333333333,0.3333333333333333,0.3333333333333333,0.3333333333333333,0.3333333333333333,0.3333333333333333,0.3333333333333333,0.3333333333333333,0.3333333333333333,0.3333333333333333,0.3333333333333333
26,information_medium,information,medium,50,Male,White,3,6,5,4.533,5,12.0,2,2,2,2,2,2,2,2,2,2,2,3,3,2,0.6666666666666666,0.6666666666666666,0.6666666666666666,0.6666666666666666,0.6666666666666666,0.6666666666666666,0.6666666666666666,0.6666666666666666,0.6666666666666666,0.6666666666666666,0.6666666666666666,1.0,1.0,0.6666666666666666
27,information_medium,information,medium,27,Female,Black,4,1,3,3.133,5,10.0,0,0,0,1,0,0,0,0,0,0,0,0,0,0,0.0,0.0,0.0,0.3333333333333333,0.0,0.0,0.0,0.0,0.0,0.0,0.0,0.0,0.0,0.0
28,information_medium,information,medium,31,Female,Other,3,6,6,3.133,4,-4.5,0,0,0,0,0,0,0,0,0,0,0,0,0,0,0.0,0.0,0.0,0.0,0.0,0.0,0.0,0.0,0.0,0.0,0.0,0.0,0.0,0.0
29,information_medium,information,medium,28,Female,Black,1,1,6,3.133,5,4.0,1,1,1,1,1,1,1,1,1,1,1,0,1,0,0.3333333333333333,0.3333333333333333,0.3333333333333333,0.3333333333333333,0.3333333333333333,0.3333333333333333,0.3333333333333333,0.3333333333333333,0.3333333333333333,0.3333333333333333,0.3333333333333333,0.0,0.3333333333333333,0.0
30,information_medium,information,medium,23,Male,Other,4,5,3,3.8,4,1.5,0,0,0,0,0,0,0,0,0,0,0,0,0,0,0.0,0.0,0.0,0.0,0.0,0.0,0.0,0.0,0.0,0.0,0.0,0.0,0.0,0.0
31,information_medium,information,medium,23,Female,Asian,3,3,5,2.867,3,0.5,0,0,0,0,0,0,0,0,0,0,0,0,0,0,0.0,0.0,0.0,0.0,0.0,0.0,0.0,0.0,0.0,0.0,0.0,0.0,0.0,0.0
32,information_medium,information,medium,27,Female,Black,3,4,5,3.2,5,2.5,0,0,0,0,0,0,0,0,0,0,0,0,0,0,0.0,0.0,0.0,0.0,0.0,0.0,0.0,0.0,0.0,0.0,0.0,0.0,0.0,0.0
33,information_medium,information,medium,25,Male,Black,3,4,4,2.733,5,6.0,1,1,1,0,1,1,1,0,0,1,0,0,0,0,0.3333333333333333,0.3333333333333333,0.3333333333333333,0.0,0.3333333333333333,0.3333333333333333,0.3333333333333333,0.0,0.0,0.3333333333333333,0.0,0.0,0.0,0.0
34,information_medium,information,medium,27,Male,Other,3,5,5,3.8,5,5.0,1,1,1,1,1,1,1,1,1,1,0,0,1,1,0.3333333333333333,0.3333333333333333,0.3333333333333333,0.3333333333333333,0.3333333333333333,0.3333333333333333,0.3333333333333333,0.3333333333333333,0.3333333333333333,0.3333333333333333,0.0,0.0,0.3333333333333333,0.3333333333333333
35,information_medium,information,medium,31,Male,White,3,3,6,3.533,4,3.5,0,0,0,0,0,0,0,0,0,0,0,0,0,0,0.0,0.0,0.0,0.0,0.0,0.0,0.0,0.0,0.0,0.0,0.0,0.0,0.0,0.0
36,information_medium,information,medium,30,Male,White,3,3,5,3.533,4,0.5,0,0,0,0,0,0,0,0,0,0,0,0,0,0,0.0,0.0,0.0,0.0,0.0,0.0,0.0,0.0,0.0,0.0,0.0,0.0,0.0,0.0
37,information_medium,information,medium,19,Male,White,4,2,5,3.867,4,2.0,0,0,0,0,0,0,0,0,0,0,0,0,0,0,0.0,0.0,0.0,0.0,0.0,0.0,0.0,0.0,0.0,0.0,0.0,0.0,0.0,0.0
38,information_medium,information,medium,22,Male,Other,1,1,3,3.067,4,-2.5,1,1,1,1,0,1,1,0,0,1,0,0,1,1,0.3333333333333333,0.3333333333333333,0.3333333333333333,0.3333333333333333,0.0,0.3333333333333333,0.3333333333333333,0.0,0.0,0.3333333333333333,0.0,0.0,0.3333333333333333,0.3333333333333333
39,information_medium,information,medium,40,Female,Other,2,1,5,3.6,4,2.0,0,0,0,1,0,0,1,0,0,0,0,0,0,0,0.0,0.0,0.0,0.3333333333333333,0.0,0.0,0.3333333333333333,0.0,0.0,0.0,0.0,0.0,0.0,0.0
40,information_medium,information,medium,42,Female,Black,3,4,6,3.467,5,6.0,2,2,0,2,1,1,2,1,1,2,1,1,2,2,0.6666666666666666,0.6666666666666666,0.0,0.6666666666666666,0.3333333333333333,0.3333333333333333,0.6666666666666666,0.3333333333333333,0.3333333333333333,0.6666666666666666,0.3333333333333333,0.3333333333333333,0.6666666666666666,0.6666666666666666
41,information_medium,information,medium,53,Female,White,4,3,5,4.0,4,4.5,2,2,0,3,0,1,2,2,2,2,2,1,1,1,0.6666666666666666,0.6666666666666666,0.0,1.0,0.0,0.3333333333333333,0.6666666666666666,0.6666666666666666,0.6666666666666666,0.6666666666666666,0.6666666666666666,0.3333333333333333,0.3333333333333333,0.3333333333333333
42,information_medium,information,medium,39,Male,White,3,3,5,3.4,2,-1.5,1,0,0,1,1,0,1,1,0,1,1,0,1,1,0.3333333333333333,0.0,0.0,0.3333333333333333,0.3333333333333333,0.0,0.3333333333333333,0.3333333333333333,0.0,0.3333333333333333,0.3333333333333333,0.0,0.3333333333333333,0.3333333333333333
43,information_medium,information,medium,29,Male,Black,3,2,5,3.067,4,6.5,0,0,0,0,0,0,0,0,0,0,0,0,0,0,0.0,0.0,0.0,0.0,0.0,0.0,0.0,0.0,0.0,0.0,0.0,0.0,0.0,0.0
44,information_medium,information,medium,36,Female,Asian,3,6,6,4.4,5,7.5,0,0,0,1,0,0,1,0,0,1,0,0,1,0,0.0,0.0,0.0,0.3333333333333333,0.0,0.0,0.3333333333333333,0.0,0.0,0.3333333333333333,0.0,0.0,0.3333333333333333,0.0
45,information_medium,information,medium,25,Male,Black,3,3,5,2.267,5,4.0,0,0,0,0,0,0,0,0,0,0,0,0,0,0,0.0,0.0,0.0,0.0,0.0,0.0,0.0,0.0,0.0,0.0,0.0,0.0,0.0,0.0
46,information_medium,information,medium,36,Male,Asian,4,3,6,3.867,4,8.0,1,0,0,1,0,0,1,0,0,1,0,0,1,0,0.3333333333333333,0.0,0.0,0.3333333333333333,0.0,0.0,0.3333333333333333,0.0,0.0,0.3333333333333333,0.0,0.0,0.3333333333333333,0.0
47,information_medium,information,medium,20,Male,Other,1,2,3,3.733,4,0.0,1,1,0,3,1,0,2,0,0,2,0,0,2,0,0.3333333333333333,0.3333333333333333,0.0,1.0,0.3333333333333333,0.0,0.6666666666666666,0.0,0.0,0.6666666666666666,0.0,0.0,0.6666666666666666,0.0
48,information_medium,information,medium,60,Female,Black,2,6,7,3.467,4,7.5,0,0,0,0,0,0,0,0,0,0,0,0,0,0,0.0,0.0,0.0,0.0,0.0,0.0,0.0,0.0,0.0,0.0,0.0,0.0,0.0,0.0
49,information_medium,information,medium,31,Female,Other,4,2,5,3.2,4,5.0,2,2,1,3,2,2,2,2,2,3,2,2,3,2,0.6666666666666666,0.6666666666666666,0.3333333333333333,1.0,0.6666666666666666,0.6666666666666666,0.6666666666666666,0.6666666666666666,0.6666666666666666,1.0,0.6666666666666666,0.6666666666666666,1.0,0.6666666666666666
50,information_medium,information,medium,27,Male,Black,3,4,6,3.133,5,9.0,2,1,0,2,1,1,2,1,1,1,1,1,1,1,0.6666666666666666,0.3333333333333333,0.0,0.6666666666666666,0.3333333333333333,0.3333333333333333,0.6666666666666666,0.3333333333333333,0.3333333333333333,0.3333333333333333,0.3333333333333333,0.3333333333333333,0.3333333333333333,0.3333333333333333
1,structure_high,structure,high,34,Male,Asian,3,6,5,3.467,4,5.5,2,2,3,3,2,2,3,3,3,3,3,3,3,3,0.6666666666666666,0.6666666666666666,1.0,1.0,0.6666666666666666,0.6666666666666666,1.0,1.0,1.0,1.0,1.0,1.0,1.0,1.0
2,structure_high,structure,high,39,Male,White,5,1,3,3.733,5,10.5,2,2,2,2,3,2,2,2,2,2,3,3,3,3,0.6666666666666666,0.6666666666666666,0.6666666666666666,0.6666666666666666,1.0,0.6666666666666666,0.6666666666666666,0.6666666666666666,0.6666666666666666,0.6666666666666666,1.0,1.0,1.0,1.0
3,structure_high,structure,high,43,Male,White,3,6,5,4.2,5,6.0,3,3,3,3,3,3,3,3,3,3,3,3,3,3,1.0,1.0,1.0,1.0,1.0,1.0,1.0,1.0,1.0,1.0,1.0,1.0,1.0,1.0
4,structure_high,structure,high,29,Male,White,3,5,3,3.733,3,1.0,1,2,2,1,2,2,2,2,2,2,3,2,2,2,0.3333333333333333,0.6666666666666666,0.6666666666666666,0.3333333333333333,0.6666666666666666,0.6666666666666666,0.6666666666666666,0.6666666666666666,0.6666666666666666,0.6666666666666666,1.0,0.6666666666666666,0.6666666666666666,0.6666666666666666
5,structure_high,structure,high,66,Female,White,5,2,3,2.533,4,-3.0,3,2,2,2,1,1,1,1,1,1,3,1,2,1,1.0,0.6666666666666666,0.6666666666666666,0.6666666666666666,0.3333333333333333,0.3333333333333333,0.3333333333333333,0.3333333333333333,0.3333333333333333,0.3333333333333333,1.0,0.3333333333333333,0.6666666666666666,0.3333333333333333
6,structure_high,structure,high,38,Male,Black,3,4,6,2.733,4,2.5,1,1,1,2,3,2,2,2,2,2,3,2,2,2,0.3333333333333333,0.3333333333333333,0.3333333333333333,0.6666666666666666,1.0,0.6666666666666666,0.6666666666666666,0.6666666666666666,0.6666666666666666,0.6666666666666666,1.0,0.6666666666666666,0.6666666666666666,0.6666666666666666
7,structure_high,structure,high,32,Female,Asian,4,1,5,3.667,5,5.0,1,2,2,3,3,3,3,3,3,3,3,3,3,3,0.3333333333333333,0.6666666666666666,0.6666666666666666,1.0,1.0,1.0,1.0,1.0,1.0,1.0,1.0,1.0,1.0,1.0
8,structure_high,structure,high,18,Male,Asian,4,1,5,3.6,4,1.0,3,2,2,2,2,2,2,2,2,2,2,2,2,2,1.0,0.6666666666666666,0.6666666666666666,0.6666666666666666,0.6666666666666666,0.6666666666666666,0.6666666666666666,0.6666666666666666,0.6666666666666666,0.6666666666666666,0.6666666666666666,0.6666666666666666,0.6666666666666666,0.6666666666666666
9,structure_high,structure,high,35,Male,Black,3,3,6,3.533,4,9.5,1,3,3,3,3,3,3,3,3,3,3,3,3,3,0.3333333333333333,1.0,1.0,1.0,1.0,1.0,1.0,1.0,1.0,1.0,1.0,1.0,1.0,1.0
10,structure_high,structure,high,34,Female,Black,3,5,5,3.667,4,6.0,1,2,1,0,2,2,2,2,2,2,2,2,1,1,0.3333333333333333,0.6666666666666666,0.3333333333333333,0.0,0.6666666666666666,0.6666666666666666,0.6666666666666666,0.6666666666666666,0.6666666666666666,0.6666666666666666,0.6666666666666666,0.6666666666666666,0.3333333333333333,0.3333333333333333
11,structure_high,structure,high,48,Female,White,3,4,5,3.667,5,5.5,1,2,2,2,2,2,2,2,2,2,2,3,2,2,0.3333333333333333,0.6666666666666666,0.6666666666666666,0.6666666666666666,0.6666666666666666,0.6666666666666666,0.6666666666666666,0.6666666666666666,0.6666666666666666,0.6666666666666666,0.6666666666666666,1.0,0.6666666666666666,0.6666666666666666
12,structure_high,structure,high,37,Male,Black,2,6,6,3.333,4,1.5,3,3,3,3,3,3,3,3,3,3,3,3,3,3,1.0,1.0,1.0,1.0,1.0,1.0,1.0,1.0,1.0,1.0,1.0,1.0,1.0,1.0
13,structure_high,structure,high,47,Female,Black,3,6,7,3.467,5,6.0,1,2,1,3,0,0,1,1,1,1,0,0,1,2,0.3333333333333333,0.6666666666666666,0.3333333333333333,1.0,0.0,0.0,0.3333333333333333,0.3333333333333333,0.3333333333333333,0.3333333333333333,0.0,0.0,0.3333333333333333,0.6666666666666666
14,structure_high,structure,high,24,Female,Asian,1,2,5,3.8,4,4.0,2,2,2,3,2,2,2,2,2,2,2,2,2,2,0.6666666666666666,0.6666666666666666,0.6666666666666666,1.0,0.6666666666666666,0.6666666666666666,0.6666666666666666,0.6666666666666666,0.6666666666666666,0.6666666666666666,0.6666666666666666,0.6666666666666666,0.6666666666666666,0.6666666666666666
15,structure_high,structure,high,22,Male,Black,3,5,5,3.667,5,10.0,1,2,2,2,1,2,2,2,2,2,2,0,1,1,0.3333333333333333,0.6666666666666666,0.6666666666666666,0.6666666666666666,0.3333333333333333,0.6666666666666666,0.6666666666666666,0.6666666666666666,0.6666666666666666,0.6666666666666666,0.6666666666666666,0.0,0.3333333333333333,0.3333333333333333
16,structure_high,structure,high,29,Male,Black,3,4,5,3.4,4,0.5,2,2,3,3,3,3,3,3,3,3,3,3,3,3,0.6666666666666666,0.6666666666666666,1.0,1.0,1.0,1.0,1.0,1.0,1.0,1.0,1.0,1.0,1.0,1.0
17,structure_high,structure,high,39,Female,Black,3,3,4,3.333,4,6.0,2,2,2,2,2,2,2,2,2,2,2,2,2,2,0.6666666666666666,0.6666666666666666,0.6666666666666666,0.6666666666666666,0.6666666666666666,0.6666666666666666,0.6666666666666666,0.6666666666666666,0.6666666666666666,0.6666666666666666,0.6666666666666666,0.6666666666666666,0.6666666666666666,0.6666666666666666
18,structure_high,structure,high,18,Male,Asian,1,1,3,3.467,4,-2.0,1,2,2,3,3,1,2,2,2,2,3,3,2,2,0.3333333333333333,0.6666666666666666,0.6666666666666666,1.0,1.0,0.3333333333333333,0.6666666666666666,0.6666666666666666,0.6666666666666666,0.6666666666666666,1.0,1.0,0.6666666666666666,0.6666666666666666
19,structure_high,structure,high,29,Male,White,3,5,3,3.733,3,1.0,3,3,3,3,2,2,2,3,3,3,3,3,3,3,1.0,1.0,1.0,1.0,0.6666666666666666,0.6666666666666666,0.6666666666666666,1.0,1.0,1.0,1.0,1.0,1.0,1.0
20,structure_high,structure,high,25,Female,Black,3,1,5,3.867,4,3.5,3,3,3,3,3,3,3,3,3,3,3,3,3,3,1.0,1.0,1.0,1.0,1.0,1.0,1.0,1.0,1.0,1.0,1.0,1.0,1.0,1.0
21,structure_high,structure,high,54,Female,White,2,4,4,3.933,5,3.0,1,1,1,3,2,1,1,1,1,2,3,1,1,1,0.3333333333333333,0.3333333333333333,0.3333333333333333,1.0,0.6666666666666666,0.3333333333333333,0.3333333333333333,0.3333333333333333,0.3333333333333333,0.6666666666666666,1.0,0.3333333333333333,0.3333333333333333,0.3333333333333333
22,structure_high,structure,high,58,Male,Black,4,2,5,2.8,4,3.5,3,3,3,3,3,3,3,3,3,3,3,3,3,3,1.0,1.0,1.0,1.0,1.0,1.0,1.0,1.0,1.0,1.0,1.0,1.0,1.0,1.0
23,structure_high,structure,high,30,Female,Mixed,3,2,4,3.8,5,12.0,1,2,1,2,2,2,2,2,2,2,2,3,3,2,0.3333333333333333,0.6666666666666666,0.3333333333333333,0.6666666666666666,0.6666666666666666,0.6666666666666666,0.6666666666666666,0.6666666666666666,0.6666666666666666,0.6666666666666666,0.6666666666666666,1.0,1.0,0.6666666666666666
24,structure_high,structure,high,34,Male,Black,2,5,6,3.533,5,12.0,0,1,1,3,3,3,3,3,3,3,3,3,3,3,0.0,0.3333333333333333,0.3333333333333333,1.0,1.0,1.0,1.0,1.0,1.0,1.0,1.0,1.0,1.0,1.0
25,structure_high,structure,high,29,Male,Asian,1,1,2,2.933,2,4.5,2,2,2,2,2,2,2,2,2,2,3,3,3,3,0.6666666666666666,0.6666666666666666,0.6666666666666666,0.6666666666666666,0.6666666666666666,0.6666666666666666,0.6666666666666666,0.6666666666666666,0.6666666666666666,0.6666666666666666,1.0,1.0,1.0,1.0
26,structure_high,structure,high,39,Female,Black,3,3,4,3.333,4,6.0,2,2,2,1,1,1,1,1,1,1,1,3,1,0,0.6666666666666666,0.6666666666666666,0.6666666666666666,0.3333333333333333,0.3333333333333333,0.3333333333333333,0.3333333333333333,0.3333333333333333,0.3333333333333333,0.3333333333333333,0.3333333333333333,1.0,0.3333333333333333,0.0
27,structure_high,structure,high,21,Male,Asian,4,2,3,4.733,5,8.0,1,1,3,1,3,3,3,3,3,3,3,3,3,3,0.3333333333333333,0.3333333333333333,1.0,0.3333333333333333,1.0,1.0,1.0,1.0,1.0,1.0,1.0,1.0,1.0,1.0
28,structure_high,structure,high,29,Male,White,2,3,5,2.6,4,0.0,1,1,2,2,1,2,2,2,2,2,2,2,2,2,0.3333333333333333,0.3333333333333333,0.6666666666666666,0.6666666666666666,0.3333333333333333,0.6666666666666666,0.6666666666666666,0.6666666666666666,0.6666666666666666,0.6666666666666666,0.6666666666666666,0.6666666666666666,0.6666666666666666,0.6666666666666666
29,structure_high,structure,high,25,Female,Black,2,1,5,3.867,5,9.0,2,1,2,2,2,2,2,2,2,2,2,3,3,3,0.6666666666666666,0.3333333333333333,0.6666666666666666,0.6666666666666666,0.6666666666666666,0.6666666666666666,0.6666666666666666,0.6666666666666666,0.6666666666666666,0.6666666666666666,0.6666666666666666,1.0,1.0,1.0
30,structure_high,structure,high,48,Female,White,4,5,3,3.333,4,1.5,1,1,1,0,1,1,1,1,1,1,1,0,0,0,0.3333333333333333,0.3333333333333333,0.3333333333333333,0.0,0.3333333333333333,0.3333333333333333,0.3333333333333333,0.3333333333333333,0.3333333333333333,0.3333333333333333,0.3333333333333333,0.0,0.0,0.0
31,structure_high,structure,high,27,Female,Black,3,4,5,3.267,5,2.5,1,1,2,1,1,1,1,1,1,1,1,1,1,1,0.3333333333333333,0.3333333333333333,0.6666666666666666,0.3333333333333333,0.3333333333333333,0.3333333333333333,0.3333333333333333,0.3333333333333333,0.3333333333333333,0.3333333333333333,0.3333333333333333,0.3333333333333333,0.3333333333333333,0.3333333333333333
32,structure_high,structure,high,18,Female,White,1,1,3,3.133,5,4.5,1,2,1,0,1,1,2,1,1,1,3,2,1,1,0.3333333333333333,0.6666666666666666,0.3333333333333333,0.0,0.3333333333333333,0.3333333333333333,0.6666666666666666,0.3333333333333333,0.3333333333333333,0.3333333333333333,1.0,0.6666666666666666,0.3333333333333333,0.3333333333333333
33,structure_high,structure,high,49,Male,White,4,4,6,3.533,4,5.0,2,2,2,2,3,3,3,3,3,3,3,3,3,3,0.6666666666666666,0.6666666666666666,0.6666666666666666,0.6666666666666666,1.0,1.0,1.0,1.0,1.0,1.0,1.0,1.0,1.0,1.0
34,structure_high,structure,high,29,Female,Black,3,6,6,4.133,5,3.5,1,1,2,1,1,2,1,1,1,1,1,0,1,1,0.3333333333333333,0.3333333333333333,0.6666666666666666,0.3333333333333333,0.3333333333333333,0.6666666666666666,0.3333333333333333,0.3333333333333333,0.3333333333333333,0.3333333333333333,0.3333333333333333,0.0,0.3333333333333333,0.3333333333333333
35,structure_high,structure,high,42,Female,White,3,2,3,4.6,5,7.5,3,3,3,3,3,3,3,3,3,3,3,3,3,3,1.0,1.0,1.0,1.0,1.0,1.0,1.0,1.0,1.0,1.0,1.0,1.0,1.0,1.0
36,structure_high,structure,high,23,Female,White,3,3,6,3.867,4,0.0,3,3,3,3,3,3,3,3,3,3,3,3,3,3,1.0,1.0,1.0,1.0,1.0,1.0,1.0,1.0,1.0,1.0,1.0,1.0,1.0,1.0
37,structure_high,structure,high,35,Female,White,3,6,5,3.533,4,1.5,1,1,1,3,0,1,1,1,1,1,1,1,1,1,0.3333333333333333,0.3333333333333333,0.3333333333333333,1.0,0.0,0.3333333333333333,0.3333333333333333,0.3333333333333333,0.3333333333333333,0.3333333333333333,0.3333333333333333,0.3333333333333333,0.3333333333333333,0.3333333333333333
38,structure_high,structure,high,38,Male,Asian,3,2,5,3.267,4,7.0,1,2,2,1,3,2,2,2,2,2,3,3,3,3,0.3333333333333333,0.6666666666666666,0.6666666666666666,0.3333333333333333,1.0,0.6666666666666666,0.6666666666666666,0.6666666666666666,0.6666666666666666,0.6666666666666666,1.0,1.0,1.0,1.0
39,structure_high,structure,high,34,Male,Mixed,3,2,3,4.2,4,3.0,2,2,2,2,3,2,3,2,2,2,3,2,2,2,0.6666666666666666,0.6666666666666666,0.6666666666666666,0.6666666666666666,1.0,0.6666666666666666,1.0,0.6666666666666666,0.6666666666666666,0.6666666666666666,1.0,0.6666666666666666,0.6666666666666666,0.6666666666666666
40,structure_high,structure,high,38,Male,Asian,4,2,5,3.667,3,0.0,1,2,2,2,2,2,2,2,2,2,2,3,3,3,0.3333333333333333,0.6666666666666666,0.6666666666666666,0.6666666666666666,0.6666666666666666,0.6666666666666666,0.6666666666666666,0.6666666666666666,0.6666666666666666,0.6666666666666666,0.6666666666666666,1.0,1.0,1.0
41,structure_high,structure,high,35,Male,White,5,1,3,3.467,3,0.0,2,2,2,2,1,2,2,2,2,2,3,3,3,3,0.6666666666666666,0.6666666666666666,0.6666666666666666,0.6666666666666666,0.3333333333333333,0.6666666666666666,0.6666666666666666,0.6666666666666666,0.6666666666666666,0.6666666666666666,1.0,1.0,1.0,1.0
42,structure_high,structure,high,22,Male,White,1,1,3,3.467,5,13.5,1,2,1,1,1,1,1,1,1,1,1,2,1,2,0.3333333333333333,0.6666666666666666,0.3333333333333333,0.3333333333333333,0.3333333333333333,0.3333333333333333,0.3333333333333333,0.3333333333333333,0.3333333333333333,0.3333333333333333,0.3333333333333333,0.6666666666666666,0.3333333333333333,0.6666666666666666
43,structure_high,structure,high,37,Male,Asian,3,2,6,3.6,4,3.5,3,1,1,1,1,0,0,0,0,0,0,0,0,0,1.0,0.3333333333333333,0.3333333333333333,0.3333333333333333,0.3333333333333333,0.0,0.0,0.0,0.0,0.0,0.0,0.0,0.0,0.0
44,structure_high,structure,high,47,Female,White,4,6,3,4.533,4,7.0,1,2,2,2,3,3,3,3,3,3,3,3,3,3,0.3333333333333333,0.6666666666666666,0.6666666666666666,0.6666666666666666,1.0,1.0,1.0,1.0,1.0,1.0,1.0,1.0,1.0,1.0
45,structure_high,structure,high,25,Male,Mixed,4,1,5,2.667,4,0.0,1,1,1,1,3,2,1,1,1,1,3,2,2,2,0.3333333333333333,0.3333333333333333,0.3333333333333333,0.3333333333333333,1.0,0.6666666666666666,0.3333333333333333,0.3333333333333333,0.3333333333333333,0.3333333333333333,1.0,0.6666666666666666,0.6666666666666666,0.6666666666666666
46,structure_high,structure,high,29,Male,White,3,3,5,3.8,4,-1.0,1,1,1,0,1,1,1,1,1,1,1,1,1,1,0.3333333333333333,0.3333333333333333,0.3333333333333333,0.0,0.3333333333333333,0.3333333333333333,0.3333333333333333,0.3333333333333333,0.3333333333333333,0.3333333333333333,0.3333333333333333,0.3333333333333333,0.3333333333333333,0.3333333333333333
47,structure_high,structure,high,36,Female,Black,3,6,6,2.133,4,8.0,3,3,3,1,3,3,3,3,3,2,2,2,2,2,1.0,1.0,1.0,0.3333333333333333,1.0,1.0,1.0,1.0,1.0,0.6666666666666666,0.6666666666666666,0.6666666666666666,0.6666666666666666,0.6666666666666666
48,structure_high,structure,high,30,Female,Black,3,5,6,3.4,5,12.0,3,3,3,3,3,3,3,3,3,3,3,3,3,3,1.0,1.0,1.0,1.0,1.0,1.0,1.0,1.0,1.0,1.0,1.0,1.0,1.0,1.0
49,structure_high,structure,high,41,Male,Black,3,6,5,2.4,5,2.5,1,1,1,3,3,3,3,3,1,1,0,0,0,0,0.3333333333333333,0.3333333333333333,0.3333333333333333,1.0,1.0,1.0,1.0,1.0,0.3333333333333333,0.3333333333333333,0.0,0.0,0.0,0.0
50,structure_high,structure,high,24,Female,Asian,1,2,5,3.8,4,4.0,2,2,2,2,2,2,2,2,2,2,2,2,2,2,0.6666666666666666,0.6666666666666666,0.6666666666666666,0.6666666666666666,0.6666666666666666,0.6666666666666666,0.6666666666666666,0.6666666666666666,0.6666666666666666,0.6666666666666666,0.6666666666666666,0.6666666666666666,0.6666666666666666,0.6666666666666666
1,structure_low,structure,low,37,Female,White,3,2,6,4.4,4,9.0,2,0,0,0,0,0,0,0,0,0,0,0,0,0,0.6666666666666666,0.0,0.0,0.0,0.0,0.0,0.0,0.0,0.0,0.0,0.0,0.0,0.0,0.0
2,structure_low,structure,low,31,Male,Black,3,4,6,2.867,4,3.5,1,0,0,0,0,0,0,0,0,0,0,0,0,0,0.3333333333333333,0.0,0.0,0.0,0.0,0.0,0.0,0.0,0.0,0.0,0.0,0.0,0.0,0.0
3,structure_low,structure,low,21,Male,Asian,4,1,5,3.4,5,0.5,2,0,0,0,0,0,0,0,0,0,0,0,0,0,0.6666666666666666,0.0,0.0,0.0,0.0,0.0,0.0,0.0,0.0,0.0,0.0,0.0,0.0,0.0
4,structure_low,structure,low,20,Male,Asian,3,2,4,3.533,4,-2.0,1,0,0,0,0,0,0,0,0,0,0,0,0,0,0.3333333333333333,0.0,0.0,0.0,0.0,0.0,0.0,0.0,0.0,0.0,0.0,0.0,0.0,0.0
5,structure_low,structure,low,58,Male,Asian,5,5,5,4.0,4,3.5,3,0,0,0,0,0,0,0,0,0,0,0,0,0,1.0,0.0,0.0,0.0,0.0,0.0,0.0,0.0,0.0,0.0,0.0,0.0,0.0,0.0
6,structure_low,structure,low,37,Female,Black,2,6,6,3.267,4,-0.5,1,0,0,0,0,0,0,0,0,0,0,0,0,0,0.3333333333333333,0.0,0.0,0.0,0.0,0.0,0.0,0.0,0.0,0.0,0.0,0.0,0.0,0.0
7,structure_low,structure,low,32,Male,Asian,4,1,6,3.533,4,7.5,2,1,1,1,1,1,0,0,0,0,0,0,0,0,0.6666666666666666,0.3333333333333333,0.3333333333333333,0.3333333333333333,0.3333333333333333,0.3333333333333333,0.0,0.0,0.0,0.0,0.0,0.0,0.0,0.0
8,structure_low,structure,low,26,Male,Other,4,1,5,3.733,4,-2.5,1,0,0,0,0,0,0,0,0,0,0,0,0,0,0.3333333333333333,0.0,0.0,0.0,0.0,0.0,0.0,0.0,0.0,0.0,0.0,0.0,0.0,0.0
9,structure_low,structure,low,18,Male,Asian,1,1,3,3.6,4,3.0,3,0,0,0,0,0,0,0,0,0,0,0,0,0,1.0,0.0,0.0,0.0,0.0,0.0,0.0,0.0,0.0,0.0,0.0,0.0,0.0,0.0
10,structure_low,structure,low,39,Male,Black,3,5,5,3.067,4,5.0,1,0,0,0,0,0,0,0,0,0,0,0,0,0,0.3333333333333333,0.0,0.0,0.0,0.0,0.0,0.0,0.0,0.0,0.0,0.0,0.0,0.0,0.0
11,structure_low,structure,low,44,Male,Asian,3,5,5,4.067,4,0.5,1,0,0,0,0,0,0,0,0,0,0,0,0,0,0.3333333333333333,0.0,0.0,0.0,0.0,0.0,0.0,0.0,0.0,0.0,0.0,0.0,0.0,0.0
12,structure_low,structure,low,45,Male,Other,3,3,2,3.667,5,10.5,3,1,0,0,0,0,0,0,0,0,0,0,0,0,1.0,0.3333333333333333,0.0,0.0,0.0,0.0,0.0,0.0,0.0,0.0,0.0,0.0,0.0,0.0
13,structure_low,structure,low,47,Female,Mixed,3,1,5,3.8,4,6.0,1,0,0,0,0,0,0,0,0,0,0,0,0,0,0.3333333333333333,0.0,0.0,0.0,0.0,0.0,0.0,0.0,0.0,0.0,0.0,0.0,0.0,0.0
14,structure_low,structure,low,23,Male,White,3,3,5,4.067,4,3.0,1,0,0,0,0,0,0,0,0,0,0,0,0,0,0.3333333333333333,0.0,0.0,0.0,0.0,0.0,0.0,0.0,0.0,0.0,0.0,0.0,0.0,0.0
15,structure_low,structure,low,39,Male,Other,2,6,6,2.467,4,5.0,2,1,1,0,0,0,0,0,0,0,0,0,0,0,0.6666666666666666,0.3333333333333333,0.3333333333333333,0.0,0.0,0.0,0.0,0.0,0.0,0.0,0.0,0.0,0.0,0.0
16,structure_low,structure,low,44,Male,White,2,6,5,3.133,4,2.5,1,0,0,0,0,0,0,0,0,0,0,0,0,0,0.3333333333333333,0.0,0.0,0.0,0.0,0.0,0.0,0.0,0.0,0.0,0.0,0.0,0.0,0.0
17,structure_low,structure,low,40,Female,Black,4,2,4,3.733,4,7.0,1,0,0,0,0,0,0,0,0,0,0,0,0,0,0.3333333333333333,0.0,0.0,0.0,0.0,0.0,0.0,0.0,0.0,0.0,0.0,0.0,0.0,0.0
18,structure_low,structure,low,48,Female,White,4,4,5,3.8,4,3.5,3,0,0,0,0,0,0,0,0,0,0,0,0,0,1.0,0.0,0.0,0.0,0.0,0.0,0.0,0.0,0.0,0.0,0.0,0.0,0.0,0.0
19,structure_low,structure,low,61,Male,Black,2,6,6,2.8,5,1.5,3,0,0,0,0,0,0,0,0,0,0,0,0,0,1.0,0.0,0.0,0.0,0.0,0.0,0.0,0.0,0.0,0.0,0.0,0.0,0.0,0.0
20,structure_low,structure,low,23,Female,Black,2,4,5,3.267,5,6.5,1,0,0,0,0,0,0,0,0,0,0,0,0,0,0.3333333333333333,0.0,0.0,0.0,0.0,0.0,0.0,0.0,0.0,0.0,0.0,0.0,0.0,0.0
21,structure_low,structure,low,46,Female,White,2,1,5,3.267,5,1.0,3,0,0,0,0,0,0,0,0,0,0,0,0,0,1.0,0.0,0.0,0.0,0.0,0.0,0.0,0.0,0.0,0.0,0.0,0.0,0.0,0.0
22,structure_low,structure,low,21,Female,Asian,3,1,5,4.6,4,5.0,3,1,1,1,1,0,0,0,0,0,0,0,0,0,1.0,0.3333333333333333,0.3333333333333333,0.3333333333333333,0.3333333333333333,0.0,0.0,0.0,0.0,0.0,0.0,0.0,0.0,0.0
23,structure_low,structure,low,26,Female,Black,3,3,5,3.2,4,4.0,2,0,0,0,0,0,0,0,0,0,0,0,0,0,0.6666666666666666,0.0,0.0,0.0,0.0,0.0,0.0,0.0,0.0,0.0,0.0,0.0,0.0,0.0
24,structure_low,structure,low,40,Female,Black,3,1,4,3.467,4,0.0,1,0,0,0,0,0,0,0,0,0,0,0,0,0,0.3333333333333333,0.0,0.0,0.0,0.0,0.0,0.0,0.0,0.0,0.0,0.0,0.0,0.0,0.0
25,structure_low,structure,low,33,Male,Mixed,1,1,5,3.0,5,0.0,1,0,0,0,0,0,0,0,0,0,0,0,0,0,0.3333333333333333,0.0,0.0,0.0,0.0,0.0,0.0,0.0,0.0,0.0,0.0,0.0,0.0,0.0
26,structure_low,structure,low,22,Male,Other,3,1,5,2.733,5,0.5,1,0,0,0,0,0,0,0,0,0,0,0,0,0,0.3333333333333333,0.0,0.0,0.0,0.0,0.0,0.0,0.0,0.0,0.0,0.0,0.0,0.0,0.0
27,structure_low,structure,low,29,Male,Black,3,4,5,3.533,5,3.5,3,0,0,0,0,0,0,0,0,0,0,0,0,0,1.0,0.0,0.0,0.0,0.0,0.0,0.0,0.0,0.0,0.0,0.0,0.0,0.0,0.0
28,structure_low,structure,low,23,Male,White,3,2,3,3.4,4,1.0,1,0,0,0,0,0,0,0,0,0,0,0,0,0,0.3333333333333333,0.0,0.0,0.0,0.0,0.0,0.0,0.0,0.0,0.0,0.0,0.0,0.0,0.0
29,structure_low,structure,low,32,Male,White,4,1,5,2.933,4,3.5,1,0,0,0,0,0,0,0,0,0,0,0,0,0,0.3333333333333333,0.0,0.0,0.0,0.0,0.0,0.0,0.0,0.0,0.0,0.0,0.0,0.0,0.0
30,structure_low,structure,low,27,Male,Asian,3,1,5,4.2,4,5.5,3,0,0,0,0,0,0,0,0,0,0,0,0,0,1.0,0.0,0.0,0.0,0.0,0.0,0.0,0.0,0.0,0.0,0.0,0.0,0.0,0.0
31,structure_low,structure,low,25,Female,Asian,4,6,6,3.867,5,12.0,3,0,0,0,0,0,0,0,0,0,0,0,0,0,1.0,0.0,0.0,0.0,0.0,0.0,0.0,0.0,0.0,0.0,0.0,0.0,0.0,0.0
32,structure_low,structure,low,34,Female,Asian,5,1,5,4.067,5,6.0,1,0,0,0,0,0,0,0,0,0,0,0,0,0,0.3333333333333333,0.0,0.0,0.0,0.0,0.0,0.0,0.0,0.0,0.0,0.0,0.0,0.0,0.0
33,structure_low,structure,low,30,Male,Black,5,1,3,2.933,5,6.5,1,0,0,0,0,0,0,0,0,0,0,0,0,0,0.3333333333333333,0.0,0.0,0.0,0.0,0.0,0.0,0.0,0.0,0.0,0.0,0.0,0.0,0.0
34,structure_low,structure,low,29,Male,Black,3,1,5,2.867,5,5.5,1,0,0,0,0,0,0,0,0,0,0,0,0,0,0.3333333333333333,0.0,0.0,0.0,0.0,0.0,0.0,0.0,0.0,0.0,0.0,0.0,0.0,0.0
35,structure_low,structure,low,23,Female,Black,2,1,5,3.6,4,6.5,1,0,0,0,0,0,0,0,0,0,0,0,0,0,0.3333333333333333,0.0,0.0,0.0,0.0,0.0,0.0,0.0,0.0,0.0,0.0,0.0,0.0,0.0
36,structure_low,structure,low,33,Female,Asian,3,1,5,3.467,5,3.0,2,0,0,0,0,0,0,0,0,0,0,0,0,0,0.6666666666666666,0.0,0.0,0.0,0.0,0.0,0.0,0.0,0.0,0.0,0.0,0.0,0.0,0.0
37,structure_low,structure,low,24,Male,White,3,6,3,2.733,4,6.0,0,0,0,0,0,0,0,0,0,0,0,0,0,0,0.0,0.0,0.0,0.0,0.0,0.0,0.0,0.0,0.0,0.0,0.0,0.0,0.0,0.0
38,structure_low,structure,low,47,Female,Black,3,6,7,3.467,5,6.0,2,0,0,0,0,0,0,0,0,0,0,0,0,0,0.6666666666666666,0.0,0.0,0.0,0.0,0.0,0.0,0.0,0.0,0.0,0.0,0.0,0.0,0.0
39,structure_low,structure,low,26,Female,Black,3,6,6,3.467,4,1.5,0,0,0,0,0,0,0,0,0,0,0,0,0,0,0.0,0.0,0.0,0.0,0.0,0.0,0.0,0.0,0.0,0.0,0.0,0.0,0.0,0.0
40,structure_low,structure,low,55,Female,Asian,3,4,6,2.933,4,6.0,3,0,0,0,0,0,0,0,0,0,0,0,0,0,1.0,0.0,0.0,0.0,0.0,0.0,0.0,0.0,0.0,0.0,0.0,0.0,0.0,0.0
41,structure_low,structure,low,38,Female,Black,5,2,5,3.267,4,7.0,0,0,0,0,0,0,0,0,0,0,0,0,0,0,0.0,0.0,0.0,0.0,0.0,0.0,0.0,0.0,0.0,0.0,0.0,0.0,0.0,0.0
42,structure_low,structure,low,27,Female,White,5,1,3,2.933,4,3.5,1,0,0,0,0,0,0,0,0,0,0,0,0,0,0.3333333333333333,0.0,0.0,0.0,0.0,0.0,0.0,0.0,0.0,0.0,0.0,0.0,0.0,0.0
43,structure_low,structure,low,21,Male,Black,1,3,5,2.933,5,5.5,2,0,0,0,0,0,0,0,0,0,0,0,0,0,0.6666666666666666,0.0,0.0,0.0,0.0,0.0,0.0,0.0,0.0,0.0,0.0,0.0,0.0,0.0
44,structure_low,structure,low,33,Female,Other,2,3,6,4.267,4,-0.5,3,0,0,0,0,0,0,0,0,0,0,0,0,0,1.0,0.0,0.0,0.0,0.0,0.0,0.0,0.0,0.0,0.0,0.0,0.0,0.0,0.0
45,structure_low,structure,low,23,Male,White,2,3,4,3.867,5,6.0,3,0,0,0,0,0,0,0,0,0,0,0,0,0,1.0,0.0,0.0,0.0,0.0,0.0,0.0,0.0,0.0,0.0,0.0,0.0,0.0,0.0
46,structure_low,structure,low,22,Male,Black,2,6,5,3.0,5,-0.5,1,0,0,0,0,0,0,0,0,0,0,0,0,0,0.3333333333333333,0.0,0.0,0.0,0.0,0.0,0.0,0.0,0.0,0.0,0.0,0.0,0.0,0.0
47,structure_low,structure,low,28,Female,Black,3,2,5,3.467,4,4.5,3,1,0,1,0,0,0,0,0,0,0,0,0,0,1.0,0.3333333333333333,0.0,0.3333333333333333,0.0,0.0,0.0,0.0,0.0,0.0,0.0,0.0,0.0,0.0
48,structure_low,structure,low,42,Female,Black,3,4,6,3.467,5,6.0,2,0,0,0,0,0,0,0,0,0,0,0,0,0,0.6666666666666666,0.0,0.0,0.0,0.0,0.0,0.0,0.0,0.0,0.0,0.0,0.0,0.0,0.0
49,structure_low,structure,low,19,Male,Mixed,1,1,3,2.467,5,6.5,3,1,1,1,1,1,1,1,1,0,0,0,0,0,1.0,0.3333333333333333,0.3333333333333333,0.3333333333333333,0.3333333333333333,0.3333333333333333,0.3333333333333333,0.3333333333333333,0.3333333333333333,0.0,0.0,0.0,0.0,0.0
50,structure_low,structure,low,29,Female,Black,5,1,6,3.267,4,1.5,3,0,0,0,0,0,0,0,0,0,0,0,0,0,1.0,0.0,0.0,0.0,0.0,0.0,0.0,0.0,0.0,0.0,0.0,0.0,0.0,0.0
1,structure_medium,structure,medium,29,Male,Black,2,5,5,3.2,5,4.5,1,0,0,1,0,0,1,0,0,1,0,0,1,0,0.3333333333333333,0.0,0.0,0.3333333333333333,0.0,0.0,0.3333333333333333,0.0,0.0,0.3333333333333333,0.0,0.0,0.3333333333333333,0.0
2,structure_medium,structure,medium,42,Male,Mixed,3,4,7,3.333,5,3.5,2,1,0,2,0,1,2,0,0,2,0,0,2,0,0.6666666666666666,0.3333333333333333,0.0,0.6666666666666666,0.0,0.3333333333333333,0.6666666666666666,0.0,0.0,0.6666666666666666,0.0,0.0,0.6666666666666666,0.0
3,structure_medium,structure,medium,37,Female,Mixed,3,5,5,4.0,4,12.5,1,1,0,2,1,0,1,0,0,2,0,0,2,0,0.3333333333333333,0.3333333333333333,0.0,0.6666666666666666,0.3333333333333333,0.0,0.3333333333333333,0.0,0.0,0.6666666666666666,0.0,0.0,0.6666666666666666,0.0
4,structure_medium,structure,medium,28,Female,Black,2,4,5,4.133,5,8.0,2,0,0,2,0,0,2,0,0,2,0,0,2,0,0.6666666666666666,0.0,0.0,0.6666666666666666,0.0,0.0,0.6666666666666666,0.0,0.0,0.6666666666666666,0.0,0.0,0.6666666666666666,0.0
5,structure_medium,structure,medium,58,Male,Black,4,2,5,2.8,4,3.5,2,0,0,2,0,0,2,0,0,2,0,0,2,0,0.6666666666666666,0.0,0.0,0.6666666666666666,0.0,0.0,0.6666666666666666,0.0,0.0,0.6666666666666666,0.0,0.0,0.6666666666666666,0.0
6,structure_medium,structure,medium,22,Male,Other,1,1,3,3.067,4,-2.5,1,0,0,1,0,0,1,0,0,1,0,0,1,0,0.3333333333333333,0.0,0.0,0.3333333333333333,0.0,0.0,0.3333333333333333,0.0,0.0,0.3333333333333333,0.0,0.0,0.3333333333333333,0.0
7,structure_medium,structure,medium,22,Male,Asian,4,4,5,4.2,4,3.5,2,1,0,2,0,0,2,0,0,2,0,0,2,0,0.6666666666666666,0.3333333333333333,0.0,0.6666666666666666,0.0,0.0,0.6666666666666666,0.0,0.0,0.6666666666666666,0.0,0.0,0.6666666666666666,0.0
8,structure_medium,structure,medium,31,Male,Black,3,4,6,3.4,4,1.5,2,0,0,1,0,0,1,0,0,1,0,0,1,0,0.6666666666666666,0.0,0.0,0.3333333333333333,0.0,0.0,0.3333333333333333,0.0,0.0,0.3333333333333333,0.0,0.0,0.3333333333333333,0.0
9,structure_medium,structure,medium,30,Female,Black,3,4,6,3.133,4,0.0,2,1,0,1,0,0,2,0,0,2,0,0,2,0,0.6666666666666666,0.3333333333333333,0.0,0.3333333333333333,0.0,0.0,0.6666666666666666,0.0,0.0,0.6666666666666666,0.0,0.0,0.6666666666666666,0.0
10,structure_medium,structure,medium,29,Male,Mixed,4,1,3,4.867,3,-0.5,2,0,0,1,0,0,1,0,0,1,0,0,1,0,0.6666666666666666,0.0,0.0,0.3333333333333333,0.0,0.0,0.3333333333333333,0.0,0.0,0.3333333333333333,0.0,0.0,0.3333333333333333,0.0
11,structure_medium,structure,medium,28,Female,Black,4,1,5,3.133,5,5.5,2,1,0,2,0,0,1,0,0,1,0,0,1,0,0.6666666666666666,0.3333333333333333,0.0,0.6666666666666666,0.0,0.0,0.3333333333333333,0.0,0.0,0.3333333333333333,0.0,0.0,0.3333333333333333,0.0
12,structure_medium,structure,medium,34,Male,White,4,3,5,3.333,3,-2.0,1,0,0,1,0,0,1,0,0,1,0,0,1,0,0.3333333333333333,0.0,0.0,0.3333333333333333,0.0,0.0,0.3333333333333333,0.0,0.0,0.3333333333333333,0.0,0.0,0.3333333333333333,0.0
13,structure_medium,structure,medium,33,Female,Black,2,4,4,3.067,4,6.0,1,0,0,3,0,0,3,0,0,3,0,0,3,0,0.3333333333333333,0.0,0.0,1.0,0.0,0.0,1.0,0.0,0.0,1.0,0.0,0.0,1.0,0.0
14,structure_medium,structure,medium,48,Male,Other,3,3,5,3.8,5,8.5,3,1,0,2,1,0,2,0,0,2,0,0,2,0,1.0,0.3333333333333333,0.0,0.6666666666666666,0.3333333333333333,0.0,0.6666666666666666,0.0,0.0,0.6666666666666666,0.0,0.0,0.6666666666666666,0.0
15,structure_medium,structure,medium,24,Female,Black,3,2,5,3.4,4,9.0,2,0,0,1,0,0,1,0,0,1,0,0,1,0,0.6666666666666666,0.0,0.0,0.3333333333333333,0.0,0.0,0.3333333333333333,0.0,0.0,0.3333333333333333,0.0,0.0,0.3333333333333333,0.0
16,structure_medium,structure,medium,27,Male,Asian,3,3,5,3.267,5,4.0,2,0,0,1,0,0,1,0,0,1,0,0,1,0,0.6666666666666666,0.0,0.0,0.3333333333333333,0.0,0.0,0.3333333333333333,0.0,0.0,0.3333333333333333,0.0,0.0,0.3333333333333333,0.0
17,structure_medium,structure,medium,26,Female,Other,3,4,5,4.0,5,3.0,3,1,0,3,0,1,2,1,1,2,1,1,2,1,1.0,0.3333333333333333,0.0,1.0,0.0,0.3333333333333333,0.6666666666666666,0.3333333333333333,0.3333333333333333,0.6666666666666666,0.3333333333333333,0.3333333333333333,0.6666666666666666,0.3333333333333333
18,structure_medium,structure,medium,26,Male,Asian,4,1,5,4.133,5,4.5,1,0,0,2,0,0,1,0,0,1,0,0,1,0,0.3333333333333333,0.0,0.0,0.6666666666666666,0.0,0.0,0.3333333333333333,0.0,0.0,0.3333333333333333,0.0,0.0,0.3333333333333333,0.0
19,structure_medium,structure,medium,32,Male,White,3,4,5,3.4,3,1.5,1,0,0,1,0,0,1,0,0,1,0,0,1,0,0.3333333333333333,0.0,0.0,0.3333333333333333,0.0,0.0,0.3333333333333333,0.0,0.0,0.3333333333333333,0.0,0.0,0.3333333333333333,0.0
20,structure_medium,structure,medium,24,Male,Black,3,3,5,3.267,4,7.0,2,0,0,1,0,0,1,0,0,1,0,0,1,0,0.6666666666666666,0.0,0.0,0.3333333333333333,0.0,0.0,0.3333333333333333,0.0,0.0,0.3333333333333333,0.0,0.0,0.3333333333333333,0.0
21,structure_medium,structure,medium,35,Male,Black,3,3,6,3.533,4,9.5,1,0,0,1,0,0,1,0,0,1,0,0,1,0,0.3333333333333333,0.0,0.0,0.3333333333333333,0.0,0.0,0.3333333333333333,0.0,0.0,0.3333333333333333,0.0,0.0,0.3333333333333333,0.0
22,structure_medium,structure,medium,28,Female,Black,1,1,6,3.133,5,4.0,1,0,0,1,0,0,1,0,0,1,0,0,1,0,0.3333333333333333,0.0,0.0,0.3333333333333333,0.0,0.0,0.3333333333333333,0.0,0.0,0.3333333333333333,0.0,0.0,0.3333333333333333,0.0
23,structure_medium,structure,medium,24,Female,Black,2,6,5,3.467,5,8.5,1,0,0,2,0,0,1,0,0,1,0,0,1,0,0.3333333333333333,0.0,0.0,0.6666666666666666,0.0,0.0,0.3333333333333333,0.0,0.0,0.3333333333333333,0.0,0.0,0.3333333333333333,0.0
24,structure_medium,structure,medium,56,Male,White,3,4,3,2.533,5,8.0,1,0,0,1,0,0,1,0,0,1,0,0,1,0,0.3333333333333333,0.0,0.0,0.3333333333333333,0.0,0.0,0.3333333333333333,0.0,0.0,0.3333333333333333,0.0,0.0,0.3333333333333333,0.0
25,structure_medium,structure,medium,24,Male,Black,3,1,5,2.8,4,4.5,0,0,0,1,0,0,0,0,0,1,0,0,1,0,0.0,0.0,0.0,0.3333333333333333,0.0,0.0,0.0,0.0,0.0,0.3333333333333333,0.0,0.0,0.3333333333333333,0.0
26,structure_medium,structure,medium,24,Female,Asian,1,2,5,3.8,4,4.0,1,0,0,3,0,0,1,0,0,1,0,0,1,0,0.3333333333333333,0.0,0.0,1.0,0.0,0.0,0.3333333333333333,0.0,0.0,0.3333333333333333,0.0,0.0,0.3333333333333333,0.0
27,structure_medium,structure,medium,39,Male,White,2,6,5,3.6,4,3.0,3,1,1,3,0,0,3,0,0,3,0,0,3,0,1.0,0.3333333333333333,0.3333333333333333,1.0,0.0,0.0,1.0,0.0,0.0,1.0,0.0,0.0,1.0,0.0
28,structure_medium,structure,medium,28,Female,Black,4,1,5,3.133,5,5.5,1,0,0,1,0,0,1,0,0,1,0,0,1,0,0.3333333333333333,0.0,0.0,0.3333333333333333,0.0,0.0,0.3333333333333333,0.0,0.0,0.3333333333333333,0.0,0.0,0.3333333333333333,0.0
29,structure_medium,structure,medium,47,Female,White,2,4,5,4.667,5,12.0,1,0,0,1,0,0,1,0,0,1,0,0,1,0,0.3333333333333333,0.0,0.0,0.3333333333333333,0.0,0.0,0.3333333333333333,0.0,0.0,0.3333333333333333,0.0,0.0,0.3333333333333333,0.0
30,structure_medium,structure,medium,54,Male,White,5,5,4,1.8,3,0.0,2,0,0,2,0,0,2,0,0,2,0,0,2,0,0.6666666666666666,0.0,0.0,0.6666666666666666,0.0,0.0,0.6666666666666666,0.0,0.0,0.6666666666666666,0.0,0.0,0.6666666666666666,0.0
31,structure_medium,structure,medium,48,Female,Black,2,4,5,3.4,4,6.0,1,0,0,2,0,0,2,0,0,2,0,0,2,0,0.3333333333333333,0.0,0.0,0.6666666666666666,0.0,0.0,0.6666666666666666,0.0,0.0,0.6666666666666666,0.0,0.0,0.6666666666666666,0.0
32,structure_medium,structure,medium,28,Male,Black,4,3,6,2.8,4,1.5,1,0,0,1,0,0,1,0,0,1,0,0,1,0,0.3333333333333333,0.0,0.0,0.3333333333333333,0.0,0.0,0.3333333333333333,0.0,0.0,0.3333333333333333,0.0,0.0,0.3333333333333333,0.0
33,structure_medium,structure,medium,19,Female,Black,2,6,7,3.467,5,8.5,3,2,1,2,1,2,3,2,2,3,2,2,3,2,1.0,0.6666666666666666,0.3333333333333333,0.6666666666666666,0.3333333333333333,0.6666666666666666,1.0,0.6666666666666666,0.6666666666666666,1.0,0.6666666666666666,0.6666666666666666,1.0,0.6666666666666666
34,structure_medium,structure,medium,25,Male,Black,3,3,5,2.267,5,4.0,1,0,0,1,0,0,1,0,0,1,0,0,1,0,0.3333333333333333,0.0,0.0,0.3333333333333333,0.0,0.0,0.3333333333333333,0.0,0.0,0.3333333333333333,0.0,0.0,0.3333333333333333,0.0
35,structure_medium,structure,medium,25,Male,White,4,3,3,3.4,4,6.0,2,1,1,2,0,0,1,0,0,2,0,0,1,0,0.6666666666666666,0.3333333333333333,0.3333333333333333,0.6666666666666666,0.0,0.0,0.3333333333333333,0.0,0.0,0.6666666666666666,0.0,0.0,0.3333333333333333,0.0
36,structure_medium,structure,medium,27,Male,Black,3,1,5,2.933,4,5.5,2,0,0,1,0,0,1,0,0,1,0,0,1,0,0.6666666666666666,0.0,0.0,0.3333333333333333,0.0,0.0,0.3333333333333333,0.0,0.0,0.3333333333333333,0.0,0.0,0.3333333333333333,0.0
37,structure_medium,structure,medium,22,Male,Asian,4,1,5,3.4,5,0.0,1,0,0,1,0,0,0,0,0,1,0,0,0,0,0.3333333333333333,0.0,0.0,0.3333333333333333,0.0,0.0,0.0,0.0,0.0,0.3333333333333333,0.0,0.0,0.0,0.0
38,structure_medium,structure,medium,30,Male,White,3,6,5,4.0,4,-2.5,1,0,0,1,0,0,1,0,0,1,0,0,1,0,0.3333333333333333,0.0,0.0,0.3333333333333333,0.0,0.0,0.3333333333333333,0.0,0.0,0.3333333333333333,0.0,0.0,0.3333333333333333,0.0
39,structure_medium,structure,medium,25,Male,Asian,3,1,5,3.733,5,0.0,1,0,0,2,0,0,2,0,0,2,0,0,2,0,0.3333333333333333,0.0,0.0,0.6666666666666666,0.0,0.0,0.6666666666666666,0.0,0.0,0.6666666666666666,0.0,0.0,0.6666666666666666,0.0
40,structure_medium,structure,medium,24,Female,Black,2,1,5,3.533,5,-1.5,1,0,0,1,0,0,1,0,0,1,0,0,1,0,0.3333333333333333,0.0,0.0,0.3333333333333333,0.0,0.0,0.3333333333333333,0.0,0.0,0.3333333333333333,0.0,0.0,0.3333333333333333,0.0
41,structure_medium,structure,medium,39,Male,White,2,6,5,4.2,5,4.0,2,0,0,2,0,0,2,0,0,2,0,0,2,0,0.6666666666666666,0.0,0.0,0.6666666666666666,0.0,0.0,0.6666666666666666,0.0,0.0,0.6666666666666666,0.0,0.0,0.6666666666666666,0.0
42,structure_medium,structure,medium,21,Male,Asian,1,1,5,3.333,5,0.5,1,0,0,1,0,0,1,0,0,1,0,0,1,0,0.3333333333333333,0.0,0.0,0.3333333333333333,0.0,0.0,0.3333333333333333,0.0,0.0,0.3333333333333333,0.0,0.0,0.3333333333333333,0.0
43,structure_medium,structure,medium,29,Male,Black,3,2,5,3.067,4,6.0,1,0,0,1,0,0,1,0,0,1,0,0,1,0,0.3333333333333333,0.0,0.0,0.3333333333333333,0.0,0.0,0.3333333333333333,0.0,0.0,0.3333333333333333,0.0,0.0,0.3333333333333333,0.0
44,structure_medium,structure,medium,31,Female,White,2,1,7,2.733,4,0.0,1,0,0,1,0,0,1,0,0,1,0,0,1,0,0.3333333333333333,0.0,0.0,0.3333333333333333,0.0,0.0,0.3333333333333333,0.0,0.0,0.3333333333333333,0.0,0.0,0.3333333333333333,0.0
45,structure_medium,structure,medium,26,Male,Asian,3,2,5,3.8,5,4.0,1,0,0,2,0,1,2,0,0,2,0,0,2,0,0.3333333333333333,0.0,0.0,0.6666666666666666,0.0,0.3333333333333333,0.6666666666666666,0.0,0.0,0.6666666666666666,0.0,0.0,0.6666666666666666,0.0
46,structure_medium,structure,medium,27,Male,Black,4,1,3,3.267,4,6.5,2,0,0,2,0,0,2,0,0,2,0,0,2,0,0.6666666666666666,0.0,0.0,0.6666666666666666,0.0,0.0,0.6666666666666666,0.0,0.0,0.6666666666666666,0.0,0.0,0.6666666666666666,0.0
47,structure_medium,structure,medium,31,Female,Asian,2,3,5,4.0,4,4.0,2,0,0,1,0,0,1,0,0,1,0,0,1,0,0.6666666666666666,0.0,0.0,0.3333333333333333,0.0,0.0,0.3333333333333333,0.0,0.0,0.3333333333333333,0.0,0.0,0.3333333333333333,0.0
48,structure_medium,structure,medium,25,Male,White,3,4,6,3.067,4,1.0,1,0,0,1,0,0,1,0,0,1,0,0,0,0,0.3333333333333333,0.0,0.0,0.3333333333333333,0.0,0.0,0.3333333333333333,0.0,0.0,0.3333333333333333,0.0,0.0,0.0,0.0
49,structure_medium,structure,medium,48,Male,White,3,5,5,2.4,2,3.0,3,0,0,2,0,0,2,0,0,2,0,0,2,0,1.0,0.0,0.0,0.6666666666666666,0.0,0.0,0.6666666666666666,0.0,0.0,0.6666666666666666,0.0,0.0,0.6666666666666666,0.0
50,structure_medium,structure,medium,24,Male,Black,3,1,3,2.067,4,3.0,1,0,0,1,0,1,1,0,0,1,0,0,1,0,0.3333333333333333,0.0,0.0,0.3333333333333333,0.0,0.3333333333333333,0.3333333333333333,0.0,0.0,0.3333333333333333,0.0,0.0,0.3333333333333333,0.0
